cve_id,asset,cvss_score,epss_score,in_kev,risk_description
CVE-2024-38475,Apache HTTP Server,9.1,0.93858,True,CVE CVE-2024-38475 affects Apache HTTP Server. EPSS score 0.9386 indicates high exploitation probability. Actively exploited in the wild (CISA KEV confirmed).
CVE-2024-21412,Windows Server 2022,8.1,0.9377,True,CVE CVE-2024-21412 affects Windows Server 2022. EPSS score 0.9377 indicates high exploitation probability. Actively exploited in the wild (CISA KEV confirmed).
CVE-2024-21412,Windows 10 Pro,8.1,0.9377,True,CVE CVE-2024-21412 affects Windows 10 Pro. EPSS score 0.9377 indicates high exploitation probability. Actively exploited in the wild (CISA KEV confirmed).
CVE-2024-29059,Windows Server 2022,7.5,0.93718,True,CVE CVE-2024-29059 affects Windows Server 2022. EPSS score 0.9372 indicates high exploitation probability. Actively exploited in the wild (CISA KEV confirmed).
CVE-2024-29059,Windows 10 Pro,7.5,0.93718,True,CVE CVE-2024-29059 affects Windows 10 Pro. EPSS score 0.9372 indicates high exploitation probability. Actively exploited in the wild (CISA KEV confirmed).
CVE-2024-21413,Microsoft 365 Apps for Business,9.8,0.92962,True,CVE CVE-2024-21413 affects Microsoft 365 Apps for Business. EPSS score 0.9296 indicates high exploitation probability. Actively exploited in the wild (CISA KEV confirmed).
CVE-2024-38112,Windows Server 2022,7.5,0.92959,True,CVE CVE-2024-38112 affects Windows Server 2022. EPSS score 0.9296 indicates high exploitation probability. Actively exploited in the wild (CISA KEV confirmed).
CVE-2024-38112,Windows 10 Pro,7.5,0.92959,True,CVE CVE-2024-38112 affects Windows 10 Pro. EPSS score 0.9296 indicates high exploitation probability. Actively exploited in the wild (CISA KEV confirmed).
CVE-2024-43451,Windows Server 2022,6.5,0.90313,True,CVE CVE-2024-43451 affects Windows Server 2022. EPSS score 0.9031 indicates high exploitation probability. Actively exploited in the wild (CISA KEV confirmed).
CVE-2024-43451,Windows 10 Pro,6.5,0.90313,True,CVE CVE-2024-43451 affects Windows 10 Pro. EPSS score 0.9031 indicates high exploitation probability. Actively exploited in the wild (CISA KEV confirmed).
CVE-2024-30088,Windows Server 2022,7.0,0.87788,True,CVE CVE-2024-30088 affects Windows Server 2022. EPSS score 0.8779 indicates high exploitation probability. Actively exploited in the wild (CISA KEV confirmed).
CVE-2024-30088,Windows 10 Pro,7.0,0.87788,True,CVE CVE-2024-30088 affects Windows 10 Pro. EPSS score 0.8779 indicates high exploitation probability. Actively exploited in the wild (CISA KEV confirmed).
CVE-2024-49138,Windows Server 2022,7.8,0.84831,True,CVE CVE-2024-49138 affects Windows Server 2022. EPSS score 0.8483 indicates high exploitation probability. Actively exploited in the wild (CISA KEV confirmed).
CVE-2024-49138,Windows 10 Pro,7.8,0.84831,True,CVE CVE-2024-49138 affects Windows 10 Pro. EPSS score 0.8483 indicates high exploitation probability. Actively exploited in the wild (CISA KEV confirmed).
CVE-2025-21333,Windows Server 2022,7.8,0.82278,True,CVE CVE-2025-21333 affects Windows Server 2022. EPSS score 0.8228 indicates high exploitation probability. Actively exploited in the wild (CISA KEV confirmed).
CVE-2025-21333,Windows 10 Pro,7.8,0.82278,True,CVE CVE-2025-21333 affects Windows 10 Pro. EPSS score 0.8228 indicates high exploitation probability. Actively exploited in the wild (CISA KEV confirmed).
CVE-2024-37079,VMware vSphere,9.8,0.82045,True,CVE CVE-2024-37079 affects VMware vSphere. EPSS score 0.8205 indicates high exploitation probability. Actively exploited in the wild (CISA KEV confirmed).
CVE-2024-21338,Windows Server 2022,7.8,0.79142,True,CVE CVE-2024-21338 affects Windows Server 2022. EPSS score 0.7914 indicates high exploitation probability. Actively exploited in the wild (CISA KEV confirmed).
CVE-2024-21338,Windows 10 Pro,7.8,0.79142,True,CVE CVE-2024-21338 affects Windows 10 Pro. EPSS score 0.7914 indicates high exploitation probability. Actively exploited in the wild (CISA KEV confirmed).
CVE-2024-38812,VMware vSphere,9.8,0.77869,True,CVE CVE-2024-38812 affects VMware vSphere. EPSS score 0.7787 indicates high exploitation probability. Actively exploited in the wild (CISA KEV confirmed).
CVE-2024-38193,Windows Server 2022,7.8,0.73233,True,CVE CVE-2024-38193 affects Windows Server 2022. EPSS score 0.7323 indicates high exploitation probability. Actively exploited in the wild (CISA KEV confirmed).
CVE-2024-38193,Windows 10 Pro,7.8,0.73233,True,CVE CVE-2024-38193 affects Windows 10 Pro. EPSS score 0.7323 indicates high exploitation probability. Actively exploited in the wild (CISA KEV confirmed).
CVE-2025-59287,Windows Server 2022,9.8,0.69069,True,CVE CVE-2025-59287 affects Windows Server 2022. EPSS score 0.6907 indicates high exploitation probability. Actively exploited in the wild (CISA KEV confirmed).
CVE-2024-49039,Windows Server 2022,8.8,0.63673,True,CVE CVE-2024-49039 affects Windows Server 2022. EPSS score 0.6367 indicates high exploitation probability. Actively exploited in the wild (CISA KEV confirmed).
CVE-2024-49039,Windows 10 Pro,8.8,0.63673,True,CVE CVE-2024-49039 affects Windows 10 Pro. EPSS score 0.6367 indicates high exploitation probability. Actively exploited in the wild (CISA KEV confirmed).
CVE-2024-29988,Windows Server 2022,8.8,0.60504,True,CVE CVE-2024-29988 affects Windows Server 2022. EPSS score 0.6050 indicates high exploitation probability. Actively exploited in the wild (CISA KEV confirmed).
CVE-2024-29988,Windows 10 Pro,8.8,0.60504,True,CVE CVE-2024-29988 affects Windows 10 Pro. EPSS score 0.6050 indicates high exploitation probability. Actively exploited in the wild (CISA KEV confirmed).
CVE-2024-38213,Windows Server 2022,6.5,0.59323,True,CVE CVE-2024-38213 affects Windows Server 2022. EPSS score 0.5932 indicates high exploitation probability. Actively exploited in the wild (CISA KEV confirmed).
CVE-2024-38213,Windows 10 Pro,6.5,0.59323,True,CVE CVE-2024-38213 affects Windows 10 Pro. EPSS score 0.5932 indicates high exploitation probability. Actively exploited in the wild (CISA KEV confirmed).
CVE-2024-35250,Windows Server 2022,7.8,0.56833,True,CVE CVE-2024-35250 affects Windows Server 2022. EPSS score 0.5683 indicates high exploitation probability. Actively exploited in the wild (CISA KEV confirmed).
CVE-2024-35250,Windows 10 Pro,7.8,0.56833,True,CVE CVE-2024-35250 affects Windows 10 Pro. EPSS score 0.5683 indicates high exploitation probability. Actively exploited in the wild (CISA KEV confirmed).
CVE-2024-30051,Windows Server 2022,7.8,0.50844,True,CVE CVE-2024-30051 affects Windows Server 2022. EPSS score 0.5084 indicates high exploitation probability. Actively exploited in the wild (CISA KEV confirmed).
CVE-2024-30051,Windows 10 Pro,7.8,0.50844,True,CVE CVE-2024-30051 affects Windows 10 Pro. EPSS score 0.5084 indicates high exploitation probability. Actively exploited in the wild (CISA KEV confirmed).
CVE-2025-33053,Windows Server 2022,8.8,0.50282,True,CVE CVE-2025-33053 affects Windows Server 2022. EPSS score 0.5028 indicates high exploitation probability. Actively exploited in the wild (CISA KEV confirmed).
CVE-2025-33053,Windows 10 Pro,8.8,0.50282,True,CVE CVE-2025-33053 affects Windows 10 Pro. EPSS score 0.5028 indicates high exploitation probability. Actively exploited in the wild (CISA KEV confirmed).
CVE-2024-43572,Windows Server 2022,7.8,0.48941,True,CVE CVE-2024-43572 affects Windows Server 2022. EPSS score 0.4894 indicates high exploitation probability. Actively exploited in the wild (CISA KEV confirmed).
CVE-2024-43572,Windows 10 Pro,7.8,0.48941,True,CVE CVE-2024-43572 affects Windows 10 Pro. EPSS score 0.4894 indicates high exploitation probability. Actively exploited in the wild (CISA KEV confirmed).
CVE-2025-22224,VMware vSphere,9.3,0.47304,True,CVE CVE-2025-22224 affects VMware vSphere. EPSS score 0.4730 indicates high exploitation probability. Actively exploited in the wild (CISA KEV confirmed).
CVE-2025-2783,Google Chrome,8.3,0.4686,True,CVE CVE-2025-2783 affects Google Chrome. EPSS score 0.4686 indicates high exploitation probability. Actively exploited in the wild (CISA KEV confirmed).
CVE-2025-26633,Windows Server 2022,7.0,0.45325,True,CVE CVE-2025-26633 affects Windows Server 2022. EPSS score 0.4532 indicates high exploitation probability. Actively exploited in the wild (CISA KEV confirmed).
CVE-2025-26633,Windows 10 Pro,7.0,0.45325,True,CVE CVE-2025-26633 affects Windows 10 Pro. EPSS score 0.4532 indicates high exploitation probability. Actively exploited in the wild (CISA KEV confirmed).
CVE-2025-33073,Windows Server 2022,8.8,0.45283,True,CVE CVE-2025-33073 affects Windows Server 2022. EPSS score 0.4528 indicates high exploitation probability. Actively exploited in the wild (CISA KEV confirmed).
CVE-2025-33073,Windows 10 Pro,8.8,0.45283,True,CVE CVE-2025-33073 affects Windows 10 Pro. EPSS score 0.4528 indicates high exploitation probability. Actively exploited in the wild (CISA KEV confirmed).
CVE-2024-38189,Microsoft 365 Apps for Business,8.8,0.43662,True,CVE CVE-2024-38189 affects Microsoft 365 Apps for Business. EPSS score 0.4366 indicates high exploitation probability. Actively exploited in the wild (CISA KEV confirmed).
CVE-2024-26169,Windows Server 2022,7.8,0.34581,True,CVE CVE-2024-26169 affects Windows Server 2022. EPSS score 0.3458 indicates high exploitation probability. Actively exploited in the wild (CISA KEV confirmed).
CVE-2024-26169,Windows 10 Pro,7.8,0.34581,True,CVE CVE-2024-26169 affects Windows 10 Pro. EPSS score 0.3458 indicates high exploitation probability. Actively exploited in the wild (CISA KEV confirmed).
CVE-2026-21513,Windows Server 2022,8.8,0.31033,True,CVE CVE-2026-21513 affects Windows Server 2022. EPSS score 0.3103 indicates high exploitation probability. Actively exploited in the wild (CISA KEV confirmed).
CVE-2026-21513,Windows 10 Pro,8.8,0.31033,True,CVE CVE-2026-21513 affects Windows 10 Pro. EPSS score 0.3103 indicates high exploitation probability. Actively exploited in the wild (CISA KEV confirmed).
CVE-2024-38178,Windows Server 2022,7.5,0.30231,True,CVE CVE-2024-38178 affects Windows Server 2022. EPSS score 0.3023 indicates high exploitation probability. Actively exploited in the wild (CISA KEV confirmed).
CVE-2024-38178,Windows 10 Pro,7.5,0.30231,True,CVE CVE-2024-38178 affects Windows 10 Pro. EPSS score 0.3023 indicates high exploitation probability. Actively exploited in the wild (CISA KEV confirmed).
CVE-2024-38813,VMware vSphere,7.5,0.29526,True,CVE CVE-2024-38813 affects VMware vSphere. EPSS score 0.2953 indicates high exploitation probability. Actively exploited in the wild (CISA KEV confirmed).
CVE-2024-7965,Google Chrome,8.8,0.23757,True,CVE CVE-2024-7965 affects Google Chrome. EPSS score 0.2376 indicates high exploitation probability. Actively exploited in the wild (CISA KEV confirmed).
CVE-2024-30040,Windows Server 2022,8.8,0.23487,True,CVE CVE-2024-30040 affects Windows Server 2022. EPSS score 0.2349 indicates high exploitation probability. Actively exploited in the wild (CISA KEV confirmed).
CVE-2024-30040,Windows 10 Pro,8.8,0.23487,True,CVE CVE-2024-30040 affects Windows 10 Pro. EPSS score 0.2349 indicates high exploitation probability. Actively exploited in the wild (CISA KEV confirmed).
CVE-2026-2441,Google Chrome,8.8,0.23127,True,CVE CVE-2026-2441 affects Google Chrome. EPSS score 0.2313 indicates high exploitation probability. Actively exploited in the wild (CISA KEV confirmed).
CVE-2025-30397,Windows Server 2022,7.5,0.20737,True,CVE CVE-2025-30397 affects Windows Server 2022. EPSS score 0.2074 indicates high exploitation probability. Actively exploited in the wild (CISA KEV confirmed).
CVE-2025-30397,Windows 10 Pro,7.5,0.20737,True,CVE CVE-2025-30397 affects Windows 10 Pro. EPSS score 0.2074 indicates high exploitation probability. Actively exploited in the wild (CISA KEV confirmed).
CVE-2026-21533,Windows Server 2022,7.8,0.20196,True,CVE CVE-2026-21533 affects Windows Server 2022. EPSS score 0.2020 indicates high exploitation probability. Actively exploited in the wild (CISA KEV confirmed).
CVE-2026-21533,Windows 10 Pro,7.8,0.20196,True,CVE CVE-2026-21533 affects Windows 10 Pro. EPSS score 0.2020 indicates high exploitation probability. Actively exploited in the wild (CISA KEV confirmed).
CVE-2024-43573,Windows Server 2022,6.5,0.17703,True,CVE CVE-2024-43573 affects Windows Server 2022. EPSS score 0.1770 indicates high exploitation probability. Actively exploited in the wild (CISA KEV confirmed).
CVE-2024-43573,Windows 10 Pro,6.5,0.17703,True,CVE CVE-2024-43573 affects Windows 10 Pro. EPSS score 0.1770 indicates high exploitation probability. Actively exploited in the wild (CISA KEV confirmed).
CVE-2024-38217,Windows Server 2022,5.4,0.13773,True,CVE CVE-2024-38217 affects Windows Server 2022. EPSS score 0.1377 indicates high exploitation probability. Actively exploited in the wild (CISA KEV confirmed).
CVE-2024-38217,Windows 10 Pro,5.4,0.13773,True,CVE CVE-2024-38217 affects Windows 10 Pro. EPSS score 0.1377 indicates high exploitation probability. Actively exploited in the wild (CISA KEV confirmed).
CVE-2024-38080,Windows Server 2022,7.8,0.13653,True,CVE CVE-2024-38080 affects Windows Server 2022. EPSS score 0.1365 indicates high exploitation probability. Actively exploited in the wild (CISA KEV confirmed).
CVE-2025-21418,Windows Server 2022,7.8,0.1327,True,CVE CVE-2025-21418 affects Windows Server 2022. EPSS score 0.1327 indicates high exploitation probability. Actively exploited in the wild (CISA KEV confirmed).
CVE-2025-21418,Windows 10 Pro,7.8,0.1327,True,CVE CVE-2025-21418 affects Windows 10 Pro. EPSS score 0.1327 indicates high exploitation probability. Actively exploited in the wild (CISA KEV confirmed).
CVE-2024-38014,Windows Server 2022,7.8,0.12828,True,CVE CVE-2024-38014 affects Windows Server 2022. EPSS score 0.1283 indicates high exploitation probability. Actively exploited in the wild (CISA KEV confirmed).
CVE-2024-38014,Windows 10 Pro,7.8,0.12828,True,CVE CVE-2024-38014 affects Windows 10 Pro. EPSS score 0.1283 indicates high exploitation probability. Actively exploited in the wild (CISA KEV confirmed).
CVE-2026-21509,Microsoft 365 Apps for Business,7.8,0.1253,True,CVE CVE-2026-21509 affects Microsoft 365 Apps for Business. EPSS score 0.1253 indicates high exploitation probability. Actively exploited in the wild (CISA KEV confirmed).
CVE-2026-34621,Adobe Acrobat Reader DC,8.6,0.12155,True,CVE CVE-2026-34621 affects Adobe Acrobat Reader DC. EPSS score 0.1216 indicates high exploitation probability. Actively exploited in the wild (CISA KEV confirmed).
CVE-2024-21351,Windows Server 2022,7.6,0.10667,True,CVE CVE-2024-21351 affects Windows Server 2022. EPSS score 0.1067 indicates high exploitation probability. Actively exploited in the wild (CISA KEV confirmed).
CVE-2024-21351,Windows 10 Pro,7.6,0.10667,True,CVE CVE-2024-21351 affects Windows 10 Pro. EPSS score 0.1067 indicates high exploitation probability. Actively exploited in the wild (CISA KEV confirmed).
CVE-2024-43461,Windows Server 2022,8.8,0.09898,True,CVE CVE-2024-43461 affects Windows Server 2022. EPSS score 0.0990 indicates moderate exploitation probability. Actively exploited in the wild (CISA KEV confirmed).
CVE-2024-43461,Windows 10 Pro,8.8,0.09898,True,CVE CVE-2024-43461 affects Windows 10 Pro. EPSS score 0.0990 indicates moderate exploitation probability. Actively exploited in the wild (CISA KEV confirmed).
CVE-2026-21525,Windows Server 2022,6.2,0.09386,True,CVE CVE-2026-21525 affects Windows Server 2022. EPSS score 0.0939 indicates moderate exploitation probability. Actively exploited in the wild (CISA KEV confirmed).
CVE-2026-21525,Windows 10 Pro,6.2,0.09386,True,CVE CVE-2026-21525 affects Windows 10 Pro. EPSS score 0.0939 indicates moderate exploitation probability. Actively exploited in the wild (CISA KEV confirmed).
CVE-2026-32202,Windows Server 2022,4.3,0.07888,True,CVE CVE-2026-32202 affects Windows Server 2022. EPSS score 0.0789 indicates moderate exploitation probability. Actively exploited in the wild (CISA KEV confirmed).
CVE-2026-32202,Windows 10 Pro,4.3,0.07888,True,CVE CVE-2026-32202 affects Windows 10 Pro. EPSS score 0.0789 indicates moderate exploitation probability. Actively exploited in the wild (CISA KEV confirmed).
CVE-2025-21335,Windows Server 2022,7.8,0.0765,True,CVE CVE-2025-21335 affects Windows Server 2022. EPSS score 0.0765 indicates moderate exploitation probability. Actively exploited in the wild (CISA KEV confirmed).
CVE-2025-21335,Windows 10 Pro,7.8,0.0765,True,CVE CVE-2025-21335 affects Windows 10 Pro. EPSS score 0.0765 indicates moderate exploitation probability. Actively exploited in the wild (CISA KEV confirmed).
CVE-2025-24054,Windows Server 2022,6.5,0.07639,True,CVE CVE-2025-24054 affects Windows Server 2022. EPSS score 0.0764 indicates moderate exploitation probability. Actively exploited in the wild (CISA KEV confirmed).
CVE-2025-24054,Windows 10 Pro,6.5,0.07639,True,CVE CVE-2025-24054 affects Windows 10 Pro. EPSS score 0.0764 indicates moderate exploitation probability. Actively exploited in the wild (CISA KEV confirmed).
CVE-2024-5274,Google Chrome,9.6,0.06642,True,CVE CVE-2024-5274 affects Google Chrome. EPSS score 0.0664 indicates moderate exploitation probability. Actively exploited in the wild (CISA KEV confirmed).
CVE-2025-21334,Windows Server 2022,7.8,0.05802,True,CVE CVE-2025-21334 affects Windows Server 2022. EPSS score 0.0580 indicates moderate exploitation probability. Actively exploited in the wild (CISA KEV confirmed).
CVE-2025-21334,Windows 10 Pro,7.8,0.05802,True,CVE CVE-2025-21334 affects Windows 10 Pro. EPSS score 0.0580 indicates moderate exploitation probability. Actively exploited in the wild (CISA KEV confirmed).
CVE-2025-21391,Windows Server 2022,7.1,0.04717,True,CVE CVE-2025-21391 affects Windows Server 2022. EPSS score 0.0472 indicates moderate exploitation probability. Actively exploited in the wild (CISA KEV confirmed).
CVE-2025-21391,Windows 10 Pro,7.1,0.04717,True,CVE CVE-2025-21391 affects Windows 10 Pro. EPSS score 0.0472 indicates moderate exploitation probability. Actively exploited in the wild (CISA KEV confirmed).
CVE-2026-21519,Windows Server 2022,7.8,0.04517,True,CVE CVE-2026-21519 affects Windows Server 2022. EPSS score 0.0452 indicates moderate exploitation probability. Actively exploited in the wild (CISA KEV confirmed).
CVE-2026-21519,Windows 10 Pro,7.8,0.04517,True,CVE CVE-2026-21519 affects Windows 10 Pro. EPSS score 0.0452 indicates moderate exploitation probability. Actively exploited in the wild (CISA KEV confirmed).
CVE-2026-21514,Microsoft 365 Apps for Business,7.8,0.04479,True,CVE CVE-2026-21514 affects Microsoft 365 Apps for Business. EPSS score 0.0448 indicates moderate exploitation probability. Actively exploited in the wild (CISA KEV confirmed).
CVE-2025-22226,VMware vSphere,7.1,0.04325,True,CVE CVE-2025-22226 affects VMware vSphere. EPSS score 0.0432 indicates moderate exploitation probability. Actively exploited in the wild (CISA KEV confirmed).
CVE-2025-24984,Windows Server 2022,4.6,0.04147,True,CVE CVE-2025-24984 affects Windows Server 2022. EPSS score 0.0415 indicates moderate exploitation probability. Actively exploited in the wild (CISA KEV confirmed).
CVE-2025-24984,Windows 10 Pro,4.6,0.04147,True,CVE CVE-2025-24984 affects Windows 10 Pro. EPSS score 0.0415 indicates moderate exploitation probability. Actively exploited in the wild (CISA KEV confirmed).
CVE-2026-21510,Windows Server 2022,8.8,0.0404,True,CVE CVE-2026-21510 affects Windows Server 2022. EPSS score 0.0404 indicates moderate exploitation probability. Actively exploited in the wild (CISA KEV confirmed).
CVE-2026-21510,Windows 10 Pro,8.8,0.0404,True,CVE CVE-2026-21510 affects Windows 10 Pro. EPSS score 0.0404 indicates moderate exploitation probability. Actively exploited in the wild (CISA KEV confirmed).
CVE-2025-59230,Windows Server 2022,7.8,0.03724,True,CVE CVE-2025-59230 affects Windows Server 2022. EPSS score 0.0372 indicates moderate exploitation probability. Actively exploited in the wild (CISA KEV confirmed).
CVE-2025-59230,Windows 10 Pro,7.8,0.03724,True,CVE CVE-2025-59230 affects Windows 10 Pro. EPSS score 0.0372 indicates moderate exploitation probability. Actively exploited in the wild (CISA KEV confirmed).
CVE-2025-5419,Google Chrome,8.8,0.03502,True,CVE CVE-2025-5419 affects Google Chrome. EPSS score 0.0350 indicates moderate exploitation probability. Actively exploited in the wild (CISA KEV confirmed).
CVE-2025-20352,Cisco IOS XE,7.7,0.03427,True,CVE CVE-2025-20352 affects Cisco IOS XE. EPSS score 0.0343 indicates moderate exploitation probability. Actively exploited in the wild (CISA KEV confirmed).
CVE-2026-20805,Windows Server 2022,5.5,0.03422,True,CVE CVE-2026-20805 affects Windows Server 2022. EPSS score 0.0342 indicates moderate exploitation probability. Actively exploited in the wild (CISA KEV confirmed).
CVE-2026-20805,Windows 10 Pro,5.5,0.03422,True,CVE CVE-2026-20805 affects Windows 10 Pro. EPSS score 0.0342 indicates moderate exploitation probability. Actively exploited in the wild (CISA KEV confirmed).
CVE-2024-38107,Windows Server 2022,7.8,0.03353,True,CVE CVE-2024-38107 affects Windows Server 2022. EPSS score 0.0335 indicates moderate exploitation probability. Actively exploited in the wild (CISA KEV confirmed).
CVE-2024-38107,Windows 10 Pro,7.8,0.03353,True,CVE CVE-2024-38107 affects Windows 10 Pro. EPSS score 0.0335 indicates moderate exploitation probability. Actively exploited in the wild (CISA KEV confirmed).
CVE-2024-4761,Google Chrome,8.8,0.03149,True,CVE CVE-2024-4761 affects Google Chrome. EPSS score 0.0315 indicates moderate exploitation probability. Actively exploited in the wild (CISA KEV confirmed).
CVE-2025-13223,Google Chrome,8.8,0.02804,True,CVE CVE-2025-13223 affects Google Chrome. EPSS score 0.0280 indicates moderate exploitation probability. Actively exploited in the wild (CISA KEV confirmed).
CVE-2025-24990,Windows Server 2022,7.8,0.02763,True,CVE CVE-2025-24990 affects Windows Server 2022. EPSS score 0.0276 indicates moderate exploitation probability. Actively exploited in the wild (CISA KEV confirmed).
CVE-2025-24990,Windows 10 Pro,7.8,0.02763,True,CVE CVE-2025-24990 affects Windows 10 Pro. EPSS score 0.0276 indicates moderate exploitation probability. Actively exploited in the wild (CISA KEV confirmed).
CVE-2025-62215,Windows Server 2022,7.0,0.02374,True,CVE CVE-2025-62215 affects Windows Server 2022. EPSS score 0.0237 indicates moderate exploitation probability. Actively exploited in the wild (CISA KEV confirmed).
CVE-2025-62215,Windows 10 Pro,7.0,0.02374,True,CVE CVE-2025-62215 affects Windows 10 Pro. EPSS score 0.0237 indicates moderate exploitation probability. Actively exploited in the wild (CISA KEV confirmed).
CVE-2025-24993,Windows Server 2022,7.8,0.02249,True,CVE CVE-2025-24993 affects Windows Server 2022. EPSS score 0.0225 indicates moderate exploitation probability. Actively exploited in the wild (CISA KEV confirmed).
CVE-2025-24993,Windows 10 Pro,7.8,0.02249,True,CVE CVE-2025-24993 affects Windows 10 Pro. EPSS score 0.0225 indicates moderate exploitation probability. Actively exploited in the wild (CISA KEV confirmed).
CVE-2025-24985,Windows Server 2022,7.8,0.02232,True,CVE CVE-2025-24985 affects Windows Server 2022. EPSS score 0.0223 indicates moderate exploitation probability. Actively exploited in the wild (CISA KEV confirmed).
CVE-2025-24985,Windows 10 Pro,7.8,0.02232,True,CVE CVE-2025-24985 affects Windows 10 Pro. EPSS score 0.0223 indicates moderate exploitation probability. Actively exploited in the wild (CISA KEV confirmed).
CVE-2025-62221,Windows Server 2022,7.8,0.02229,True,CVE CVE-2025-62221 affects Windows Server 2022. EPSS score 0.0223 indicates moderate exploitation probability. Actively exploited in the wild (CISA KEV confirmed).
CVE-2025-62221,Windows 10 Pro,7.8,0.02229,True,CVE CVE-2025-62221 affects Windows 10 Pro. EPSS score 0.0223 indicates moderate exploitation probability. Actively exploited in the wild (CISA KEV confirmed).
CVE-2025-32701,Windows Server 2022,7.8,0.01857,True,CVE CVE-2025-32701 affects Windows Server 2022. EPSS score 0.0186 indicates moderate exploitation probability. Actively exploited in the wild (CISA KEV confirmed).
CVE-2025-32701,Windows 10 Pro,7.8,0.01857,True,CVE CVE-2025-32701 affects Windows 10 Pro. EPSS score 0.0186 indicates moderate exploitation probability. Actively exploited in the wild (CISA KEV confirmed).
CVE-2025-6554,Google Chrome,8.1,0.0158,True,CVE CVE-2025-6554 affects Google Chrome. EPSS score 0.0158 indicates moderate exploitation probability. Actively exploited in the wild (CISA KEV confirmed).
CVE-2025-24991,Windows Server 2022,5.5,0.01561,True,CVE CVE-2025-24991 affects Windows Server 2022. EPSS score 0.0156 indicates moderate exploitation probability. Actively exploited in the wild (CISA KEV confirmed).
CVE-2025-24991,Windows 10 Pro,5.5,0.01561,True,CVE CVE-2025-24991 affects Windows 10 Pro. EPSS score 0.0156 indicates moderate exploitation probability. Actively exploited in the wild (CISA KEV confirmed).
CVE-2025-32706,Windows Server 2022,7.8,0.01119,True,CVE CVE-2025-32706 affects Windows Server 2022. EPSS score 0.0112 indicates moderate exploitation probability. Actively exploited in the wild (CISA KEV confirmed).
CVE-2025-32706,Windows 10 Pro,7.8,0.01119,True,CVE CVE-2025-32706 affects Windows 10 Pro. EPSS score 0.0112 indicates moderate exploitation probability. Actively exploited in the wild (CISA KEV confirmed).
CVE-2026-5281,Google Chrome,8.8,0.01066,True,CVE CVE-2026-5281 affects Google Chrome. EPSS score 0.0107 indicates moderate exploitation probability. Actively exploited in the wild (CISA KEV confirmed).
CVE-2024-4947,Google Chrome,9.6,0.00969,True,CVE CVE-2024-4947 affects Google Chrome. EPSS score 0.0097 indicates low exploitation probability. Actively exploited in the wild (CISA KEV confirmed).
CVE-2024-7971,Google Chrome,9.6,0.00962,True,CVE CVE-2024-7971 affects Google Chrome. EPSS score 0.0096 indicates low exploitation probability. Actively exploited in the wild (CISA KEV confirmed).
CVE-2026-3910,Google Chrome,8.8,0.00943,True,CVE CVE-2026-3910 affects Google Chrome. EPSS score 0.0094 indicates low exploitation probability. Actively exploited in the wild (CISA KEV confirmed).
CVE-2025-29824,Windows Server 2022,7.8,0.00922,True,CVE CVE-2025-29824 affects Windows Server 2022. EPSS score 0.0092 indicates low exploitation probability. Actively exploited in the wild (CISA KEV confirmed).
CVE-2025-29824,Windows 10 Pro,7.8,0.00922,True,CVE CVE-2025-29824 affects Windows 10 Pro. EPSS score 0.0092 indicates low exploitation probability. Actively exploited in the wild (CISA KEV confirmed).
CVE-2025-47827,Windows Server 2022,4.6,0.00916,True,CVE CVE-2025-47827 affects Windows Server 2022. EPSS score 0.0092 indicates low exploitation probability. Actively exploited in the wild (CISA KEV confirmed).
CVE-2025-47827,Windows 10 Pro,4.6,0.00916,True,CVE CVE-2025-47827 affects Windows 10 Pro. EPSS score 0.0092 indicates low exploitation probability. Actively exploited in the wild (CISA KEV confirmed).
CVE-2025-30400,Windows Server 2022,7.8,0.00907,True,CVE CVE-2025-30400 affects Windows Server 2022. EPSS score 0.0091 indicates low exploitation probability. Actively exploited in the wild (CISA KEV confirmed).
CVE-2025-30400,Windows 10 Pro,7.8,0.00907,True,CVE CVE-2025-30400 affects Windows 10 Pro. EPSS score 0.0091 indicates low exploitation probability. Actively exploited in the wild (CISA KEV confirmed).
CVE-2025-32709,Windows Server 2022,7.8,0.0076,True,CVE CVE-2025-32709 affects Windows Server 2022. EPSS score 0.0076 indicates low exploitation probability. Actively exploited in the wild (CISA KEV confirmed).
CVE-2025-32709,Windows 10 Pro,7.8,0.0076,True,CVE CVE-2025-32709 affects Windows 10 Pro. EPSS score 0.0076 indicates low exploitation probability. Actively exploited in the wild (CISA KEV confirmed).
CVE-2024-38106,Windows Server 2022,7.0,0.0075,True,CVE CVE-2024-38106 affects Windows Server 2022. EPSS score 0.0075 indicates low exploitation probability. Actively exploited in the wild (CISA KEV confirmed).
CVE-2024-38106,Windows 10 Pro,7.0,0.0075,True,CVE CVE-2024-38106 affects Windows 10 Pro. EPSS score 0.0075 indicates low exploitation probability. Actively exploited in the wild (CISA KEV confirmed).
CVE-2025-10585,Google Chrome,9.8,0.007,True,CVE CVE-2025-10585 affects Google Chrome. EPSS score 0.0070 indicates low exploitation probability. Actively exploited in the wild (CISA KEV confirmed).
CVE-2026-3909,Google Chrome,8.8,0.00454,True,CVE CVE-2026-3909 affects Google Chrome. EPSS score 0.0045 indicates low exploitation probability. Actively exploited in the wild (CISA KEV confirmed).
CVE-2024-0519,Google Chrome,8.8,0.00418,True,CVE CVE-2024-0519 affects Google Chrome. EPSS score 0.0042 indicates low exploitation probability. Actively exploited in the wild (CISA KEV confirmed).
CVE-2025-6558,Google Chrome,8.8,0.00325,True,CVE CVE-2025-6558 affects Google Chrome. EPSS score 0.0032 indicates low exploitation probability. Actively exploited in the wild (CISA KEV confirmed).
CVE-2025-14174,Google Chrome,8.8,0.00309,True,CVE CVE-2025-14174 affects Google Chrome. EPSS score 0.0031 indicates low exploitation probability. Actively exploited in the wild (CISA KEV confirmed).
CVE-2024-4671,Google Chrome,9.6,0.00182,True,CVE CVE-2024-4671 affects Google Chrome. EPSS score 0.0018 indicates low exploitation probability. Actively exploited in the wild (CISA KEV confirmed).
CVE-2024-4439,WordPress,7.2,0.90981,False,CVE CVE-2024-4439 affects WordPress. EPSS score 0.9098 indicates high exploitation probability. Not confirmed exploited in the wild.
CVE-2024-38472,Apache HTTP Server,7.5,0.90555,False,CVE CVE-2024-38472 affects Apache HTTP Server. EPSS score 0.9055 indicates high exploitation probability. Not confirmed exploited in the wild.
CVE-2024-38077,Windows Server 2022,9.8,0.89993,False,CVE CVE-2024-38077 affects Windows Server 2022. EPSS score 0.8999 indicates high exploitation probability. Not confirmed exploited in the wild.
CVE-2024-38063,Windows Server 2022,9.8,0.89413,False,CVE CVE-2024-38063 affects Windows Server 2022. EPSS score 0.8941 indicates high exploitation probability. Not confirmed exploited in the wild.
CVE-2024-38063,Windows 10 Pro,9.8,0.89413,False,CVE CVE-2024-38063 affects Windows 10 Pro. EPSS score 0.8941 indicates high exploitation probability. Not confirmed exploited in the wild.
CVE-2024-27316,Apache HTTP Server,7.5,0.89409,False,CVE CVE-2024-27316 affects Apache HTTP Server. EPSS score 0.8941 indicates high exploitation probability. Not confirmed exploited in the wild.
CVE-2024-43425,Moodle,8.1,0.89291,False,CVE CVE-2024-43425 affects Moodle. EPSS score 0.8929 indicates high exploitation probability. Not confirmed exploited in the wild.
CVE-2024-49113,Windows Server 2022,7.5,0.88639,False,CVE CVE-2024-49113 affects Windows Server 2022. EPSS score 0.8864 indicates high exploitation probability. Not confirmed exploited in the wild.
CVE-2024-49113,Windows 10 Pro,7.5,0.88639,False,CVE CVE-2024-49113 affects Windows 10 Pro. EPSS score 0.8864 indicates high exploitation probability. Not confirmed exploited in the wild.
CVE-2024-38473,Apache HTTP Server,8.1,0.88359,False,CVE CVE-2024-38473 affects Apache HTTP Server. EPSS score 0.8836 indicates high exploitation probability. Not confirmed exploited in the wild.
CVE-2024-26229,Windows Server 2022,7.8,0.85591,False,CVE CVE-2024-26229 affects Windows Server 2022. EPSS score 0.8559 indicates high exploitation probability. Not confirmed exploited in the wild.
CVE-2024-26229,Windows 10 Pro,7.8,0.85591,False,CVE CVE-2024-26229 affects Windows 10 Pro. EPSS score 0.8559 indicates high exploitation probability. Not confirmed exploited in the wild.
CVE-2024-49112,Windows Server 2022,9.8,0.81638,False,CVE CVE-2024-49112 affects Windows Server 2022. EPSS score 0.8164 indicates high exploitation probability. Not confirmed exploited in the wild.
CVE-2024-49112,Windows 10 Pro,9.8,0.81638,False,CVE CVE-2024-49112 affects Windows 10 Pro. EPSS score 0.8164 indicates high exploitation probability. Not confirmed exploited in the wild.
CVE-2024-38144,Windows Server 2022,8.8,0.79806,False,CVE CVE-2024-38144 affects Windows Server 2022. EPSS score 0.7981 indicates high exploitation probability. Not confirmed exploited in the wild.
CVE-2024-38144,Windows 10 Pro,8.8,0.79806,False,CVE CVE-2024-38144 affects Windows 10 Pro. EPSS score 0.7981 indicates high exploitation probability. Not confirmed exploited in the wild.
CVE-2025-21293,Windows Server 2022,8.8,0.75829,False,CVE CVE-2025-21293 affects Windows Server 2022. EPSS score 0.7583 indicates high exploitation probability. Not confirmed exploited in the wild.
CVE-2025-21293,Windows 10 Pro,8.8,0.75829,False,CVE CVE-2025-21293 affects Windows 10 Pro. EPSS score 0.7583 indicates high exploitation probability. Not confirmed exploited in the wild.
CVE-2024-0517,Google Chrome,8.8,0.75479,False,CVE CVE-2024-0517 affects Google Chrome. EPSS score 0.7548 indicates high exploitation probability. Not confirmed exploited in the wild.
CVE-2025-24071,Windows Server 2022,6.5,0.73522,False,CVE CVE-2025-24071 affects Windows Server 2022. EPSS score 0.7352 indicates high exploitation probability. Not confirmed exploited in the wild.
CVE-2025-21298,Windows Server 2022,9.8,0.72219,False,CVE CVE-2025-21298 affects Windows Server 2022. EPSS score 0.7222 indicates high exploitation probability. Not confirmed exploited in the wild.
CVE-2025-21298,Windows 10 Pro,9.8,0.72219,False,CVE CVE-2025-21298 affects Windows 10 Pro. EPSS score 0.7222 indicates high exploitation probability. Not confirmed exploited in the wild.
CVE-2024-38030,Windows Server 2022,6.5,0.67469,False,CVE CVE-2024-38030 affects Windows Server 2022. EPSS score 0.6747 indicates high exploitation probability. Not confirmed exploited in the wild.
CVE-2024-38030,Windows 10 Pro,6.5,0.67469,False,CVE CVE-2024-38030 affects Windows 10 Pro. EPSS score 0.6747 indicates high exploitation probability. Not confirmed exploited in the wild.
CVE-2024-22274,VMware vSphere,7.2,0.63465,False,CVE CVE-2024-22274 affects VMware vSphere. EPSS score 0.6347 indicates high exploitation probability. Not confirmed exploited in the wild.
CVE-2024-43532,Windows Server 2022,8.8,0.61411,False,CVE CVE-2024-43532 affects Windows Server 2022. EPSS score 0.6141 indicates high exploitation probability. Not confirmed exploited in the wild.
CVE-2024-43532,Windows 10 Pro,8.8,0.61411,False,CVE CVE-2024-43532 affects Windows 10 Pro. EPSS score 0.6141 indicates high exploitation probability. Not confirmed exploited in the wild.
CVE-2024-38148,Windows Server 2022,7.5,0.59743,False,CVE CVE-2024-38148 affects Windows Server 2022. EPSS score 0.5974 indicates high exploitation probability. Not confirmed exploited in the wild.
CVE-2024-38200,Microsoft 365 Apps for Business,6.5,0.58662,False,CVE CVE-2024-38200 affects Microsoft 365 Apps for Business. EPSS score 0.5866 indicates high exploitation probability. Not confirmed exploited in the wild.
CVE-2024-21409,Windows Server 2022,7.3,0.57623,False,CVE CVE-2024-21409 affects Windows Server 2022. EPSS score 0.5762 indicates high exploitation probability. Not confirmed exploited in the wild.
CVE-2024-21409,Windows 10 Pro,7.3,0.57623,False,CVE CVE-2024-21409 affects Windows 10 Pro. EPSS score 0.5762 indicates high exploitation probability. Not confirmed exploited in the wild.
CVE-2024-30085,Windows Server 2022,7.8,0.55239,False,CVE CVE-2024-30085 affects Windows Server 2022. EPSS score 0.5524 indicates high exploitation probability. Not confirmed exploited in the wild.
CVE-2024-30085,Windows 10 Pro,7.8,0.55239,False,CVE CVE-2024-30085 affects Windows 10 Pro. EPSS score 0.5524 indicates high exploitation probability. Not confirmed exploited in the wild.
CVE-2024-26212,Windows Server 2022,7.5,0.53952,False,CVE CVE-2024-26212 affects Windows Server 2022. EPSS score 0.5395 indicates high exploitation probability. Not confirmed exploited in the wild.
CVE-2024-26230,Windows Server 2022,7.8,0.53184,False,CVE CVE-2024-26230 affects Windows Server 2022. EPSS score 0.5318 indicates high exploitation probability. Not confirmed exploited in the wild.
CVE-2024-26230,Windows 10 Pro,7.8,0.53184,False,CVE CVE-2024-26230 affects Windows 10 Pro. EPSS score 0.5318 indicates high exploitation probability. Not confirmed exploited in the wild.
CVE-2024-37081,VMware vSphere,7.8,0.49873,False,CVE CVE-2024-37081 affects VMware vSphere. EPSS score 0.4987 indicates high exploitation probability. Not confirmed exploited in the wild.
CVE-2024-20697,Windows Server 2022,7.3,0.49429,False,CVE CVE-2024-20697 affects Windows Server 2022. EPSS score 0.4943 indicates high exploitation probability. Not confirmed exploited in the wild.
CVE-2024-1939,Google Chrome,8.8,0.45835,False,CVE CVE-2024-1939 affects Google Chrome. EPSS score 0.4583 indicates high exploitation probability. Not confirmed exploited in the wild.
CVE-2025-32724,Windows Server 2022,7.5,0.44121,False,CVE CVE-2025-32724 affects Windows Server 2022. EPSS score 0.4412 indicates high exploitation probability. Not confirmed exploited in the wild.
CVE-2025-32724,Windows 10 Pro,7.5,0.44121,False,CVE CVE-2025-32724 affects Windows 10 Pro. EPSS score 0.4412 indicates high exploitation probability. Not confirmed exploited in the wild.
CVE-2025-21285,Windows Server 2022,7.5,0.43043,False,CVE CVE-2025-21285 affects Windows Server 2022. EPSS score 0.4304 indicates high exploitation probability. Not confirmed exploited in the wild.
CVE-2025-21285,Windows 10 Pro,7.5,0.43043,False,CVE CVE-2025-21285 affects Windows 10 Pro. EPSS score 0.4304 indicates high exploitation probability. Not confirmed exploited in the wild.
CVE-2025-33068,Windows Server 2022,7.5,0.42371,False,CVE CVE-2025-33068 affects Windows Server 2022. EPSS score 0.4237 indicates high exploitation probability. Not confirmed exploited in the wild.
CVE-2024-31211,WordPress,5.5,0.39711,False,CVE CVE-2024-31211 affects WordPress. EPSS score 0.3971 indicates high exploitation probability. Not confirmed exploited in the wild.
CVE-2025-49716,Windows Server 2022,7.5,0.39616,False,CVE CVE-2025-49716 affects Windows Server 2022. EPSS score 0.3962 indicates high exploitation probability. Not confirmed exploited in the wild.
CVE-2024-26256,Windows Server 2022,7.8,0.38757,False,CVE CVE-2024-26256 affects Windows Server 2022. EPSS score 0.3876 indicates high exploitation probability. Not confirmed exploited in the wild.
CVE-2024-29050,Windows Server 2022,8.4,0.38298,False,CVE CVE-2024-29050 affects Windows Server 2022. EPSS score 0.3830 indicates high exploitation probability. Not confirmed exploited in the wild.
CVE-2024-29050,Windows 10 Pro,8.4,0.38298,False,CVE CVE-2024-29050 affects Windows 10 Pro. EPSS score 0.3830 indicates high exploitation probability. Not confirmed exploited in the wild.
CVE-2025-21420,Windows Server 2022,7.8,0.38223,False,CVE CVE-2025-21420 affects Windows Server 2022. EPSS score 0.3822 indicates high exploitation probability. Not confirmed exploited in the wild.
CVE-2025-21420,Windows 10 Pro,7.8,0.38223,False,CVE CVE-2025-21420 affects Windows 10 Pro. EPSS score 0.3822 indicates high exploitation probability. Not confirmed exploited in the wild.
CVE-2024-26160,Windows Server 2022,5.5,0.38123,False,CVE CVE-2024-26160 affects Windows Server 2022. EPSS score 0.3812 indicates high exploitation probability. Not confirmed exploited in the wild.
CVE-2024-43642,Windows Server 2022,7.5,0.36498,False,CVE CVE-2024-43642 affects Windows Server 2022. EPSS score 0.3650 indicates high exploitation probability. Not confirmed exploited in the wild.
CVE-2025-26677,Windows Server 2022,7.5,0.35908,False,CVE CVE-2025-26677 affects Windows Server 2022. EPSS score 0.3591 indicates high exploitation probability. Not confirmed exploited in the wild.
CVE-2024-9955,Google Chrome,8.8,0.33501,False,CVE CVE-2024-9955 affects Google Chrome. EPSS score 0.3350 indicates high exploitation probability. Not confirmed exploited in the wild.
CVE-2024-38054,Windows Server 2022,7.8,0.3278,False,CVE CVE-2024-38054 affects Windows Server 2022. EPSS score 0.3278 indicates high exploitation probability. Not confirmed exploited in the wild.
CVE-2024-38054,Windows 10 Pro,7.8,0.3278,False,CVE CVE-2024-38054 affects Windows 10 Pro. EPSS score 0.3278 indicates high exploitation probability. Not confirmed exploited in the wild.
CVE-2024-21345,Windows Server 2022,8.8,0.31933,False,CVE CVE-2024-21345 affects Windows Server 2022. EPSS score 0.3193 indicates high exploitation probability. Not confirmed exploited in the wild.
CVE-2024-38100,Windows Server 2022,7.8,0.30763,False,CVE CVE-2024-38100 affects Windows Server 2022. EPSS score 0.3076 indicates high exploitation probability. Not confirmed exploited in the wild.
CVE-2025-21277,Windows Server 2022,7.5,0.30331,False,CVE CVE-2025-21277 affects Windows Server 2022. EPSS score 0.3033 indicates high exploitation probability. Not confirmed exploited in the wild.
CVE-2025-21277,Windows 10 Pro,7.5,0.30331,False,CVE CVE-2025-21277 affects Windows 10 Pro. EPSS score 0.3033 indicates high exploitation probability. Not confirmed exploited in the wild.
CVE-2024-21306,Windows Server 2022,5.7,0.29555,False,CVE CVE-2024-21306 affects Windows Server 2022. EPSS score 0.2955 indicates high exploitation probability. Not confirmed exploited in the wild.
CVE-2024-21306,Windows 10 Pro,5.7,0.29555,False,CVE CVE-2024-21306 affects Windows 10 Pro. EPSS score 0.2955 indicates high exploitation probability. Not confirmed exploited in the wild.
CVE-2024-43454,Windows Server 2022,7.1,0.28831,False,CVE CVE-2024-43454 affects Windows Server 2022. EPSS score 0.2883 indicates high exploitation probability. Not confirmed exploited in the wild.
CVE-2024-21378,Microsoft 365 Apps for Business,8.8,0.27314,False,CVE CVE-2024-21378 affects Microsoft 365 Apps for Business. EPSS score 0.2731 indicates high exploitation probability. Not confirmed exploited in the wild.
CVE-2024-26218,Windows Server 2022,7.8,0.27154,False,CVE CVE-2024-26218 affects Windows Server 2022. EPSS score 0.2715 indicates high exploitation probability. Not confirmed exploited in the wild.
CVE-2024-26218,Windows 10 Pro,7.8,0.27154,False,CVE CVE-2024-26218 affects Windows 10 Pro. EPSS score 0.2715 indicates high exploitation probability. Not confirmed exploited in the wild.
CVE-2024-38071,Windows Server 2022,7.5,0.27072,False,CVE CVE-2024-38071 affects Windows Server 2022. EPSS score 0.2707 indicates high exploitation probability. Not confirmed exploited in the wild.
CVE-2024-43582,Windows Server 2022,8.1,0.26043,False,CVE CVE-2024-43582 affects Windows Server 2022. EPSS score 0.2604 indicates high exploitation probability. Not confirmed exploited in the wild.
CVE-2024-43582,Windows 10 Pro,8.1,0.26043,False,CVE CVE-2024-43582 affects Windows 10 Pro. EPSS score 0.2604 indicates high exploitation probability. Not confirmed exploited in the wild.
CVE-2024-40725,Apache HTTP Server,5.3,0.25097,False,CVE CVE-2024-40725 affects Apache HTTP Server. EPSS score 0.2510 indicates high exploitation probability. Not confirmed exploited in the wild.
CVE-2024-30078,Windows Server 2022,8.8,0.25004,False,CVE CVE-2024-30078 affects Windows Server 2022. EPSS score 0.2500 indicates high exploitation probability. Not confirmed exploited in the wild.
CVE-2024-30078,Windows 10 Pro,8.8,0.25004,False,CVE CVE-2024-30078 affects Windows 10 Pro. EPSS score 0.2500 indicates high exploitation probability. Not confirmed exploited in the wild.
CVE-2024-37080,VMware vSphere,9.8,0.24911,False,CVE CVE-2024-37080 affects VMware vSphere. EPSS score 0.2491 indicates high exploitation probability. Not confirmed exploited in the wild.
CVE-2025-50154,Windows Server 2022,6.5,0.24268,False,CVE CVE-2025-50154 affects Windows Server 2022. EPSS score 0.2427 indicates high exploitation probability. Not confirmed exploited in the wild.
CVE-2025-50154,Windows 10 Pro,6.5,0.24268,False,CVE CVE-2025-50154 affects Windows 10 Pro. EPSS score 0.2427 indicates high exploitation probability. Not confirmed exploited in the wild.
CVE-2025-50172,Windows Server 2022,6.5,0.23776,False,CVE CVE-2025-50172 affects Windows Server 2022. EPSS score 0.2378 indicates high exploitation probability. Not confirmed exploited in the wild.
CVE-2025-50172,Windows 10 Pro,6.5,0.23776,False,CVE CVE-2025-50172 affects Windows 10 Pro. EPSS score 0.2378 indicates high exploitation probability. Not confirmed exploited in the wild.
CVE-2024-21320,Windows Server 2022,6.5,0.23394,False,CVE CVE-2024-21320 affects Windows Server 2022. EPSS score 0.2339 indicates high exploitation probability. Not confirmed exploited in the wild.
CVE-2024-21320,Windows 10 Pro,6.5,0.23394,False,CVE CVE-2024-21320 affects Windows 10 Pro. EPSS score 0.2339 indicates high exploitation probability. Not confirmed exploited in the wild.
CVE-2024-20698,Windows Server 2022,7.8,0.21685,False,CVE CVE-2024-20698 affects Windows Server 2022. EPSS score 0.2168 indicates high exploitation probability. Not confirmed exploited in the wild.
CVE-2024-20698,Windows 10 Pro,7.8,0.21685,False,CVE CVE-2024-20698 affects Windows 10 Pro. EPSS score 0.2168 indicates high exploitation probability. Not confirmed exploited in the wild.
CVE-2025-53722,Windows Server 2022,7.5,0.21256,False,CVE CVE-2025-53722 affects Windows Server 2022. EPSS score 0.2126 indicates high exploitation probability. Not confirmed exploited in the wild.
CVE-2025-53722,Windows 10 Pro,7.5,0.21256,False,CVE CVE-2025-53722 affects Windows 10 Pro. EPSS score 0.2126 indicates high exploitation probability. Not confirmed exploited in the wild.
CVE-2024-30090,Windows Server 2022,7.0,0.20925,False,CVE CVE-2024-30090 affects Windows Server 2022. EPSS score 0.2092 indicates high exploitation probability. Not confirmed exploited in the wild.
CVE-2024-30090,Windows 10 Pro,7.0,0.20925,False,CVE CVE-2024-30090 affects Windows 10 Pro. EPSS score 0.2092 indicates high exploitation probability. Not confirmed exploited in the wild.
CVE-2024-38145,Windows Server 2022,7.5,0.17315,False,CVE CVE-2024-38145 affects Windows Server 2022. EPSS score 0.1731 indicates high exploitation probability. Not confirmed exploited in the wild.
CVE-2024-38145,Windows 10 Pro,7.5,0.17315,False,CVE CVE-2024-38145 affects Windows 10 Pro. EPSS score 0.1731 indicates high exploitation probability. Not confirmed exploited in the wild.
CVE-2024-38146,Windows Server 2022,7.5,0.17315,False,CVE CVE-2024-38146 affects Windows Server 2022. EPSS score 0.1731 indicates high exploitation probability. Not confirmed exploited in the wild.
CVE-2024-38146,Windows 10 Pro,7.5,0.17315,False,CVE CVE-2024-38146 affects Windows 10 Pro. EPSS score 0.1731 indicates high exploitation probability. Not confirmed exploited in the wild.
CVE-2024-20467,Cisco IOS XE,8.6,0.17314,False,CVE CVE-2024-20467 affects Cisco IOS XE. EPSS score 0.1731 indicates high exploitation probability. Not confirmed exploited in the wild.
CVE-2024-21357,Windows Server 2022,8.1,0.17273,False,CVE CVE-2024-21357 affects Windows Server 2022. EPSS score 0.1727 indicates high exploitation probability. Not confirmed exploited in the wild.
CVE-2024-21357,Windows 10 Pro,8.1,0.17273,False,CVE CVE-2024-21357 affects Windows 10 Pro. EPSS score 0.1727 indicates high exploitation probability. Not confirmed exploited in the wild.
CVE-2024-38041,Windows Server 2022,5.5,0.16747,False,CVE CVE-2024-38041 affects Windows Server 2022. EPSS score 0.1675 indicates high exploitation probability. Not confirmed exploited in the wild.
CVE-2024-38041,Windows 10 Pro,5.5,0.16747,False,CVE CVE-2024-38041 affects Windows 10 Pro. EPSS score 0.1675 indicates high exploitation probability. Not confirmed exploited in the wild.
CVE-2024-30080,Windows Server 2022,9.8,0.16703,False,CVE CVE-2024-30080 affects Windows Server 2022. EPSS score 0.1670 indicates high exploitation probability. Not confirmed exploited in the wild.
CVE-2024-49121,Windows Server 2022,7.5,0.16619,False,CVE CVE-2024-49121 affects Windows Server 2022. EPSS score 0.1662 indicates high exploitation probability. Not confirmed exploited in the wild.
CVE-2024-49121,Windows 10 Pro,7.5,0.16619,False,CVE CVE-2024-49121 affects Windows 10 Pro. EPSS score 0.1662 indicates high exploitation probability. Not confirmed exploited in the wild.
CVE-2024-20674,Windows Server 2022,8.8,0.16049,False,CVE CVE-2024-20674 affects Windows Server 2022. EPSS score 0.1605 indicates high exploitation probability. Not confirmed exploited in the wild.
CVE-2024-20674,Windows 10 Pro,8.8,0.16049,False,CVE CVE-2024-20674 affects Windows 10 Pro. EPSS score 0.1605 indicates high exploitation probability. Not confirmed exploited in the wild.
CVE-2024-21447,Windows Server 2022,7.8,0.16022,False,CVE CVE-2024-21447 affects Windows Server 2022. EPSS score 0.1602 indicates high exploitation probability. Not confirmed exploited in the wild.
CVE-2024-21447,Windows 10 Pro,7.8,0.16022,False,CVE CVE-2024-21447 affects Windows 10 Pro. EPSS score 0.1602 indicates high exploitation probability. Not confirmed exploited in the wild.
CVE-2025-26641,Windows Server 2022,7.5,0.15811,False,CVE CVE-2025-26641 affects Windows Server 2022. EPSS score 0.1581 indicates high exploitation probability. Not confirmed exploited in the wild.
CVE-2025-26641,Windows 10 Pro,7.5,0.15811,False,CVE CVE-2025-26641 affects Windows 10 Pro. EPSS score 0.1581 indicates high exploitation probability. Not confirmed exploited in the wild.
CVE-2025-26652,Windows Server 2022,7.5,0.15811,False,CVE CVE-2025-26652 affects Windows Server 2022. EPSS score 0.1581 indicates high exploitation probability. Not confirmed exploited in the wild.
CVE-2025-26680,Windows Server 2022,7.5,0.15811,False,CVE CVE-2025-26680 affects Windows Server 2022. EPSS score 0.1581 indicates high exploitation probability. Not confirmed exploited in the wild.
CVE-2025-27473,Windows Server 2022,7.5,0.15811,False,CVE CVE-2025-27473 affects Windows Server 2022. EPSS score 0.1581 indicates high exploitation probability. Not confirmed exploited in the wild.
CVE-2025-27473,Windows 10 Pro,7.5,0.15811,False,CVE CVE-2025-27473 affects Windows 10 Pro. EPSS score 0.1581 indicates high exploitation probability. Not confirmed exploited in the wild.
CVE-2024-20666,Windows Server 2022,6.6,0.15733,False,CVE CVE-2024-20666 affects Windows Server 2022. EPSS score 0.1573 indicates high exploitation probability. Not confirmed exploited in the wild.
CVE-2024-20666,Windows 10 Pro,6.6,0.15733,False,CVE CVE-2024-20666 affects Windows 10 Pro. EPSS score 0.1573 indicates high exploitation probability. Not confirmed exploited in the wild.
CVE-2024-9122,Google Chrome,8.8,0.15009,False,CVE CVE-2024-9122 affects Google Chrome. EPSS score 0.1501 indicates high exploitation probability. Not confirmed exploited in the wild.
CVE-2024-26219,Windows Server 2022,7.5,0.1498,False,CVE CVE-2024-26219 affects Windows Server 2022. EPSS score 0.1498 indicates high exploitation probability. Not confirmed exploited in the wild.
CVE-2024-26219,Windows 10 Pro,7.5,0.1498,False,CVE CVE-2024-26219 affects Windows 10 Pro. EPSS score 0.1498 indicates high exploitation probability. Not confirmed exploited in the wild.
CVE-2024-30103,Microsoft 365 Apps for Business,8.8,0.14962,False,CVE CVE-2024-30103 affects Microsoft 365 Apps for Business. EPSS score 0.1496 indicates high exploitation probability. Not confirmed exploited in the wild.
CVE-2025-26651,Windows Server 2022,6.5,0.14642,False,CVE CVE-2025-26651 affects Windows Server 2022. EPSS score 0.1464 indicates high exploitation probability. Not confirmed exploited in the wild.
CVE-2024-38064,Windows Server 2022,7.5,0.14538,False,CVE CVE-2024-38064 affects Windows Server 2022. EPSS score 0.1454 indicates high exploitation probability. Not confirmed exploited in the wild.
CVE-2024-38064,Windows 10 Pro,7.5,0.14538,False,CVE CVE-2024-38064 affects Windows 10 Pro. EPSS score 0.1454 indicates high exploitation probability. Not confirmed exploited in the wild.
CVE-2025-27470,Windows Server 2022,7.5,0.14523,False,CVE CVE-2025-27470 affects Windows Server 2022. EPSS score 0.1452 indicates high exploitation probability. Not confirmed exploited in the wild.
CVE-2025-27479,Windows Server 2022,7.5,0.14523,False,CVE CVE-2025-27479 affects Windows Server 2022. EPSS score 0.1452 indicates high exploitation probability. Not confirmed exploited in the wild.
CVE-2024-6119,OpenSSL,7.5,0.14258,False,CVE CVE-2024-6119 affects OpenSSL. EPSS score 0.1426 indicates high exploitation probability. Not confirmed exploited in the wild.
CVE-2024-26183,Windows Server 2022,6.5,0.14061,False,CVE CVE-2024-26183 affects Windows Server 2022. EPSS score 0.1406 indicates high exploitation probability. Not confirmed exploited in the wild.
CVE-2024-26183,Windows 10 Pro,6.5,0.14061,False,CVE CVE-2024-26183 affects Windows 10 Pro. EPSS score 0.1406 indicates high exploitation probability. Not confirmed exploited in the wild.
CVE-2024-38072,Windows Server 2022,7.5,0.14041,False,CVE CVE-2024-38072 affects Windows Server 2022. EPSS score 0.1404 indicates high exploitation probability. Not confirmed exploited in the wild.
CVE-2025-21181,Windows Server 2022,7.5,0.13583,False,CVE CVE-2025-21181 affects Windows Server 2022. EPSS score 0.1358 indicates high exploitation probability. Not confirmed exploited in the wild.
CVE-2025-21181,Windows 10 Pro,7.5,0.13583,False,CVE CVE-2025-21181 affects Windows 10 Pro. EPSS score 0.1358 indicates high exploitation probability. Not confirmed exploited in the wild.
CVE-2024-43504,Microsoft 365 Apps for Business,7.8,0.12877,False,CVE CVE-2024-43504 affects Microsoft 365 Apps for Business. EPSS score 0.1288 indicates high exploitation probability. Not confirmed exploited in the wild.
CVE-2024-6778,Google Chrome,7.5,0.12757,False,CVE CVE-2024-6778 affects Google Chrome. EPSS score 0.1276 indicates high exploitation probability. Not confirmed exploited in the wild.
CVE-2024-26209,Windows Server 2022,5.5,0.12706,False,CVE CVE-2024-26209 affects Windows Server 2022. EPSS score 0.1271 indicates high exploitation probability. Not confirmed exploited in the wild.
CVE-2024-26209,Windows 10 Pro,5.5,0.12706,False,CVE CVE-2024-26209 affects Windows 10 Pro. EPSS score 0.1271 indicates high exploitation probability. Not confirmed exploited in the wild.
CVE-2024-12382,Google Chrome,8.8,0.12572,False,CVE CVE-2024-12382 affects Google Chrome. EPSS score 0.1257 indicates high exploitation probability. Not confirmed exploited in the wild.
CVE-2024-38126,Windows Server 2022,7.5,0.12279,False,CVE CVE-2024-38126 affects Windows Server 2022. EPSS score 0.1228 indicates high exploitation probability. Not confirmed exploited in the wild.
CVE-2024-38126,Windows 10 Pro,7.5,0.12279,False,CVE CVE-2024-38126 affects Windows 10 Pro. EPSS score 0.1228 indicates high exploitation probability. Not confirmed exploited in the wild.
CVE-2024-2887,Google Chrome,7.7,0.12241,False,CVE CVE-2024-2887 affects Google Chrome. EPSS score 0.1224 indicates high exploitation probability. Not confirmed exploited in the wild.
CVE-2025-0291,Google Chrome,8.8,0.12088,False,CVE CVE-2025-0291 affects Google Chrome. EPSS score 0.1209 indicates high exploitation probability. Not confirmed exploited in the wild.
CVE-2024-38116,Windows Server 2022,8.8,0.11979,False,CVE CVE-2024-38116 affects Windows Server 2022. EPSS score 0.1198 indicates high exploitation probability. Not confirmed exploited in the wild.
CVE-2024-38116,Windows 10 Pro,8.8,0.11979,False,CVE CVE-2024-38116 affects Windows 10 Pro. EPSS score 0.1198 indicates high exploitation probability. Not confirmed exploited in the wild.
CVE-2024-38060,Windows Server 2022,8.8,0.11773,False,CVE CVE-2024-38060 affects Windows Server 2022. EPSS score 0.1177 indicates high exploitation probability. Not confirmed exploited in the wild.
CVE-2024-38060,Windows 10 Pro,8.8,0.11773,False,CVE CVE-2024-38060 affects Windows 10 Pro. EPSS score 0.1177 indicates high exploitation probability. Not confirmed exploited in the wild.
CVE-2024-22275,VMware vSphere,4.9,0.11675,False,CVE CVE-2024-22275 affects VMware vSphere. EPSS score 0.1168 indicates high exploitation probability. Not confirmed exploited in the wild.
CVE-2024-38132,Windows Server 2022,7.5,0.11171,False,CVE CVE-2024-38132 affects Windows Server 2022. EPSS score 0.1117 indicates high exploitation probability. Not confirmed exploited in the wild.
CVE-2024-38132,Windows 10 Pro,7.5,0.11171,False,CVE CVE-2024-38132 affects Windows 10 Pro. EPSS score 0.1117 indicates high exploitation probability. Not confirmed exploited in the wild.
CVE-2025-53144,Windows Server 2022,8.8,0.11075,False,CVE CVE-2025-53144 affects Windows Server 2022. EPSS score 0.1108 indicates high exploitation probability. Not confirmed exploited in the wild.
CVE-2025-53144,Windows 10 Pro,8.8,0.11075,False,CVE CVE-2025-53144 affects Windows 10 Pro. EPSS score 0.1108 indicates high exploitation probability. Not confirmed exploited in the wild.
CVE-2025-53145,Windows Server 2022,8.8,0.11075,False,CVE CVE-2025-53145 affects Windows Server 2022. EPSS score 0.1108 indicates high exploitation probability. Not confirmed exploited in the wild.
CVE-2025-53145,Windows 10 Pro,8.8,0.11075,False,CVE CVE-2025-53145 affects Windows 10 Pro. EPSS score 0.1108 indicates high exploitation probability. Not confirmed exploited in the wild.
CVE-2024-38091,Windows Server 2022,7.5,0.11055,False,CVE CVE-2024-38091 affects Windows Server 2022. EPSS score 0.1105 indicates high exploitation probability. Not confirmed exploited in the wild.
CVE-2024-38091,Windows 10 Pro,7.5,0.11055,False,CVE CVE-2024-38091 affects Windows 10 Pro. EPSS score 0.1105 indicates high exploitation probability. Not confirmed exploited in the wild.
CVE-2024-38076,Windows Server 2022,9.8,0.10914,False,CVE CVE-2024-38076 affects Windows Server 2022. EPSS score 0.1091 indicates high exploitation probability. Not confirmed exploited in the wild.
CVE-2025-32725,Windows Server 2022,7.5,0.10844,False,CVE CVE-2025-32725 affects Windows Server 2022. EPSS score 0.1084 indicates high exploitation probability. Not confirmed exploited in the wild.
CVE-2025-33050,Windows Server 2022,7.5,0.10844,False,CVE CVE-2025-33050 affects Windows Server 2022. EPSS score 0.1084 indicates high exploitation probability. Not confirmed exploited in the wild.
CVE-2025-21174,Windows Server 2022,7.5,0.10786,False,CVE CVE-2025-21174 affects Windows Server 2022. EPSS score 0.1079 indicates high exploitation probability. Not confirmed exploited in the wild.
CVE-2025-21307,Windows Server 2022,9.8,0.1077,False,CVE CVE-2025-21307 affects Windows Server 2022. EPSS score 0.1077 indicates high exploitation probability. Not confirmed exploited in the wild.
CVE-2025-21307,Windows 10 Pro,9.8,0.1077,False,CVE CVE-2025-21307 affects Windows 10 Pro. EPSS score 0.1077 indicates high exploitation probability. Not confirmed exploited in the wild.
CVE-2025-2476,Google Chrome,8.8,0.10649,False,CVE CVE-2025-2476 affects Google Chrome. EPSS score 0.1065 indicates high exploitation probability. Not confirmed exploited in the wild.
CVE-2024-43609,Microsoft 365 Apps for Business,6.5,0.10547,False,CVE CVE-2024-43609 affects Microsoft 365 Apps for Business. EPSS score 0.1055 indicates high exploitation probability. Not confirmed exploited in the wild.
CVE-2024-30010,Windows Server 2022,8.8,0.10401,False,CVE CVE-2024-30010 affects Windows Server 2022. EPSS score 0.1040 indicates high exploitation probability. Not confirmed exploited in the wild.
CVE-2024-26158,Windows Server 2022,7.8,0.10112,False,CVE CVE-2024-26158 affects Windows Server 2022. EPSS score 0.1011 indicates high exploitation probability. Not confirmed exploited in the wild.
CVE-2024-26158,Windows 10 Pro,7.8,0.10112,False,CVE CVE-2024-26158 affects Windows 10 Pro. EPSS score 0.1011 indicates high exploitation probability. Not confirmed exploited in the wild.
CVE-2024-38236,Windows Server 2022,7.5,0.1003,False,CVE CVE-2024-38236 affects Windows Server 2022. EPSS score 0.1003 indicates high exploitation probability. Not confirmed exploited in the wild.
CVE-2024-38149,Windows Server 2022,7.5,0.09955,False,CVE CVE-2024-38149 affects Windows Server 2022. EPSS score 0.0995 indicates moderate exploitation probability. Not confirmed exploited in the wild.
CVE-2024-38149,Windows 10 Pro,7.5,0.09955,False,CVE CVE-2024-38149 affects Windows 10 Pro. EPSS score 0.0995 indicates moderate exploitation probability. Not confirmed exploited in the wild.
CVE-2024-43506,Windows Server 2022,7.5,0.09955,False,CVE CVE-2024-43506 affects Windows Server 2022. EPSS score 0.0995 indicates moderate exploitation probability. Not confirmed exploited in the wild.
CVE-2024-43506,Windows 10 Pro,7.5,0.09955,False,CVE CVE-2024-43506 affects Windows 10 Pro. EPSS score 0.0995 indicates moderate exploitation probability. Not confirmed exploited in the wild.
CVE-2024-43541,Windows Server 2022,7.5,0.09955,False,CVE CVE-2024-43541 affects Windows Server 2022. EPSS score 0.0995 indicates moderate exploitation probability. Not confirmed exploited in the wild.
CVE-2024-43544,Windows Server 2022,7.5,0.09955,False,CVE CVE-2024-43544 affects Windows Server 2022. EPSS score 0.0995 indicates moderate exploitation probability. Not confirmed exploited in the wild.
CVE-2024-43545,Windows Server 2022,7.5,0.09955,False,CVE CVE-2024-43545 affects Windows Server 2022. EPSS score 0.0995 indicates moderate exploitation probability. Not confirmed exploited in the wild.
CVE-2025-27485,Windows Server 2022,7.5,0.09847,False,CVE CVE-2025-27485 affects Windows Server 2022. EPSS score 0.0985 indicates moderate exploitation probability. Not confirmed exploited in the wild.
CVE-2025-27486,Windows Server 2022,7.5,0.09847,False,CVE CVE-2025-27486 affects Windows Server 2022. EPSS score 0.0985 indicates moderate exploitation probability. Not confirmed exploited in the wild.
CVE-2024-0223,Google Chrome,8.8,0.09619,False,CVE CVE-2024-0223 affects Google Chrome. EPSS score 0.0962 indicates moderate exploitation probability. Not confirmed exploited in the wild.
CVE-2025-26673,Windows Server 2022,7.5,0.09616,False,CVE CVE-2025-26673 affects Windows Server 2022. EPSS score 0.0962 indicates moderate exploitation probability. Not confirmed exploited in the wild.
CVE-2025-26673,Windows 10 Pro,7.5,0.09616,False,CVE CVE-2025-26673 affects Windows 10 Pro. EPSS score 0.0962 indicates moderate exploitation probability. Not confirmed exploited in the wild.
CVE-2024-38125,Windows Server 2022,7.8,0.09427,False,CVE CVE-2024-38125 affects Windows Server 2022. EPSS score 0.0943 indicates moderate exploitation probability. Not confirmed exploited in the wild.
CVE-2024-38125,Windows 10 Pro,7.8,0.09427,False,CVE CVE-2024-38125 affects Windows 10 Pro. EPSS score 0.0943 indicates moderate exploitation probability. Not confirmed exploited in the wild.
CVE-2024-30017,Windows Server 2022,8.8,0.09341,False,CVE CVE-2024-30017 affects Windows Server 2022. EPSS score 0.0934 indicates moderate exploitation probability. Not confirmed exploited in the wild.
CVE-2024-30017,Windows 10 Pro,8.8,0.09341,False,CVE CVE-2024-30017 affects Windows 10 Pro. EPSS score 0.0934 indicates moderate exploitation probability. Not confirmed exploited in the wild.
CVE-2025-59502,Windows Server 2022,7.5,0.09232,False,CVE CVE-2025-59502 affects Windows Server 2022. EPSS score 0.0923 indicates moderate exploitation probability. Not confirmed exploited in the wild.
CVE-2025-59502,Windows 10 Pro,7.5,0.09232,False,CVE CVE-2025-59502 affects Windows 10 Pro. EPSS score 0.0923 indicates moderate exploitation probability. Not confirmed exploited in the wild.
CVE-2024-30050,Windows Server 2022,5.4,0.09191,False,CVE CVE-2024-30050 affects Windows Server 2022. EPSS score 0.0919 indicates moderate exploitation probability. Not confirmed exploited in the wild.
CVE-2024-30050,Windows 10 Pro,5.4,0.09191,False,CVE CVE-2024-30050 affects Windows 10 Pro. EPSS score 0.0919 indicates moderate exploitation probability. Not confirmed exploited in the wild.
CVE-2024-38059,Windows Server 2022,7.8,0.08964,False,CVE CVE-2024-38059 affects Windows Server 2022. EPSS score 0.0896 indicates moderate exploitation probability. Not confirmed exploited in the wild.
CVE-2024-38059,Windows 10 Pro,7.8,0.08964,False,CVE CVE-2024-38059 affects Windows 10 Pro. EPSS score 0.0896 indicates moderate exploitation probability. Not confirmed exploited in the wild.
CVE-2025-27469,Windows Server 2022,7.5,0.08948,False,CVE CVE-2025-27469 affects Windows Server 2022. EPSS score 0.0895 indicates moderate exploitation probability. Not confirmed exploited in the wild.
CVE-2025-27469,Windows 10 Pro,7.5,0.08948,False,CVE CVE-2025-27469 affects Windows 10 Pro. EPSS score 0.0895 indicates moderate exploitation probability. Not confirmed exploited in the wild.
CVE-2024-43615,Windows Server 2022,7.1,0.08922,False,CVE CVE-2024-43615 affects Windows Server 2022. EPSS score 0.0892 indicates moderate exploitation probability. Not confirmed exploited in the wild.
CVE-2024-43615,Windows 10 Pro,7.1,0.08922,False,CVE CVE-2024-43615 affects Windows 10 Pro. EPSS score 0.0892 indicates moderate exploitation probability. Not confirmed exploited in the wild.
CVE-2024-38074,Windows Server 2022,9.8,0.08914,False,CVE CVE-2024-38074 affects Windows Server 2022. EPSS score 0.0891 indicates moderate exploitation probability. Not confirmed exploited in the wild.
CVE-2025-33057,Windows Server 2022,6.5,0.08701,False,CVE CVE-2025-33057 affects Windows Server 2022. EPSS score 0.0870 indicates moderate exploitation probability. Not confirmed exploited in the wild.
CVE-2025-33057,Windows 10 Pro,6.5,0.08701,False,CVE CVE-2025-33057 affects Windows 10 Pro. EPSS score 0.0870 indicates moderate exploitation probability. Not confirmed exploited in the wild.
CVE-2024-43502,Windows 10 Pro,7.1,0.08688,False,CVE CVE-2024-43502 affects Windows 10 Pro. EPSS score 0.0869 indicates moderate exploitation probability. Not confirmed exploited in the wild.
CVE-2024-30083,Windows Server 2022,7.5,0.08611,False,CVE CVE-2024-30083 affects Windows Server 2022. EPSS score 0.0861 indicates moderate exploitation probability. Not confirmed exploited in the wild.
CVE-2024-38021,Microsoft 365 Apps for Business,8.8,0.08553,False,CVE CVE-2024-38021 affects Microsoft 365 Apps for Business. EPSS score 0.0855 indicates moderate exploitation probability. Not confirmed exploited in the wild.
CVE-2024-43562,Windows Server 2022,7.5,0.08546,False,CVE CVE-2024-43562 affects Windows Server 2022. EPSS score 0.0855 indicates moderate exploitation probability. Not confirmed exploited in the wild.
CVE-2024-43562,Windows 10 Pro,7.5,0.08546,False,CVE CVE-2024-43562 affects Windows 10 Pro. EPSS score 0.0855 indicates moderate exploitation probability. Not confirmed exploited in the wild.
CVE-2024-43565,Windows Server 2022,7.5,0.08546,False,CVE CVE-2024-43565 affects Windows Server 2022. EPSS score 0.0855 indicates moderate exploitation probability. Not confirmed exploited in the wild.
CVE-2024-43565,Windows 10 Pro,7.5,0.08546,False,CVE CVE-2024-43565 affects Windows 10 Pro. EPSS score 0.0855 indicates moderate exploitation probability. Not confirmed exploited in the wild.
CVE-2024-30038,Windows Server 2022,7.8,0.08451,False,CVE CVE-2024-30038 affects Windows Server 2022. EPSS score 0.0845 indicates moderate exploitation probability. Not confirmed exploited in the wild.
CVE-2024-30038,Windows 10 Pro,7.8,0.08451,False,CVE CVE-2024-30038 affects Windows 10 Pro. EPSS score 0.0845 indicates moderate exploitation probability. Not confirmed exploited in the wild.
CVE-2024-21342,Windows Server 2022,7.5,0.08389,False,CVE CVE-2024-21342 affects Windows Server 2022. EPSS score 0.0839 indicates moderate exploitation probability. Not confirmed exploited in the wild.
CVE-2024-43611,Windows Server 2022,8.8,0.08321,False,CVE CVE-2024-43611 affects Windows Server 2022. EPSS score 0.0832 indicates moderate exploitation probability. Not confirmed exploited in the wild.
CVE-2024-38196,Windows Server 2022,7.8,0.08292,False,CVE CVE-2024-38196 affects Windows Server 2022. EPSS score 0.0829 indicates moderate exploitation probability. Not confirmed exploited in the wild.
CVE-2024-38196,Windows 10 Pro,7.8,0.08292,False,CVE CVE-2024-38196 affects Windows 10 Pro. EPSS score 0.0829 indicates moderate exploitation probability. Not confirmed exploited in the wild.
CVE-2024-26226,Windows Server 2022,6.5,0.08211,False,CVE CVE-2024-26226 affects Windows Server 2022. EPSS score 0.0821 indicates moderate exploitation probability. Not confirmed exploited in the wild.
CVE-2024-38127,Windows Server 2022,7.8,0.08077,False,CVE CVE-2024-38127 affects Windows Server 2022. EPSS score 0.0808 indicates moderate exploitation probability. Not confirmed exploited in the wild.
CVE-2024-38127,Windows 10 Pro,7.8,0.08077,False,CVE CVE-2024-38127 affects Windows 10 Pro. EPSS score 0.0808 indicates moderate exploitation probability. Not confirmed exploited in the wild.
CVE-2024-38114,Windows Server 2022,8.8,0.08063,False,CVE CVE-2024-38114 affects Windows Server 2022. EPSS score 0.0806 indicates moderate exploitation probability. Not confirmed exploited in the wild.
CVE-2024-38114,Windows 10 Pro,8.8,0.08063,False,CVE CVE-2024-38114 affects Windows 10 Pro. EPSS score 0.0806 indicates moderate exploitation probability. Not confirmed exploited in the wild.
CVE-2024-38115,Windows Server 2022,8.8,0.08063,False,CVE CVE-2024-38115 affects Windows Server 2022. EPSS score 0.0806 indicates moderate exploitation probability. Not confirmed exploited in the wild.
CVE-2024-38115,Windows 10 Pro,8.8,0.08063,False,CVE CVE-2024-38115 affects Windows 10 Pro. EPSS score 0.0806 indicates moderate exploitation probability. Not confirmed exploited in the wild.
CVE-2024-38121,Windows Server 2022,8.8,0.08063,False,CVE CVE-2024-38121 affects Windows Server 2022. EPSS score 0.0806 indicates moderate exploitation probability. Not confirmed exploited in the wild.
CVE-2024-38154,Windows Server 2022,8.8,0.08063,False,CVE CVE-2024-38154 affects Windows Server 2022. EPSS score 0.0806 indicates moderate exploitation probability. Not confirmed exploited in the wild.
CVE-2024-43517,Windows Server 2022,8.8,0.08063,False,CVE CVE-2024-43517 affects Windows Server 2022. EPSS score 0.0806 indicates moderate exploitation probability. Not confirmed exploited in the wild.
CVE-2024-43517,Windows 10 Pro,8.8,0.08063,False,CVE CVE-2024-43517 affects Windows 10 Pro. EPSS score 0.0806 indicates moderate exploitation probability. Not confirmed exploited in the wild.
CVE-2024-43518,Windows Server 2022,8.8,0.08063,False,CVE CVE-2024-43518 affects Windows Server 2022. EPSS score 0.0806 indicates moderate exploitation probability. Not confirmed exploited in the wild.
CVE-2024-43518,Windows 10 Pro,8.8,0.08063,False,CVE CVE-2024-43518 affects Windows 10 Pro. EPSS score 0.0806 indicates moderate exploitation probability. Not confirmed exploited in the wild.
CVE-2024-37968,Windows Server 2022,7.5,0.08056,False,CVE CVE-2024-37968 affects Windows Server 2022. EPSS score 0.0806 indicates moderate exploitation probability. Not confirmed exploited in the wild.
CVE-2025-53143,Windows Server 2022,8.8,0.07911,False,CVE CVE-2025-53143 affects Windows Server 2022. EPSS score 0.0791 indicates moderate exploitation probability. Not confirmed exploited in the wild.
CVE-2025-53143,Windows 10 Pro,8.8,0.07911,False,CVE CVE-2025-53143 affects Windows 10 Pro. EPSS score 0.0791 indicates moderate exploitation probability. Not confirmed exploited in the wild.
CVE-2024-43521,Windows Server 2022,7.5,0.07902,False,CVE CVE-2024-43521 affects Windows Server 2022. EPSS score 0.0790 indicates moderate exploitation probability. Not confirmed exploited in the wild.
CVE-2024-38015,Windows Server 2022,7.5,0.07608,False,CVE CVE-2024-38015 affects Windows Server 2022. EPSS score 0.0761 indicates moderate exploitation probability. Not confirmed exploited in the wild.
CVE-2024-26215,Windows Server 2022,7.5,0.07584,False,CVE CVE-2024-26215 affects Windows Server 2022. EPSS score 0.0758 indicates moderate exploitation probability. Not confirmed exploited in the wild.
CVE-2025-47984,Windows Server 2022,7.5,0.073,False,CVE CVE-2025-47984 affects Windows Server 2022. EPSS score 0.0730 indicates moderate exploitation probability. Not confirmed exploited in the wild.
CVE-2025-47984,Windows 10 Pro,7.5,0.073,False,CVE CVE-2025-47984 affects Windows 10 Pro. EPSS score 0.0730 indicates moderate exploitation probability. Not confirmed exploited in the wild.
CVE-2024-30036,Windows Server 2022,6.5,0.0717,False,CVE CVE-2024-30036 affects Windows Server 2022. EPSS score 0.0717 indicates moderate exploitation probability. Not confirmed exploited in the wild.
CVE-2024-20696,Windows Server 2022,7.3,0.07152,False,CVE CVE-2024-20696 affects Windows Server 2022. EPSS score 0.0715 indicates moderate exploitation probability. Not confirmed exploited in the wild.
CVE-2024-20696,Windows 10 Pro,7.3,0.07152,False,CVE CVE-2024-20696 affects Windows 10 Pro. EPSS score 0.0715 indicates moderate exploitation probability. Not confirmed exploited in the wild.
CVE-2024-38230,Windows Server 2022,6.5,0.0713,False,CVE CVE-2024-38230 affects Windows Server 2022. EPSS score 0.0713 indicates moderate exploitation probability. Not confirmed exploited in the wild.
CVE-2024-43519,Windows Server 2022,8.8,0.07097,False,CVE CVE-2024-43519 affects Windows Server 2022. EPSS score 0.0710 indicates moderate exploitation probability. Not confirmed exploited in the wild.
CVE-2024-43519,Windows 10 Pro,8.8,0.07097,False,CVE CVE-2024-43519 affects Windows 10 Pro. EPSS score 0.0710 indicates moderate exploitation probability. Not confirmed exploited in the wild.
CVE-2024-20678,Windows Server 2022,8.8,0.07084,False,CVE CVE-2024-20678 affects Windows Server 2022. EPSS score 0.0708 indicates moderate exploitation probability. Not confirmed exploited in the wild.
CVE-2024-20678,Windows 10 Pro,8.8,0.07084,False,CVE CVE-2024-20678 affects Windows 10 Pro. EPSS score 0.0708 indicates moderate exploitation probability. Not confirmed exploited in the wild.
CVE-2025-21351,Windows Server 2022,7.5,0.06959,False,CVE CVE-2025-21351 affects Windows Server 2022. EPSS score 0.0696 indicates moderate exploitation probability. Not confirmed exploited in the wild.
CVE-2025-21351,Windows 10 Pro,7.5,0.06959,False,CVE CVE-2025-21351 affects Windows 10 Pro. EPSS score 0.0696 indicates moderate exploitation probability. Not confirmed exploited in the wild.
CVE-2024-38067,Windows Server 2022,7.5,0.06834,False,CVE CVE-2024-38067 affects Windows Server 2022. EPSS score 0.0683 indicates moderate exploitation probability. Not confirmed exploited in the wild.
CVE-2024-26211,Windows Server 2022,7.8,0.06806,False,CVE CVE-2024-26211 affects Windows Server 2022. EPSS score 0.0681 indicates moderate exploitation probability. Not confirmed exploited in the wild.
CVE-2024-26211,Windows 10 Pro,7.8,0.06806,False,CVE CVE-2024-26211 affects Windows 10 Pro. EPSS score 0.0681 indicates moderate exploitation probability. Not confirmed exploited in the wild.
CVE-2024-38141,Windows Server 2022,7.8,0.06806,False,CVE CVE-2024-38141 affects Windows Server 2022. EPSS score 0.0681 indicates moderate exploitation probability. Not confirmed exploited in the wild.
CVE-2024-38141,Windows 10 Pro,7.8,0.06806,False,CVE CVE-2024-38141 affects Windows 10 Pro. EPSS score 0.0681 indicates moderate exploitation probability. Not confirmed exploited in the wild.
CVE-2024-38150,Windows Server 2022,7.8,0.06806,False,CVE CVE-2024-38150 affects Windows Server 2022. EPSS score 0.0681 indicates moderate exploitation probability. Not confirmed exploited in the wild.
CVE-2024-38150,Windows 10 Pro,7.8,0.06806,False,CVE CVE-2024-38150 affects Windows 10 Pro. EPSS score 0.0681 indicates moderate exploitation probability. Not confirmed exploited in the wild.
CVE-2025-21276,Windows Server 2022,7.5,0.06777,False,CVE CVE-2025-21276 affects Windows Server 2022. EPSS score 0.0678 indicates moderate exploitation probability. Not confirmed exploited in the wild.
CVE-2025-21276,Windows 10 Pro,7.5,0.06777,False,CVE CVE-2025-21276 affects Windows 10 Pro. EPSS score 0.0678 indicates moderate exploitation probability. Not confirmed exploited in the wild.
CVE-2024-38104,Windows Server 2022,8.8,0.06746,False,CVE CVE-2024-38104 affects Windows Server 2022. EPSS score 0.0675 indicates moderate exploitation probability. Not confirmed exploited in the wild.
CVE-2024-38104,Windows 10 Pro,8.8,0.06746,False,CVE CVE-2024-38104 affects Windows 10 Pro. EPSS score 0.0675 indicates moderate exploitation probability. Not confirmed exploited in the wild.
CVE-2024-49080,Windows Server 2022,8.8,0.06658,False,CVE CVE-2024-49080 affects Windows Server 2022. EPSS score 0.0666 indicates moderate exploitation probability. Not confirmed exploited in the wild.
CVE-2024-49080,Windows 10 Pro,8.8,0.06658,False,CVE CVE-2024-49080 affects Windows 10 Pro. EPSS score 0.0666 indicates moderate exploitation probability. Not confirmed exploited in the wild.
CVE-2024-20661,Windows Server 2022,7.5,0.06652,False,CVE CVE-2024-20661 affects Windows Server 2022. EPSS score 0.0665 indicates moderate exploitation probability. Not confirmed exploited in the wild.
CVE-2024-20661,Windows 10 Pro,7.5,0.06652,False,CVE CVE-2024-20661 affects Windows 10 Pro. EPSS score 0.0665 indicates moderate exploitation probability. Not confirmed exploited in the wild.
CVE-2024-12381,Google Chrome,8.8,0.06626,False,CVE CVE-2024-12381 affects Google Chrome. EPSS score 0.0663 indicates moderate exploitation probability. Not confirmed exploited in the wild.
CVE-2024-43567,Windows Server 2022,7.5,0.06574,False,CVE CVE-2024-43567 affects Windows Server 2022. EPSS score 0.0657 indicates moderate exploitation probability. Not confirmed exploited in the wild.
CVE-2024-43575,Windows Server 2022,7.5,0.06574,False,CVE CVE-2024-43575 affects Windows Server 2022. EPSS score 0.0657 indicates moderate exploitation probability. Not confirmed exploited in the wild.
CVE-2024-9954,Google Chrome,8.8,0.06537,False,CVE CVE-2024-9954 affects Google Chrome. EPSS score 0.0654 indicates moderate exploitation probability. Not confirmed exploited in the wild.
CVE-2024-38180,Windows Server 2022,8.8,0.06536,False,CVE CVE-2024-38180 affects Windows Server 2022. EPSS score 0.0654 indicates moderate exploitation probability. Not confirmed exploited in the wild.
CVE-2024-38180,Windows 10 Pro,8.8,0.06536,False,CVE CVE-2024-38180 affects Windows 10 Pro. EPSS score 0.0654 indicates moderate exploitation probability. Not confirmed exploited in the wild.
CVE-2024-26254,Windows Server 2022,7.5,0.0653,False,CVE CVE-2024-26254 affects Windows Server 2022. EPSS score 0.0653 indicates moderate exploitation probability. Not confirmed exploited in the wild.
CVE-2024-26254,Windows 10 Pro,7.5,0.0653,False,CVE CVE-2024-26254 affects Windows 10 Pro. EPSS score 0.0653 indicates moderate exploitation probability. Not confirmed exploited in the wild.
CVE-2024-4058,Google Chrome,8.8,0.06526,False,CVE CVE-2024-4058 affects Google Chrome. EPSS score 0.0653 indicates moderate exploitation probability. Not confirmed exploited in the wild.
CVE-2024-38073,Windows Server 2022,7.5,0.06449,False,CVE CVE-2024-38073 affects Windows Server 2022. EPSS score 0.0645 indicates moderate exploitation probability. Not confirmed exploited in the wild.
CVE-2025-20363,Cisco IOS XE,9.0,0.06444,False,CVE CVE-2025-20363 affects Cisco IOS XE. EPSS score 0.0644 indicates moderate exploitation probability. Not confirmed exploited in the wild.
CVE-2024-26195,Windows Server 2022,7.2,0.06406,False,CVE CVE-2024-26195 affects Windows Server 2022. EPSS score 0.0641 indicates moderate exploitation probability. Not confirmed exploited in the wild.
CVE-2024-26202,Windows Server 2022,7.2,0.06406,False,CVE CVE-2024-26202 affects Windows Server 2022. EPSS score 0.0641 indicates moderate exploitation probability. Not confirmed exploited in the wild.
CVE-2024-43592,Windows Server 2022,8.8,0.06354,False,CVE CVE-2024-43592 affects Windows Server 2022. EPSS score 0.0635 indicates moderate exploitation probability. Not confirmed exploited in the wild.
CVE-2024-43593,Windows Server 2022,8.8,0.06354,False,CVE CVE-2024-43593 affects Windows Server 2022. EPSS score 0.0635 indicates moderate exploitation probability. Not confirmed exploited in the wild.
CVE-2024-21407,Windows Server 2022,8.1,0.06337,False,CVE CVE-2024-21407 affects Windows Server 2022. EPSS score 0.0634 indicates moderate exploitation probability. Not confirmed exploited in the wild.
CVE-2024-21407,Windows 10 Pro,8.1,0.06337,False,CVE CVE-2024-21407 affects Windows 10 Pro. EPSS score 0.0634 indicates moderate exploitation probability. Not confirmed exploited in the wild.
CVE-2025-29968,Windows Server 2022,6.5,0.06314,False,CVE CVE-2025-29968 affects Windows Server 2022. EPSS score 0.0631 indicates moderate exploitation probability. Not confirmed exploited in the wild.
CVE-2024-38120,Windows Server 2022,8.8,0.06256,False,CVE CVE-2024-38120 affects Windows Server 2022. EPSS score 0.0626 indicates moderate exploitation probability. Not confirmed exploited in the wild.
CVE-2024-5830,Google Chrome,8.8,0.06188,False,CVE CVE-2024-5830 affects Google Chrome. EPSS score 0.0619 indicates moderate exploitation probability. Not confirmed exploited in the wild.
CVE-2024-29995,Windows Server 2022,8.1,0.06141,False,CVE CVE-2024-29995 affects Windows Server 2022. EPSS score 0.0614 indicates moderate exploitation probability. Not confirmed exploited in the wild.
CVE-2024-29995,Windows 10 Pro,8.1,0.06141,False,CVE CVE-2024-29995 affects Windows 10 Pro. EPSS score 0.0614 indicates moderate exploitation probability. Not confirmed exploited in the wild.
CVE-2024-3159,Google Chrome,8.8,0.06128,False,CVE CVE-2024-3159 affects Google Chrome. EPSS score 0.0613 indicates moderate exploitation probability. Not confirmed exploited in the wild.
CVE-2025-21339,Windows Server 2022,8.8,0.06103,False,CVE CVE-2025-21339 affects Windows Server 2022. EPSS score 0.0610 indicates moderate exploitation probability. Not confirmed exploited in the wild.
CVE-2025-21339,Windows 10 Pro,8.8,0.06103,False,CVE CVE-2025-21339 affects Windows 10 Pro. EPSS score 0.0610 indicates moderate exploitation probability. Not confirmed exploited in the wild.
CVE-2025-21409,Windows Server 2022,8.8,0.06103,False,CVE CVE-2025-21409 affects Windows Server 2022. EPSS score 0.0610 indicates moderate exploitation probability. Not confirmed exploited in the wild.
CVE-2025-21409,Windows 10 Pro,8.8,0.06103,False,CVE CVE-2025-21409 affects Windows 10 Pro. EPSS score 0.0610 indicates moderate exploitation probability. Not confirmed exploited in the wild.
CVE-2025-21411,Windows Server 2022,8.8,0.06103,False,CVE CVE-2025-21411 affects Windows Server 2022. EPSS score 0.0610 indicates moderate exploitation probability. Not confirmed exploited in the wild.
CVE-2025-21411,Windows 10 Pro,8.8,0.06103,False,CVE CVE-2025-21411 affects Windows 10 Pro. EPSS score 0.0610 indicates moderate exploitation probability. Not confirmed exploited in the wild.
CVE-2025-21413,Windows Server 2022,8.8,0.06103,False,CVE CVE-2025-21413 affects Windows Server 2022. EPSS score 0.0610 indicates moderate exploitation probability. Not confirmed exploited in the wild.
CVE-2025-21413,Windows 10 Pro,8.8,0.06103,False,CVE CVE-2025-21413 affects Windows 10 Pro. EPSS score 0.0610 indicates moderate exploitation probability. Not confirmed exploited in the wild.
CVE-2025-21417,Windows Server 2022,8.8,0.06103,False,CVE CVE-2025-21417 affects Windows Server 2022. EPSS score 0.0610 indicates moderate exploitation probability. Not confirmed exploited in the wild.
CVE-2025-21417,Windows 10 Pro,8.8,0.06103,False,CVE CVE-2025-21417 affects Windows 10 Pro. EPSS score 0.0610 indicates moderate exploitation probability. Not confirmed exploited in the wild.
CVE-2024-38130,Windows Server 2022,8.8,0.05934,False,CVE CVE-2024-38130 affects Windows Server 2022. EPSS score 0.0593 indicates moderate exploitation probability. Not confirmed exploited in the wild.
CVE-2024-38130,Windows 10 Pro,8.8,0.05934,False,CVE CVE-2024-38130 affects Windows 10 Pro. EPSS score 0.0593 indicates moderate exploitation probability. Not confirmed exploited in the wild.
CVE-2024-30081,Windows Server 2022,7.1,0.0591,False,CVE CVE-2024-30081 affects Windows Server 2022. EPSS score 0.0591 indicates moderate exploitation probability. Not confirmed exploited in the wild.
CVE-2024-30081,Windows 10 Pro,7.1,0.0591,False,CVE CVE-2024-30081 affects Windows 10 Pro. EPSS score 0.0591 indicates moderate exploitation probability. Not confirmed exploited in the wild.
CVE-2024-21312,Windows Server 2022,7.5,0.05878,False,CVE CVE-2024-21312 affects Windows Server 2022. EPSS score 0.0588 indicates moderate exploitation probability. Not confirmed exploited in the wild.
CVE-2024-21312,Windows 10 Pro,7.5,0.05878,False,CVE CVE-2024-21312 affects Windows 10 Pro. EPSS score 0.0588 indicates moderate exploitation probability. Not confirmed exploited in the wild.
CVE-2024-49096,Windows Server 2022,7.5,0.05832,False,CVE CVE-2024-49096 affects Windows Server 2022. EPSS score 0.0583 indicates moderate exploitation probability. Not confirmed exploited in the wild.
CVE-2024-49096,Windows 10 Pro,7.5,0.05832,False,CVE CVE-2024-49096 affects Windows 10 Pro. EPSS score 0.0583 indicates moderate exploitation probability. Not confirmed exploited in the wild.
CVE-2024-38062,Windows Server 2022,7.8,0.057,False,CVE CVE-2024-38062 affects Windows Server 2022. EPSS score 0.0570 indicates moderate exploitation probability. Not confirmed exploited in the wild.
CVE-2024-38062,Windows 10 Pro,7.8,0.057,False,CVE CVE-2024-38062 affects Windows 10 Pro. EPSS score 0.0570 indicates moderate exploitation probability. Not confirmed exploited in the wild.
CVE-2024-30077,Windows Server 2022,8.0,0.05619,False,CVE CVE-2024-30077 affects Windows Server 2022. EPSS score 0.0562 indicates moderate exploitation probability. Not confirmed exploited in the wild.
CVE-2024-30077,Windows 10 Pro,8.0,0.05619,False,CVE CVE-2024-30077 affects Windows 10 Pro. EPSS score 0.0562 indicates moderate exploitation probability. Not confirmed exploited in the wild.
CVE-2025-33056,Windows Server 2022,7.5,0.05565,False,CVE CVE-2025-33056 affects Windows Server 2022. EPSS score 0.0556 indicates moderate exploitation probability. Not confirmed exploited in the wild.
CVE-2025-33056,Windows 10 Pro,7.5,0.05565,False,CVE CVE-2025-33056 affects Windows 10 Pro. EPSS score 0.0556 indicates moderate exploitation probability. Not confirmed exploited in the wild.
CVE-2025-47987,Windows Server 2022,7.8,0.05535,False,CVE CVE-2025-47987 affects Windows Server 2022. EPSS score 0.0554 indicates moderate exploitation probability. Not confirmed exploited in the wild.
CVE-2025-47987,Windows 10 Pro,7.8,0.05535,False,CVE CVE-2025-47987 affects Windows 10 Pro. EPSS score 0.0554 indicates moderate exploitation probability. Not confirmed exploited in the wild.
CVE-2024-26197,Windows Server 2022,6.5,0.05531,False,CVE CVE-2024-26197 affects Windows Server 2022. EPSS score 0.0553 indicates moderate exploitation probability. Not confirmed exploited in the wild.
CVE-2024-38265,Windows Server 2022,8.8,0.05513,False,CVE CVE-2024-38265 affects Windows Server 2022. EPSS score 0.0551 indicates moderate exploitation probability. Not confirmed exploited in the wild.
CVE-2024-43453,Windows Server 2022,8.8,0.05505,False,CVE CVE-2024-43453 affects Windows Server 2022. EPSS score 0.0551 indicates moderate exploitation probability. Not confirmed exploited in the wild.
CVE-2024-49085,Windows Server 2022,8.8,0.05455,False,CVE CVE-2024-49085 affects Windows Server 2022. EPSS score 0.0546 indicates moderate exploitation probability. Not confirmed exploited in the wild.
CVE-2024-49104,Windows Server 2022,8.8,0.05455,False,CVE CVE-2024-49104 affects Windows Server 2022. EPSS score 0.0546 indicates moderate exploitation probability. Not confirmed exploited in the wild.
CVE-2024-49104,Windows 10 Pro,8.8,0.05455,False,CVE CVE-2024-49104 affects Windows 10 Pro. EPSS score 0.0546 indicates moderate exploitation probability. Not confirmed exploited in the wild.
CVE-2024-30006,Windows Server 2022,8.8,0.05419,False,CVE CVE-2024-30006 affects Windows Server 2022. EPSS score 0.0542 indicates moderate exploitation probability. Not confirmed exploited in the wild.
CVE-2024-30006,Windows 10 Pro,8.8,0.05419,False,CVE CVE-2024-30006 affects Windows 10 Pro. EPSS score 0.0542 indicates moderate exploitation probability. Not confirmed exploited in the wild.
CVE-2024-12692,Google Chrome,8.8,0.05389,False,CVE CVE-2024-12692 affects Google Chrome. EPSS score 0.0539 indicates moderate exploitation probability. Not confirmed exploited in the wild.
CVE-2024-43623,Windows Server 2022,7.8,0.05353,False,CVE CVE-2024-43623 affects Windows Server 2022. EPSS score 0.0535 indicates moderate exploitation probability. Not confirmed exploited in the wild.
CVE-2024-43623,Windows 10 Pro,7.8,0.05353,False,CVE CVE-2024-43623 affects Windows 10 Pro. EPSS score 0.0535 indicates moderate exploitation probability. Not confirmed exploited in the wild.
CVE-2024-21356,Windows Server 2022,6.5,0.0533,False,CVE CVE-2024-21356 affects Windows Server 2022. EPSS score 0.0533 indicates moderate exploitation probability. Not confirmed exploited in the wild.
CVE-2024-21356,Windows 10 Pro,6.5,0.0533,False,CVE CVE-2024-21356 affects Windows 10 Pro. EPSS score 0.0533 indicates moderate exploitation probability. Not confirmed exploited in the wild.
CVE-2024-38147,Windows Server 2022,7.8,0.05171,False,CVE CVE-2024-38147 affects Windows Server 2022. EPSS score 0.0517 indicates moderate exploitation probability. Not confirmed exploited in the wild.
CVE-2024-38147,Windows 10 Pro,7.8,0.05171,False,CVE CVE-2024-38147 affects Windows 10 Pro. EPSS score 0.0517 indicates moderate exploitation probability. Not confirmed exploited in the wild.
CVE-2024-38031,Windows Server 2022,7.5,0.05152,False,CVE CVE-2024-38031 affects Windows Server 2022. EPSS score 0.0515 indicates moderate exploitation probability. Not confirmed exploited in the wild.
CVE-2024-38068,Windows Server 2022,7.5,0.05152,False,CVE CVE-2024-38068 affects Windows Server 2022. EPSS score 0.0515 indicates moderate exploitation probability. Not confirmed exploited in the wild.
CVE-2024-38068,Windows 10 Pro,7.5,0.05152,False,CVE CVE-2024-38068 affects Windows 10 Pro. EPSS score 0.0515 indicates moderate exploitation probability. Not confirmed exploited in the wild.
CVE-2024-43487,Windows 10 Pro,6.5,0.05122,False,CVE CVE-2024-43487 affects Windows 10 Pro. EPSS score 0.0512 indicates moderate exploitation probability. Not confirmed exploited in the wild.
CVE-2024-43581,Windows Server 2022,7.1,0.05105,False,CVE CVE-2024-43581 affects Windows Server 2022. EPSS score 0.0510 indicates moderate exploitation probability. Not confirmed exploited in the wild.
CVE-2024-43581,Windows 10 Pro,7.1,0.05105,False,CVE CVE-2024-43581 affects Windows 10 Pro. EPSS score 0.0510 indicates moderate exploitation probability. Not confirmed exploited in the wild.
CVE-2024-38140,Windows Server 2022,9.8,0.05043,False,CVE CVE-2024-38140 affects Windows Server 2022. EPSS score 0.0504 indicates moderate exploitation probability. Not confirmed exploited in the wild.
CVE-2024-38140,Windows 10 Pro,9.8,0.05043,False,CVE CVE-2024-38140 affects Windows 10 Pro. EPSS score 0.0504 indicates moderate exploitation probability. Not confirmed exploited in the wild.
CVE-2024-20687,Windows Server 2022,7.5,0.04932,False,CVE CVE-2024-20687 affects Windows Server 2022. EPSS score 0.0493 indicates moderate exploitation probability. Not confirmed exploited in the wild.
CVE-2024-20687,Windows 10 Pro,7.5,0.04932,False,CVE CVE-2024-20687 affects Windows 10 Pro. EPSS score 0.0493 indicates moderate exploitation probability. Not confirmed exploited in the wild.
CVE-2024-38029,Windows Server 2022,7.5,0.04922,False,CVE CVE-2024-38029 affects Windows Server 2022. EPSS score 0.0492 indicates moderate exploitation probability. Not confirmed exploited in the wild.
CVE-2024-43452,Windows Server 2022,7.5,0.04906,False,CVE CVE-2024-43452 affects Windows Server 2022. EPSS score 0.0491 indicates moderate exploitation probability. Not confirmed exploited in the wild.
CVE-2024-43452,Windows 10 Pro,7.5,0.04906,False,CVE CVE-2024-43452 affects Windows 10 Pro. EPSS score 0.0491 indicates moderate exploitation probability. Not confirmed exploited in the wild.
CVE-2024-21348,Windows Server 2022,7.5,0.04885,False,CVE CVE-2024-21348 affects Windows Server 2022. EPSS score 0.0488 indicates moderate exploitation probability. Not confirmed exploited in the wild.
CVE-2024-21348,Windows 10 Pro,7.5,0.04885,False,CVE CVE-2024-21348 affects Windows 10 Pro. EPSS score 0.0488 indicates moderate exploitation probability. Not confirmed exploited in the wild.
CVE-2024-43455,Windows Server 2022,8.8,0.04798,False,CVE CVE-2024-43455 affects Windows Server 2022. EPSS score 0.0480 indicates moderate exploitation probability. Not confirmed exploited in the wild.
CVE-2024-38128,Windows Server 2022,8.8,0.04783,False,CVE CVE-2024-38128 affects Windows Server 2022. EPSS score 0.0478 indicates moderate exploitation probability. Not confirmed exploited in the wild.
CVE-2024-30009,Windows Server 2022,8.8,0.0478,False,CVE CVE-2024-30009 affects Windows Server 2022. EPSS score 0.0478 indicates moderate exploitation probability. Not confirmed exploited in the wild.
CVE-2024-30009,Windows 10 Pro,8.8,0.0478,False,CVE CVE-2024-30009 affects Windows 10 Pro. EPSS score 0.0478 indicates moderate exploitation probability. Not confirmed exploited in the wild.
CVE-2024-38025,Windows Server 2022,7.2,0.04769,False,CVE CVE-2024-38025 affects Windows Server 2022. EPSS score 0.0477 indicates moderate exploitation probability. Not confirmed exploited in the wild.
CVE-2024-38025,Windows 10 Pro,7.2,0.04769,False,CVE CVE-2024-38025 affects Windows 10 Pro. EPSS score 0.0477 indicates moderate exploitation probability. Not confirmed exploited in the wild.
CVE-2024-38044,Windows Server 2022,7.2,0.04757,False,CVE CVE-2024-38044 affects Windows Server 2022. EPSS score 0.0476 indicates moderate exploitation probability. Not confirmed exploited in the wild.
CVE-2024-3832,Google Chrome,8.8,0.04728,False,CVE CVE-2024-3832 affects Google Chrome. EPSS score 0.0473 indicates moderate exploitation probability. Not confirmed exploited in the wild.
CVE-2024-49019,Windows Server 2022,7.8,0.04703,False,CVE CVE-2024-49019 affects Windows Server 2022. EPSS score 0.0470 indicates moderate exploitation probability. Not confirmed exploited in the wild.
CVE-2024-20664,Windows Server 2022,6.5,0.04684,False,CVE CVE-2024-20664 affects Windows Server 2022. EPSS score 0.0468 indicates moderate exploitation probability. Not confirmed exploited in the wild.
CVE-2024-20664,Windows 10 Pro,6.5,0.04684,False,CVE CVE-2024-20664 affects Windows 10 Pro. EPSS score 0.0468 indicates moderate exploitation probability. Not confirmed exploited in the wild.
CVE-2024-21314,Windows Server 2022,6.5,0.04684,False,CVE CVE-2024-21314 affects Windows Server 2022. EPSS score 0.0468 indicates moderate exploitation probability. Not confirmed exploited in the wild.
CVE-2024-21314,Windows 10 Pro,6.5,0.04684,False,CVE CVE-2024-21314 affects Windows 10 Pro. EPSS score 0.0468 indicates moderate exploitation probability. Not confirmed exploited in the wild.
CVE-2025-29958,Windows Server 2022,6.5,0.0464,False,CVE CVE-2025-29958 affects Windows Server 2022. EPSS score 0.0464 indicates moderate exploitation probability. Not confirmed exploited in the wild.
CVE-2025-29958,Windows 10 Pro,6.5,0.0464,False,CVE CVE-2025-29958 affects Windows 10 Pro. EPSS score 0.0464 indicates moderate exploitation probability. Not confirmed exploited in the wild.
CVE-2025-29959,Windows Server 2022,6.5,0.0464,False,CVE CVE-2025-29959 affects Windows Server 2022. EPSS score 0.0464 indicates moderate exploitation probability. Not confirmed exploited in the wild.
CVE-2025-29959,Windows 10 Pro,6.5,0.0464,False,CVE CVE-2025-29959 affects Windows 10 Pro. EPSS score 0.0464 indicates moderate exploitation probability. Not confirmed exploited in the wild.
CVE-2025-20188,Cisco IOS XE,10.0,0.04623,False,CVE CVE-2025-20188 affects Cisco IOS XE. EPSS score 0.0462 indicates moderate exploitation probability. Not confirmed exploited in the wild.
CVE-2024-38199,Windows Server 2022,9.8,0.04572,False,CVE CVE-2024-38199 affects Windows Server 2022. EPSS score 0.0457 indicates moderate exploitation probability. Not confirmed exploited in the wild.
CVE-2024-38199,Windows 10 Pro,9.8,0.04572,False,CVE CVE-2024-38199 affects Windows 10 Pro. EPSS score 0.0457 indicates moderate exploitation probability. Not confirmed exploited in the wild.
CVE-2024-38476,Apache HTTP Server,9.8,0.04554,False,CVE CVE-2024-38476 affects Apache HTTP Server. EPSS score 0.0455 indicates moderate exploitation probability. Not confirmed exploited in the wild.
CVE-2025-21204,Windows Server 2022,7.8,0.04402,False,CVE CVE-2025-21204 affects Windows Server 2022. EPSS score 0.0440 indicates moderate exploitation probability. Not confirmed exploited in the wild.
CVE-2025-21204,Windows 10 Pro,7.8,0.04402,False,CVE CVE-2025-21204 affects Windows 10 Pro. EPSS score 0.0440 indicates moderate exploitation probability. Not confirmed exploited in the wild.
CVE-2025-21377,Windows Server 2022,6.5,0.04378,False,CVE CVE-2025-21377 affects Windows Server 2022. EPSS score 0.0438 indicates moderate exploitation probability. Not confirmed exploited in the wild.
CVE-2025-21377,Windows 10 Pro,6.5,0.04378,False,CVE CVE-2025-21377 affects Windows 10 Pro. EPSS score 0.0438 indicates moderate exploitation probability. Not confirmed exploited in the wild.
CVE-2024-38257,Windows Server 2022,7.5,0.04334,False,CVE CVE-2024-38257 affects Windows Server 2022. EPSS score 0.0433 indicates moderate exploitation probability. Not confirmed exploited in the wild.
CVE-2024-38257,Windows 10 Pro,7.5,0.04334,False,CVE CVE-2024-38257 affects Windows 10 Pro. EPSS score 0.0433 indicates moderate exploitation probability. Not confirmed exploited in the wild.
CVE-2024-38085,Windows Server 2022,7.8,0.04328,False,CVE CVE-2024-38085 affects Windows Server 2022. EPSS score 0.0433 indicates moderate exploitation probability. Not confirmed exploited in the wild.
CVE-2024-38085,Windows 10 Pro,7.8,0.04328,False,CVE CVE-2024-38085 affects Windows 10 Pro. EPSS score 0.0433 indicates moderate exploitation probability. Not confirmed exploited in the wild.
CVE-2024-30020,Windows Server 2022,8.1,0.04313,False,CVE CVE-2024-30020 affects Windows Server 2022. EPSS score 0.0431 indicates moderate exploitation probability. Not confirmed exploited in the wild.
CVE-2024-30020,Windows 10 Pro,8.1,0.04313,False,CVE CVE-2024-30020 affects Windows 10 Pro. EPSS score 0.0431 indicates moderate exploitation probability. Not confirmed exploited in the wild.
CVE-2024-38143,Windows Server 2022,4.2,0.04298,False,CVE CVE-2024-38143 affects Windows Server 2022. EPSS score 0.0430 indicates moderate exploitation probability. Not confirmed exploited in the wild.
CVE-2024-38143,Windows 10 Pro,4.2,0.04298,False,CVE CVE-2024-38143 affects Windows 10 Pro. EPSS score 0.0430 indicates moderate exploitation probability. Not confirmed exploited in the wild.
CVE-2024-26248,Windows Server 2022,7.5,0.04291,False,CVE CVE-2024-26248 affects Windows Server 2022. EPSS score 0.0429 indicates moderate exploitation probability. Not confirmed exploited in the wild.
CVE-2024-26248,Windows 10 Pro,7.5,0.04291,False,CVE CVE-2024-26248 affects Windows 10 Pro. EPSS score 0.0429 indicates moderate exploitation probability. Not confirmed exploited in the wild.
CVE-2024-49102,Windows Server 2022,8.8,0.04197,False,CVE CVE-2024-49102 affects Windows Server 2022. EPSS score 0.0420 indicates moderate exploitation probability. Not confirmed exploited in the wild.
CVE-2024-49102,Windows 10 Pro,8.8,0.04197,False,CVE CVE-2024-49102 affects Windows 10 Pro. EPSS score 0.0420 indicates moderate exploitation probability. Not confirmed exploited in the wild.
CVE-2024-38212,Windows Server 2022,8.8,0.04164,False,CVE CVE-2024-38212 affects Windows Server 2022. EPSS score 0.0416 indicates moderate exploitation probability. Not confirmed exploited in the wild.
CVE-2024-43533,Windows Server 2022,8.8,0.04164,False,CVE CVE-2024-43533 affects Windows Server 2022. EPSS score 0.0416 indicates moderate exploitation probability. Not confirmed exploited in the wild.
CVE-2024-43549,Windows Server 2022,8.8,0.04164,False,CVE CVE-2024-43549 affects Windows Server 2022. EPSS score 0.0416 indicates moderate exploitation probability. Not confirmed exploited in the wild.
CVE-2024-43564,Windows Server 2022,8.8,0.04164,False,CVE CVE-2024-43564 affects Windows Server 2022. EPSS score 0.0416 indicates moderate exploitation probability. Not confirmed exploited in the wild.
CVE-2024-43607,Windows Server 2022,8.8,0.04164,False,CVE CVE-2024-43607 affects Windows Server 2022. EPSS score 0.0416 indicates moderate exploitation probability. Not confirmed exploited in the wild.
CVE-2024-43608,Windows Server 2022,8.8,0.04164,False,CVE CVE-2024-43608 affects Windows Server 2022. EPSS score 0.0416 indicates moderate exploitation probability. Not confirmed exploited in the wild.
CVE-2024-43589,Windows Server 2022,8.8,0.0413,False,CVE CVE-2024-43589 affects Windows Server 2022. EPSS score 0.0413 indicates moderate exploitation probability. Not confirmed exploited in the wild.
CVE-2024-43599,Windows Server 2022,8.8,0.0413,False,CVE CVE-2024-43599 affects Windows Server 2022. EPSS score 0.0413 indicates moderate exploitation probability. Not confirmed exploited in the wild.
CVE-2024-43599,Windows 10 Pro,8.8,0.0413,False,CVE CVE-2024-43599 affects Windows 10 Pro. EPSS score 0.0413 indicates moderate exploitation probability. Not confirmed exploited in the wild.
CVE-2024-49086,Windows Server 2022,8.8,0.04123,False,CVE CVE-2024-49086 affects Windows Server 2022. EPSS score 0.0412 indicates moderate exploitation probability. Not confirmed exploited in the wild.
CVE-2024-38239,Windows Server 2022,7.2,0.04068,False,CVE CVE-2024-38239 affects Windows Server 2022. EPSS score 0.0407 indicates moderate exploitation probability. Not confirmed exploited in the wild.
CVE-2024-38239,Windows 10 Pro,7.2,0.04068,False,CVE CVE-2024-38239 affects Windows 10 Pro. EPSS score 0.0407 indicates moderate exploitation probability. Not confirmed exploited in the wild.
CVE-2024-30097,Windows Server 2022,8.8,0.04065,False,CVE CVE-2024-30097 affects Windows Server 2022. EPSS score 0.0406 indicates moderate exploitation probability. Not confirmed exploited in the wild.
CVE-2024-30097,Windows 10 Pro,8.8,0.04065,False,CVE CVE-2024-30097 affects Windows 10 Pro. EPSS score 0.0406 indicates moderate exploitation probability. Not confirmed exploited in the wild.
CVE-2024-38138,Windows Server 2022,7.5,0.04057,False,CVE CVE-2024-38138 affects Windows Server 2022. EPSS score 0.0406 indicates moderate exploitation probability. Not confirmed exploited in the wild.
CVE-2024-38260,Windows Server 2022,8.8,0.03972,False,CVE CVE-2024-38260 affects Windows Server 2022. EPSS score 0.0397 indicates moderate exploitation probability. Not confirmed exploited in the wild.
CVE-2024-22255,VMware vSphere,7.1,0.03913,False,CVE CVE-2024-22255 affects VMware vSphere. EPSS score 0.0391 indicates moderate exploitation probability. Not confirmed exploited in the wild.
CVE-2024-49116,Windows Server 2022,8.1,0.03905,False,CVE CVE-2024-49116 affects Windows Server 2022. EPSS score 0.0391 indicates moderate exploitation probability. Not confirmed exploited in the wild.
CVE-2025-27477,Windows Server 2022,8.8,0.03892,False,CVE CVE-2025-27477 affects Windows Server 2022. EPSS score 0.0389 indicates moderate exploitation probability. Not confirmed exploited in the wild.
CVE-2025-27477,Windows 10 Pro,8.8,0.03892,False,CVE CVE-2025-27477 affects Windows 10 Pro. EPSS score 0.0389 indicates moderate exploitation probability. Not confirmed exploited in the wild.
CVE-2024-26208,Windows Server 2022,7.2,0.03849,False,CVE CVE-2024-26208 affects Windows Server 2022. EPSS score 0.0385 indicates moderate exploitation probability. Not confirmed exploited in the wild.
CVE-2024-26208,Windows 10 Pro,7.2,0.03849,False,CVE CVE-2024-26208 affects Windows 10 Pro. EPSS score 0.0385 indicates moderate exploitation probability. Not confirmed exploited in the wild.
CVE-2024-38242,Windows Server 2022,7.8,0.03813,False,CVE CVE-2024-38242 affects Windows Server 2022. EPSS score 0.0381 indicates moderate exploitation probability. Not confirmed exploited in the wild.
CVE-2024-38242,Windows 10 Pro,7.8,0.03813,False,CVE CVE-2024-38242 affects Windows 10 Pro. EPSS score 0.0381 indicates moderate exploitation probability. Not confirmed exploited in the wild.
CVE-2024-21310,Windows Server 2022,7.8,0.03789,False,CVE CVE-2024-21310 affects Windows Server 2022. EPSS score 0.0379 indicates moderate exploitation probability. Not confirmed exploited in the wild.
CVE-2024-21310,Windows 10 Pro,7.8,0.03789,False,CVE CVE-2024-21310 affects Windows 10 Pro. EPSS score 0.0379 indicates moderate exploitation probability. Not confirmed exploited in the wild.
CVE-2024-43560,Windows Server 2022,7.8,0.03722,False,CVE CVE-2024-43560 affects Windows Server 2022. EPSS score 0.0372 indicates moderate exploitation probability. Not confirmed exploited in the wild.
CVE-2024-43560,Windows 10 Pro,7.8,0.03722,False,CVE CVE-2024-43560 affects Windows 10 Pro. EPSS score 0.0372 indicates moderate exploitation probability. Not confirmed exploited in the wild.
CVE-2024-20660,Windows Server 2022,6.5,0.03672,False,CVE CVE-2024-20660 affects Windows Server 2022. EPSS score 0.0367 indicates moderate exploitation probability. Not confirmed exploited in the wild.
CVE-2024-20660,Windows 10 Pro,6.5,0.03672,False,CVE CVE-2024-20660 affects Windows 10 Pro. EPSS score 0.0367 indicates moderate exploitation probability. Not confirmed exploited in the wild.
CVE-2024-20663,Windows Server 2022,6.5,0.03672,False,CVE CVE-2024-20663 affects Windows Server 2022. EPSS score 0.0367 indicates moderate exploitation probability. Not confirmed exploited in the wild.
CVE-2024-20663,Windows 10 Pro,6.5,0.03672,False,CVE CVE-2024-20663 affects Windows 10 Pro. EPSS score 0.0367 indicates moderate exploitation probability. Not confirmed exploited in the wild.
CVE-2024-49033,Microsoft 365 Apps for Business,7.5,0.03669,False,CVE CVE-2024-49033 affects Microsoft 365 Apps for Business. EPSS score 0.0367 indicates moderate exploitation probability. Not confirmed exploited in the wild.
CVE-2024-43583,Windows Server 2022,7.8,0.03655,False,CVE CVE-2024-43583 affects Windows Server 2022. EPSS score 0.0365 indicates moderate exploitation probability. Not confirmed exploited in the wild.
CVE-2024-43583,Windows 10 Pro,7.8,0.03655,False,CVE CVE-2024-43583 affects Windows 10 Pro. EPSS score 0.0365 indicates moderate exploitation probability. Not confirmed exploited in the wild.
CVE-2024-0057,Windows Server 2022,9.1,0.03635,False,CVE CVE-2024-0057 affects Windows Server 2022. EPSS score 0.0364 indicates moderate exploitation probability. Not confirmed exploited in the wild.
CVE-2024-0057,Windows 10 Pro,9.1,0.03635,False,CVE CVE-2024-0057 affects Windows 10 Pro. EPSS score 0.0364 indicates moderate exploitation probability. Not confirmed exploited in the wild.
CVE-2024-37674,Moodle,5.5,0.03624,False,CVE CVE-2024-37674 affects Moodle. EPSS score 0.0362 indicates moderate exploitation probability. Not confirmed exploited in the wild.
CVE-2024-26222,Windows Server 2022,7.2,0.03609,False,CVE CVE-2024-26222 affects Windows Server 2022. EPSS score 0.0361 indicates moderate exploitation probability. Not confirmed exploited in the wild.
CVE-2024-26223,Windows Server 2022,7.2,0.03609,False,CVE CVE-2024-26223 affects Windows Server 2022. EPSS score 0.0361 indicates moderate exploitation probability. Not confirmed exploited in the wild.
CVE-2024-26224,Windows Server 2022,7.2,0.03609,False,CVE CVE-2024-26224 affects Windows Server 2022. EPSS score 0.0361 indicates moderate exploitation probability. Not confirmed exploited in the wild.
CVE-2024-26233,Windows Server 2022,7.2,0.03609,False,CVE CVE-2024-26233 affects Windows Server 2022. EPSS score 0.0361 indicates moderate exploitation probability. Not confirmed exploited in the wild.
CVE-2024-38028,Windows Server 2022,7.2,0.03597,False,CVE CVE-2024-38028 affects Windows Server 2022. EPSS score 0.0360 indicates moderate exploitation probability. Not confirmed exploited in the wild.
CVE-2024-38028,Windows 10 Pro,7.2,0.03597,False,CVE CVE-2024-38028 affects Windows 10 Pro. EPSS score 0.0360 indicates moderate exploitation probability. Not confirmed exploited in the wild.
CVE-2024-43630,Windows Server 2022,7.8,0.03556,False,CVE CVE-2024-43630 affects Windows Server 2022. EPSS score 0.0356 indicates moderate exploitation probability. Not confirmed exploited in the wild.
CVE-2024-43630,Windows 10 Pro,7.8,0.03556,False,CVE CVE-2024-43630 affects Windows 10 Pro. EPSS score 0.0356 indicates moderate exploitation probability. Not confirmed exploited in the wild.
CVE-2024-30091,Windows Server 2022,7.8,0.03525,False,CVE CVE-2024-30091 affects Windows Server 2022. EPSS score 0.0352 indicates moderate exploitation probability. Not confirmed exploited in the wild.
CVE-2024-30091,Windows 10 Pro,7.8,0.03525,False,CVE CVE-2024-30091 affects Windows 10 Pro. EPSS score 0.0352 indicates moderate exploitation probability. Not confirmed exploited in the wild.
CVE-2024-43624,Windows Server 2022,8.8,0.03517,False,CVE CVE-2024-43624 affects Windows Server 2022. EPSS score 0.0352 indicates moderate exploitation probability. Not confirmed exploited in the wild.
CVE-2024-43624,Windows 10 Pro,8.8,0.03517,False,CVE CVE-2024-43624 affects Windows 10 Pro. EPSS score 0.0352 indicates moderate exploitation probability. Not confirmed exploited in the wild.
CVE-2024-21346,Windows Server 2022,7.8,0.03491,False,CVE CVE-2024-21346 affects Windows Server 2022. EPSS score 0.0349 indicates moderate exploitation probability. Not confirmed exploited in the wild.
CVE-2025-29830,Windows Server 2022,6.5,0.03471,False,CVE CVE-2025-29830 affects Windows Server 2022. EPSS score 0.0347 indicates moderate exploitation probability. Not confirmed exploited in the wild.
CVE-2025-29830,Windows 10 Pro,6.5,0.03471,False,CVE CVE-2025-29830 affects Windows 10 Pro. EPSS score 0.0347 indicates moderate exploitation probability. Not confirmed exploited in the wild.
CVE-2025-53020,Apache HTTP Server,7.5,0.03449,False,CVE CVE-2025-53020 affects Apache HTTP Server. EPSS score 0.0345 indicates moderate exploitation probability. Not confirmed exploited in the wild.
CVE-2024-38241,Windows Server 2022,7.8,0.03447,False,CVE CVE-2024-38241 affects Windows Server 2022. EPSS score 0.0345 indicates moderate exploitation probability. Not confirmed exploited in the wild.
CVE-2024-38241,Windows 10 Pro,7.8,0.03447,False,CVE CVE-2024-38241 affects Windows 10 Pro. EPSS score 0.0345 indicates moderate exploitation probability. Not confirmed exploited in the wild.
CVE-2024-43512,Windows Server 2022,6.5,0.03423,False,CVE CVE-2024-43512 affects Windows Server 2022. EPSS score 0.0342 indicates moderate exploitation probability. Not confirmed exploited in the wild.
CVE-2024-21438,Windows Server 2022,7.5,0.03412,False,CVE CVE-2024-21438 affects Windows Server 2022. EPSS score 0.0341 indicates moderate exploitation probability. Not confirmed exploited in the wild.
CVE-2024-21438,Windows 10 Pro,7.5,0.03412,False,CVE CVE-2024-21438 affects Windows 10 Pro. EPSS score 0.0341 indicates moderate exploitation probability. Not confirmed exploited in the wild.
CVE-2024-20680,Windows Server 2022,6.5,0.0339,False,CVE CVE-2024-20680 affects Windows Server 2022. EPSS score 0.0339 indicates moderate exploitation probability. Not confirmed exploited in the wild.
CVE-2024-20680,Windows 10 Pro,6.5,0.0339,False,CVE CVE-2024-20680 affects Windows 10 Pro. EPSS score 0.0339 indicates moderate exploitation probability. Not confirmed exploited in the wild.
CVE-2025-29966,Windows Server 2022,8.8,0.03389,False,CVE CVE-2025-29966 affects Windows Server 2022. EPSS score 0.0339 indicates moderate exploitation probability. Not confirmed exploited in the wild.
CVE-2025-29966,Windows 10 Pro,8.8,0.03389,False,CVE CVE-2025-29966 affects Windows 10 Pro. EPSS score 0.0339 indicates moderate exploitation probability. Not confirmed exploited in the wild.
CVE-2025-29967,Windows Server 2022,8.8,0.03389,False,CVE CVE-2025-29967 affects Windows Server 2022. EPSS score 0.0339 indicates moderate exploitation probability. Not confirmed exploited in the wild.
CVE-2025-29967,Windows 10 Pro,8.8,0.03389,False,CVE CVE-2025-29967 affects Windows 10 Pro. EPSS score 0.0339 indicates moderate exploitation probability. Not confirmed exploited in the wild.
CVE-2025-47171,Microsoft 365 Apps for Business,6.7,0.03324,False,CVE CVE-2025-47171 affects Microsoft 365 Apps for Business. EPSS score 0.0332 indicates moderate exploitation probability. Not confirmed exploited in the wild.
CVE-2025-21286,Windows Server 2022,8.8,0.03318,False,CVE CVE-2025-21286 affects Windows Server 2022. EPSS score 0.0332 indicates moderate exploitation probability. Not confirmed exploited in the wild.
CVE-2025-21286,Windows 10 Pro,8.8,0.03318,False,CVE CVE-2025-21286 affects Windows 10 Pro. EPSS score 0.0332 indicates moderate exploitation probability. Not confirmed exploited in the wild.
CVE-2025-21311,Windows Server 2022,9.8,0.03279,False,CVE CVE-2025-21311 affects Windows Server 2022. EPSS score 0.0328 indicates moderate exploitation probability. Not confirmed exploited in the wild.
CVE-2024-43515,Windows Server 2022,7.5,0.03216,False,CVE CVE-2024-43515 affects Windows Server 2022. EPSS score 0.0322 indicates moderate exploitation probability. Not confirmed exploited in the wild.
CVE-2024-43515,Windows 10 Pro,7.5,0.03216,False,CVE CVE-2024-43515 affects Windows 10 Pro. EPSS score 0.0322 indicates moderate exploitation probability. Not confirmed exploited in the wild.
CVE-2024-38052,Windows Server 2022,7.8,0.03212,False,CVE CVE-2024-38052 affects Windows Server 2022. EPSS score 0.0321 indicates moderate exploitation probability. Not confirmed exploited in the wild.
CVE-2024-38052,Windows 10 Pro,7.8,0.03212,False,CVE CVE-2024-38052 affects Windows 10 Pro. EPSS score 0.0321 indicates moderate exploitation probability. Not confirmed exploited in the wild.
CVE-2024-26244,Windows Server 2022,8.8,0.03201,False,CVE CVE-2024-26244 affects Windows Server 2022. EPSS score 0.0320 indicates moderate exploitation probability. Not confirmed exploited in the wild.
CVE-2024-26244,Windows 10 Pro,8.8,0.03201,False,CVE CVE-2024-26244 affects Windows 10 Pro. EPSS score 0.0320 indicates moderate exploitation probability. Not confirmed exploited in the wild.
CVE-2025-47981,Windows Server 2022,9.8,0.03201,False,CVE CVE-2025-47981 affects Windows Server 2022. EPSS score 0.0320 indicates moderate exploitation probability. Not confirmed exploited in the wild.
CVE-2025-47981,Windows 10 Pro,9.8,0.03201,False,CVE CVE-2025-47981 affects Windows 10 Pro. EPSS score 0.0320 indicates moderate exploitation probability. Not confirmed exploited in the wild.
CVE-2024-39573,Apache HTTP Server,7.5,0.03117,False,CVE CVE-2024-39573 affects Apache HTTP Server. EPSS score 0.0312 indicates moderate exploitation probability. Not confirmed exploited in the wild.
CVE-2024-43628,Windows Server 2022,8.8,0.03085,False,CVE CVE-2024-43628 affects Windows Server 2022. EPSS score 0.0308 indicates moderate exploitation probability. Not confirmed exploited in the wild.
CVE-2024-43628,Windows 10 Pro,8.8,0.03085,False,CVE CVE-2024-43628 affects Windows 10 Pro. EPSS score 0.0308 indicates moderate exploitation probability. Not confirmed exploited in the wild.
CVE-2024-30098,Windows Server 2022,7.5,0.03083,False,CVE CVE-2024-30098 affects Windows Server 2022. EPSS score 0.0308 indicates moderate exploitation probability. Not confirmed exploited in the wild.
CVE-2024-30098,Windows 10 Pro,7.5,0.03083,False,CVE CVE-2024-30098 affects Windows 10 Pro. EPSS score 0.0308 indicates moderate exploitation probability. Not confirmed exploited in the wild.
CVE-2024-20652,Windows Server 2022,8.1,0.03082,False,CVE CVE-2024-20652 affects Windows Server 2022. EPSS score 0.0308 indicates moderate exploitation probability. Not confirmed exploited in the wild.
CVE-2024-20652,Windows 10 Pro,8.1,0.03082,False,CVE CVE-2024-20652 affects Windows 10 Pro. EPSS score 0.0308 indicates moderate exploitation probability. Not confirmed exploited in the wild.
CVE-2024-38061,Windows Server 2022,7.5,0.03075,False,CVE CVE-2024-38061 affects Windows Server 2022. EPSS score 0.0307 indicates moderate exploitation probability. Not confirmed exploited in the wild.
CVE-2024-38061,Windows 10 Pro,7.5,0.03075,False,CVE CVE-2024-38061 affects Windows 10 Pro. EPSS score 0.0307 indicates moderate exploitation probability. Not confirmed exploited in the wild.
CVE-2025-48799,Windows 10 Pro,7.8,0.03071,False,CVE CVE-2025-48799 affects Windows 10 Pro. EPSS score 0.0307 indicates moderate exploitation probability. Not confirmed exploited in the wild.
CVE-2024-30034,Windows Server 2022,5.5,0.0307,False,CVE CVE-2024-30034 affects Windows Server 2022. EPSS score 0.0307 indicates moderate exploitation probability. Not confirmed exploited in the wild.
CVE-2024-30034,Windows 10 Pro,5.5,0.0307,False,CVE CVE-2024-30034 affects Windows 10 Pro. EPSS score 0.0307 indicates moderate exploitation probability. Not confirmed exploited in the wild.
CVE-2024-43635,Windows Server 2022,8.8,0.03059,False,CVE CVE-2024-43635 affects Windows Server 2022. EPSS score 0.0306 indicates moderate exploitation probability. Not confirmed exploited in the wild.
CVE-2024-43635,Windows 10 Pro,8.8,0.03059,False,CVE CVE-2024-43635 affects Windows 10 Pro. EPSS score 0.0306 indicates moderate exploitation probability. Not confirmed exploited in the wild.
CVE-2024-3833,Google Chrome,8.8,0.03051,False,CVE CVE-2024-3833 affects Google Chrome. EPSS score 0.0305 indicates moderate exploitation probability. Not confirmed exploited in the wild.
CVE-2025-29960,Windows Server 2022,6.5,0.03036,False,CVE CVE-2025-29960 affects Windows Server 2022. EPSS score 0.0304 indicates moderate exploitation probability. Not confirmed exploited in the wild.
CVE-2025-29960,Windows 10 Pro,6.5,0.03036,False,CVE CVE-2025-29960 affects Windows 10 Pro. EPSS score 0.0304 indicates moderate exploitation probability. Not confirmed exploited in the wild.
CVE-2025-29961,Windows Server 2022,6.5,0.03036,False,CVE CVE-2025-29961 affects Windows Server 2022. EPSS score 0.0304 indicates moderate exploitation probability. Not confirmed exploited in the wild.
CVE-2025-29961,Windows 10 Pro,6.5,0.03036,False,CVE CVE-2025-29961 affects Windows 10 Pro. EPSS score 0.0304 indicates moderate exploitation probability. Not confirmed exploited in the wild.
CVE-2024-21437,Windows Server 2022,7.8,0.03014,False,CVE CVE-2024-21437 affects Windows Server 2022. EPSS score 0.0301 indicates moderate exploitation probability. Not confirmed exploited in the wild.
CVE-2024-21437,Windows 10 Pro,7.8,0.03014,False,CVE CVE-2024-21437 affects Windows 10 Pro. EPSS score 0.0301 indicates moderate exploitation probability. Not confirmed exploited in the wild.
CVE-2024-29996,Windows Server 2022,7.8,0.03014,False,CVE CVE-2024-29996 affects Windows Server 2022. EPSS score 0.0301 indicates moderate exploitation probability. Not confirmed exploited in the wild.
CVE-2024-29996,Windows 10 Pro,7.8,0.03014,False,CVE CVE-2024-29996 affects Windows 10 Pro. EPSS score 0.0301 indicates moderate exploitation probability. Not confirmed exploited in the wild.
CVE-2024-30025,Windows Server 2022,7.8,0.03014,False,CVE CVE-2024-30025 affects Windows Server 2022. EPSS score 0.0301 indicates moderate exploitation probability. Not confirmed exploited in the wild.
CVE-2024-30025,Windows 10 Pro,7.8,0.03014,False,CVE CVE-2024-30025 affects Windows 10 Pro. EPSS score 0.0301 indicates moderate exploitation probability. Not confirmed exploited in the wild.
CVE-2024-26179,Windows Server 2022,8.8,0.0298,False,CVE CVE-2024-26179 affects Windows Server 2022. EPSS score 0.0298 indicates moderate exploitation probability. Not confirmed exploited in the wild.
CVE-2024-26179,Windows 10 Pro,8.8,0.0298,False,CVE CVE-2024-26179 affects Windows 10 Pro. EPSS score 0.0298 indicates moderate exploitation probability. Not confirmed exploited in the wild.
CVE-2024-26200,Windows Server 2022,8.8,0.0298,False,CVE CVE-2024-26200 affects Windows Server 2022. EPSS score 0.0298 indicates moderate exploitation probability. Not confirmed exploited in the wild.
CVE-2024-26200,Windows 10 Pro,8.8,0.0298,False,CVE CVE-2024-26200 affects Windows 10 Pro. EPSS score 0.0298 indicates moderate exploitation probability. Not confirmed exploited in the wild.
CVE-2024-26205,Windows Server 2022,8.8,0.0298,False,CVE CVE-2024-26205 affects Windows Server 2022. EPSS score 0.0298 indicates moderate exploitation probability. Not confirmed exploited in the wild.
CVE-2024-26205,Windows 10 Pro,8.8,0.0298,False,CVE CVE-2024-26205 affects Windows 10 Pro. EPSS score 0.0298 indicates moderate exploitation probability. Not confirmed exploited in the wild.
CVE-2024-26210,Windows Server 2022,8.8,0.0298,False,CVE CVE-2024-26210 affects Windows Server 2022. EPSS score 0.0298 indicates moderate exploitation probability. Not confirmed exploited in the wild.
CVE-2024-26210,Windows 10 Pro,8.8,0.0298,False,CVE CVE-2024-26210 affects Windows 10 Pro. EPSS score 0.0298 indicates moderate exploitation probability. Not confirmed exploited in the wild.
CVE-2025-24076,Windows Server 2022,7.3,0.02953,False,CVE CVE-2025-24076 affects Windows Server 2022. EPSS score 0.0295 indicates moderate exploitation probability. Not confirmed exploited in the wild.
CVE-2024-38202,Windows Server 2022,7.3,0.02935,False,CVE CVE-2024-38202 affects Windows Server 2022. EPSS score 0.0294 indicates moderate exploitation probability. Not confirmed exploited in the wild.
CVE-2024-38202,Windows 10 Pro,7.3,0.02935,False,CVE CVE-2024-38202 affects Windows 10 Pro. EPSS score 0.0294 indicates moderate exploitation probability. Not confirmed exploited in the wild.
CVE-2024-20653,Windows Server 2022,7.8,0.0292,False,CVE CVE-2024-20653 affects Windows Server 2022. EPSS score 0.0292 indicates moderate exploitation probability. Not confirmed exploited in the wild.
CVE-2024-20653,Windows 10 Pro,7.8,0.0292,False,CVE CVE-2024-20653 affects Windows 10 Pro. EPSS score 0.0292 indicates moderate exploitation probability. Not confirmed exploited in the wild.
CVE-2024-20683,Windows Server 2022,7.8,0.0292,False,CVE CVE-2024-20683 affects Windows Server 2022. EPSS score 0.0292 indicates moderate exploitation probability. Not confirmed exploited in the wild.
CVE-2024-20683,Windows 10 Pro,7.8,0.0292,False,CVE CVE-2024-20683 affects Windows 10 Pro. EPSS score 0.0292 indicates moderate exploitation probability. Not confirmed exploited in the wild.
CVE-2024-37987,Windows Server 2022,8.0,0.02909,False,CVE CVE-2024-37987 affects Windows Server 2022. EPSS score 0.0291 indicates moderate exploitation probability. Not confirmed exploited in the wild.
CVE-2024-37987,Windows 10 Pro,8.0,0.02909,False,CVE CVE-2024-37987 affects Windows 10 Pro. EPSS score 0.0291 indicates moderate exploitation probability. Not confirmed exploited in the wild.
CVE-2024-38237,Windows Server 2022,7.8,0.02894,False,CVE CVE-2024-38237 affects Windows Server 2022. EPSS score 0.0289 indicates moderate exploitation probability. Not confirmed exploited in the wild.
CVE-2024-38237,Windows 10 Pro,7.8,0.02894,False,CVE CVE-2024-38237 affects Windows 10 Pro. EPSS score 0.0289 indicates moderate exploitation probability. Not confirmed exploited in the wild.
CVE-2024-30013,Windows Server 2022,8.8,0.02893,False,CVE CVE-2024-30013 affects Windows Server 2022. EPSS score 0.0289 indicates moderate exploitation probability. Not confirmed exploited in the wild.
CVE-2024-30013,Windows 10 Pro,8.8,0.02893,False,CVE CVE-2024-30013 affects Windows 10 Pro. EPSS score 0.0289 indicates moderate exploitation probability. Not confirmed exploited in the wild.
CVE-2024-43620,Windows Server 2022,8.8,0.02871,False,CVE CVE-2024-43620 affects Windows Server 2022. EPSS score 0.0287 indicates moderate exploitation probability. Not confirmed exploited in the wild.
CVE-2024-43620,Windows 10 Pro,8.8,0.02871,False,CVE CVE-2024-43620 affects Windows 10 Pro. EPSS score 0.0287 indicates moderate exploitation probability. Not confirmed exploited in the wild.
CVE-2024-43621,Windows Server 2022,8.8,0.02871,False,CVE CVE-2024-43621 affects Windows Server 2022. EPSS score 0.0287 indicates moderate exploitation probability. Not confirmed exploited in the wild.
CVE-2024-43621,Windows 10 Pro,8.8,0.02871,False,CVE CVE-2024-43621 affects Windows 10 Pro. EPSS score 0.0287 indicates moderate exploitation probability. Not confirmed exploited in the wild.
CVE-2024-43622,Windows Server 2022,8.8,0.02871,False,CVE CVE-2024-43622 affects Windows Server 2022. EPSS score 0.0287 indicates moderate exploitation probability. Not confirmed exploited in the wild.
CVE-2024-43622,Windows 10 Pro,8.8,0.02871,False,CVE CVE-2024-43622 affects Windows 10 Pro. EPSS score 0.0287 indicates moderate exploitation probability. Not confirmed exploited in the wild.
CVE-2024-43627,Windows Server 2022,8.8,0.02871,False,CVE CVE-2024-43627 affects Windows Server 2022. EPSS score 0.0287 indicates moderate exploitation probability. Not confirmed exploited in the wild.
CVE-2024-43627,Windows 10 Pro,8.8,0.02871,False,CVE CVE-2024-43627 affects Windows 10 Pro. EPSS score 0.0287 indicates moderate exploitation probability. Not confirmed exploited in the wild.
CVE-2024-43639,Windows Server 2022,9.8,0.02846,False,CVE CVE-2024-43639 affects Windows Server 2022. EPSS score 0.0285 indicates moderate exploitation probability. Not confirmed exploited in the wild.
CVE-2024-38019,Windows Server 2022,7.2,0.02807,False,CVE CVE-2024-38019 affects Windows Server 2022. EPSS score 0.0281 indicates moderate exploitation probability. Not confirmed exploited in the wild.
CVE-2024-38019,Windows 10 Pro,7.2,0.02807,False,CVE CVE-2024-38019 affects Windows 10 Pro. EPSS score 0.0281 indicates moderate exploitation probability. Not confirmed exploited in the wild.
CVE-2025-49630,Apache HTTP Server,7.5,0.02785,False,CVE CVE-2025-49630 affects Apache HTTP Server. EPSS score 0.0278 indicates moderate exploitation probability. Not confirmed exploited in the wild.
CVE-2024-49089,Windows Server 2022,7.2,0.02739,False,CVE CVE-2024-49089 affects Windows Server 2022. EPSS score 0.0274 indicates moderate exploitation probability. Not confirmed exploited in the wild.
CVE-2024-49089,Windows 10 Pro,7.2,0.02739,False,CVE CVE-2024-49089 affects Windows 10 Pro. EPSS score 0.0274 indicates moderate exploitation probability. Not confirmed exploited in the wild.
CVE-2024-26227,Windows Server 2022,7.2,0.02712,False,CVE CVE-2024-26227 affects Windows Server 2022. EPSS score 0.0271 indicates moderate exploitation probability. Not confirmed exploited in the wild.
CVE-2024-26231,Windows Server 2022,7.2,0.02712,False,CVE CVE-2024-26231 affects Windows Server 2022. EPSS score 0.0271 indicates moderate exploitation probability. Not confirmed exploited in the wild.
CVE-2024-26234,Windows Server 2022,6.7,0.02705,False,CVE CVE-2024-26234 affects Windows Server 2022. EPSS score 0.0271 indicates moderate exploitation probability. Not confirmed exploited in the wild.
CVE-2024-26234,Windows 10 Pro,6.7,0.02705,False,CVE CVE-2024-26234 affects Windows 10 Pro. EPSS score 0.0271 indicates moderate exploitation probability. Not confirmed exploited in the wild.
CVE-2024-26221,Windows Server 2022,7.2,0.0269,False,CVE CVE-2024-26221 affects Windows Server 2022. EPSS score 0.0269 indicates moderate exploitation probability. Not confirmed exploited in the wild.
CVE-2024-1283,Google Chrome,9.8,0.02686,False,CVE CVE-2024-1283 affects Google Chrome. EPSS score 0.0269 indicates moderate exploitation probability. Not confirmed exploited in the wild.
CVE-2025-2135,Google Chrome,8.8,0.02631,False,CVE CVE-2025-2135 affects Google Chrome. EPSS score 0.0263 indicates moderate exploitation probability. Not confirmed exploited in the wild.
CVE-2024-30032,Windows Server 2022,7.8,0.02626,False,CVE CVE-2024-30032 affects Windows Server 2022. EPSS score 0.0263 indicates moderate exploitation probability. Not confirmed exploited in the wild.
CVE-2024-30032,Windows 10 Pro,7.8,0.02626,False,CVE CVE-2024-30032 affects Windows 10 Pro. EPSS score 0.0263 indicates moderate exploitation probability. Not confirmed exploited in the wild.
CVE-2024-30035,Windows Server 2022,7.8,0.02626,False,CVE CVE-2024-30035 affects Windows Server 2022. EPSS score 0.0263 indicates moderate exploitation probability. Not confirmed exploited in the wild.
CVE-2024-30035,Windows 10 Pro,7.8,0.02626,False,CVE CVE-2024-30035 affects Windows 10 Pro. EPSS score 0.0263 indicates moderate exploitation probability. Not confirmed exploited in the wild.
CVE-2024-38259,Windows Server 2022,8.8,0.02626,False,CVE CVE-2024-38259 affects Windows Server 2022. EPSS score 0.0263 indicates moderate exploitation probability. Not confirmed exploited in the wild.
CVE-2025-49730,Windows Server 2022,7.8,0.02618,False,CVE CVE-2025-49730 affects Windows Server 2022. EPSS score 0.0262 indicates moderate exploitation probability. Not confirmed exploited in the wild.
CVE-2025-49730,Windows 10 Pro,7.8,0.02618,False,CVE CVE-2025-49730 affects Windows 10 Pro. EPSS score 0.0262 indicates moderate exploitation probability. Not confirmed exploited in the wild.
CVE-2025-15467,OpenSSL,8.8,0.02616,False,CVE CVE-2025-15467 affects OpenSSL. EPSS score 0.0262 indicates moderate exploitation probability. Not confirmed exploited in the wild.
CVE-2025-53766,Windows Server 2022,9.8,0.02604,False,CVE CVE-2025-53766 affects Windows Server 2022. EPSS score 0.0260 indicates moderate exploitation probability. Not confirmed exploited in the wild.
CVE-2025-53766,Windows 10 Pro,9.8,0.02604,False,CVE CVE-2025-53766 affects Windows 10 Pro. EPSS score 0.0260 indicates moderate exploitation probability. Not confirmed exploited in the wild.
CVE-2024-30037,Windows Server 2022,5.5,0.02531,False,CVE CVE-2024-30037 affects Windows Server 2022. EPSS score 0.0253 indicates moderate exploitation probability. Not confirmed exploited in the wild.
CVE-2024-30037,Windows 10 Pro,5.5,0.02531,False,CVE CVE-2024-30037 affects Windows 10 Pro. EPSS score 0.0253 indicates moderate exploitation probability. Not confirmed exploited in the wild.
CVE-2025-33064,Windows Server 2022,8.8,0.02521,False,CVE CVE-2025-33064 affects Windows Server 2022. EPSS score 0.0252 indicates moderate exploitation probability. Not confirmed exploited in the wild.
CVE-2025-33064,Windows 10 Pro,8.8,0.02521,False,CVE CVE-2025-33064 affects Windows 10 Pro. EPSS score 0.0252 indicates moderate exploitation probability. Not confirmed exploited in the wild.
CVE-2024-38198,Windows Server 2022,7.5,0.02517,False,CVE CVE-2024-38198 affects Windows Server 2022. EPSS score 0.0252 indicates moderate exploitation probability. Not confirmed exploited in the wild.
CVE-2024-38198,Windows 10 Pro,7.5,0.02517,False,CVE CVE-2024-38198 affects Windows 10 Pro. EPSS score 0.0252 indicates moderate exploitation probability. Not confirmed exploited in the wild.
CVE-2024-12693,Google Chrome,8.8,0.02469,False,CVE CVE-2024-12693 affects Google Chrome. EPSS score 0.0247 indicates moderate exploitation probability. Not confirmed exploited in the wild.
CVE-2024-38045,Windows Server 2022,8.1,0.02465,False,CVE CVE-2024-38045 affects Windows Server 2022. EPSS score 0.0246 indicates moderate exploitation probability. Not confirmed exploited in the wild.
CVE-2024-38045,Windows 10 Pro,8.1,0.02465,False,CVE CVE-2024-38045 affects Windows 10 Pro. EPSS score 0.0246 indicates moderate exploitation probability. Not confirmed exploited in the wild.
CVE-2024-38240,Windows Server 2022,8.1,0.02442,False,CVE CVE-2024-38240 affects Windows Server 2022. EPSS score 0.0244 indicates moderate exploitation probability. Not confirmed exploited in the wild.
CVE-2024-38240,Windows 10 Pro,8.1,0.02442,False,CVE CVE-2024-38240 affects Windows 10 Pro. EPSS score 0.0244 indicates moderate exploitation probability. Not confirmed exploited in the wild.
CVE-2024-30280,Adobe Acrobat Reader DC,7.8,0.0243,False,CVE CVE-2024-30280 affects Adobe Acrobat Reader DC. EPSS score 0.0243 indicates moderate exploitation probability. Not confirmed exploited in the wild.
CVE-2024-39426,Adobe Acrobat Reader DC,7.8,0.02421,False,CVE CVE-2024-39426 affects Adobe Acrobat Reader DC. EPSS score 0.0242 indicates moderate exploitation probability. Not confirmed exploited in the wild.
CVE-2024-21416,Windows Server 2022,8.1,0.02417,False,CVE CVE-2024-21416 affects Windows Server 2022. EPSS score 0.0242 indicates moderate exploitation probability. Not confirmed exploited in the wild.
CVE-2024-21416,Windows 10 Pro,8.1,0.02417,False,CVE CVE-2024-21416 affects Windows 10 Pro. EPSS score 0.0242 indicates moderate exploitation probability. Not confirmed exploited in the wild.
CVE-2024-43629,Windows Server 2022,7.8,0.02415,False,CVE CVE-2024-43629 affects Windows Server 2022. EPSS score 0.0242 indicates moderate exploitation probability. Not confirmed exploited in the wild.
CVE-2024-43629,Windows 10 Pro,7.8,0.02415,False,CVE CVE-2024-43629 affects Windows 10 Pro. EPSS score 0.0242 indicates moderate exploitation probability. Not confirmed exploited in the wild.
CVE-2025-21389,Windows Server 2022,7.5,0.02393,False,CVE CVE-2025-21389 affects Windows Server 2022. EPSS score 0.0239 indicates moderate exploitation probability. Not confirmed exploited in the wild.
CVE-2025-21389,Windows 10 Pro,7.5,0.02393,False,CVE CVE-2025-21389 affects Windows 10 Pro. EPSS score 0.0239 indicates moderate exploitation probability. Not confirmed exploited in the wild.
CVE-2024-4558,Google Chrome,9.6,0.0238,False,CVE CVE-2024-4558 affects Google Chrome. EPSS score 0.0238 indicates moderate exploitation probability. Not confirmed exploited in the wild.
CVE-2024-37977,Windows Server 2022,8.0,0.02371,False,CVE CVE-2024-37977 affects Windows Server 2022. EPSS score 0.0237 indicates moderate exploitation probability. Not confirmed exploited in the wild.
CVE-2025-53149,Windows Server 2022,7.8,0.02352,False,CVE CVE-2025-53149 affects Windows Server 2022. EPSS score 0.0235 indicates moderate exploitation probability. Not confirmed exploited in the wild.
CVE-2025-53149,Windows 10 Pro,7.8,0.02352,False,CVE CVE-2025-53149 affects Windows 10 Pro. EPSS score 0.0235 indicates moderate exploitation probability. Not confirmed exploited in the wild.
CVE-2024-37972,Windows Server 2022,8.0,0.02348,False,CVE CVE-2024-37972 affects Windows Server 2022. EPSS score 0.0235 indicates moderate exploitation probability. Not confirmed exploited in the wild.
CVE-2024-37972,Windows 10 Pro,8.0,0.02348,False,CVE CVE-2024-37972 affects Windows 10 Pro. EPSS score 0.0235 indicates moderate exploitation probability. Not confirmed exploited in the wild.
CVE-2024-37978,Windows Server 2022,8.0,0.02348,False,CVE CVE-2024-37978 affects Windows Server 2022. EPSS score 0.0235 indicates moderate exploitation probability. Not confirmed exploited in the wild.
CVE-2025-32715,Windows Server 2022,6.5,0.02343,False,CVE CVE-2025-32715 affects Windows Server 2022. EPSS score 0.0234 indicates moderate exploitation probability. Not confirmed exploited in the wild.
CVE-2025-32715,Windows 10 Pro,6.5,0.02343,False,CVE CVE-2025-32715 affects Windows 10 Pro. EPSS score 0.0234 indicates moderate exploitation probability. Not confirmed exploited in the wild.
CVE-2025-21309,Windows Server 2022,8.1,0.02324,False,CVE CVE-2025-21309 affects Windows Server 2022. EPSS score 0.0232 indicates moderate exploitation probability. Not confirmed exploited in the wild.
CVE-2024-30089,Windows Server 2022,7.8,0.02295,False,CVE CVE-2024-30089 affects Windows Server 2022. EPSS score 0.0230 indicates moderate exploitation probability. Not confirmed exploited in the wild.
CVE-2024-30089,Windows 10 Pro,7.8,0.02295,False,CVE CVE-2024-30089 affects Windows 10 Pro. EPSS score 0.0230 indicates moderate exploitation probability. Not confirmed exploited in the wild.
CVE-2024-21352,Windows Server 2022,8.8,0.0227,False,CVE CVE-2024-21352 affects Windows Server 2022. EPSS score 0.0227 indicates moderate exploitation probability. Not confirmed exploited in the wild.
CVE-2024-21352,Windows 10 Pro,8.8,0.0227,False,CVE CVE-2024-21352 affects Windows 10 Pro. EPSS score 0.0227 indicates moderate exploitation probability. Not confirmed exploited in the wild.
CVE-2024-21391,Windows Server 2022,8.8,0.0227,False,CVE CVE-2024-21391 affects Windows Server 2022. EPSS score 0.0227 indicates moderate exploitation probability. Not confirmed exploited in the wild.
CVE-2024-21391,Windows 10 Pro,8.8,0.0227,False,CVE CVE-2024-21391 affects Windows 10 Pro. EPSS score 0.0227 indicates moderate exploitation probability. Not confirmed exploited in the wild.
CVE-2024-30011,Windows Server 2022,6.5,0.0226,False,CVE CVE-2024-30011 affects Windows Server 2022. EPSS score 0.0226 indicates moderate exploitation probability. Not confirmed exploited in the wild.
CVE-2025-29832,Windows Server 2022,6.5,0.02258,False,CVE CVE-2025-29832 affects Windows Server 2022. EPSS score 0.0226 indicates moderate exploitation probability. Not confirmed exploited in the wild.
CVE-2025-29832,Windows 10 Pro,6.5,0.02258,False,CVE CVE-2025-29832 affects Windows 10 Pro. EPSS score 0.0226 indicates moderate exploitation probability. Not confirmed exploited in the wild.
CVE-2025-29836,Windows Server 2022,6.5,0.02258,False,CVE CVE-2025-29836 affects Windows Server 2022. EPSS score 0.0226 indicates moderate exploitation probability. Not confirmed exploited in the wild.
CVE-2025-29836,Windows 10 Pro,6.5,0.02258,False,CVE CVE-2025-29836 affects Windows 10 Pro. EPSS score 0.0226 indicates moderate exploitation probability. Not confirmed exploited in the wild.
CVE-2024-26162,Windows Server 2022,8.8,0.02249,False,CVE CVE-2024-26162 affects Windows Server 2022. EPSS score 0.0225 indicates moderate exploitation probability. Not confirmed exploited in the wild.
CVE-2024-26162,Windows 10 Pro,8.8,0.02249,False,CVE CVE-2024-26162 affects Windows 10 Pro. EPSS score 0.0225 indicates moderate exploitation probability. Not confirmed exploited in the wild.
CVE-2025-29835,Windows Server 2022,6.5,0.02246,False,CVE CVE-2025-29835 affects Windows Server 2022. EPSS score 0.0225 indicates moderate exploitation probability. Not confirmed exploited in the wild.
CVE-2025-29835,Windows 10 Pro,6.5,0.02246,False,CVE CVE-2025-29835 affects Windows 10 Pro. EPSS score 0.0225 indicates moderate exploitation probability. Not confirmed exploited in the wild.
CVE-2024-49122,Windows Server 2022,8.1,0.02241,False,CVE CVE-2024-49122 affects Windows Server 2022. EPSS score 0.0224 indicates moderate exploitation probability. Not confirmed exploited in the wild.
CVE-2024-49122,Windows 10 Pro,8.1,0.02241,False,CVE CVE-2024-49122 affects Windows 10 Pro. EPSS score 0.0224 indicates moderate exploitation probability. Not confirmed exploited in the wild.
CVE-2024-26214,Windows Server 2022,8.8,0.02216,False,CVE CVE-2024-26214 affects Windows Server 2022. EPSS score 0.0222 indicates moderate exploitation probability. Not confirmed exploited in the wild.
CVE-2024-26214,Windows 10 Pro,8.8,0.02216,False,CVE CVE-2024-26214 affects Windows 10 Pro. EPSS score 0.0222 indicates moderate exploitation probability. Not confirmed exploited in the wild.
CVE-2024-12695,Google Chrome,8.8,0.02213,False,CVE CVE-2024-12695 affects Google Chrome. EPSS score 0.0221 indicates moderate exploitation probability. Not confirmed exploited in the wild.
CVE-2025-29962,Windows Server 2022,8.8,0.02176,False,CVE CVE-2025-29962 affects Windows Server 2022. EPSS score 0.0218 indicates moderate exploitation probability. Not confirmed exploited in the wild.
CVE-2025-29962,Windows 10 Pro,8.8,0.02176,False,CVE CVE-2025-29962 affects Windows 10 Pro. EPSS score 0.0218 indicates moderate exploitation probability. Not confirmed exploited in the wild.
CVE-2025-49744,Windows Server 2022,7.0,0.02171,False,CVE CVE-2025-49744 affects Windows Server 2022. EPSS score 0.0217 indicates moderate exploitation probability. Not confirmed exploited in the wild.
CVE-2025-49744,Windows 10 Pro,7.0,0.02171,False,CVE CVE-2025-49744 affects Windows 10 Pro. EPSS score 0.0217 indicates moderate exploitation probability. Not confirmed exploited in the wild.
CVE-2025-48814,Windows Server 2022,7.5,0.02168,False,CVE CVE-2025-48814 affects Windows Server 2022. EPSS score 0.0217 indicates moderate exploitation probability. Not confirmed exploited in the wild.
CVE-2025-48814,Windows 10 Pro,7.5,0.02168,False,CVE CVE-2025-48814 affects Windows 10 Pro. EPSS score 0.0217 indicates moderate exploitation probability. Not confirmed exploited in the wild.
CVE-2024-26182,Windows 10 Pro,7.8,0.02152,False,CVE CVE-2024-26182 affects Windows 10 Pro. EPSS score 0.0215 indicates moderate exploitation probability. Not confirmed exploited in the wild.
CVE-2024-20654,Windows Server 2022,8.0,0.02145,False,CVE CVE-2024-20654 affects Windows Server 2022. EPSS score 0.0215 indicates moderate exploitation probability. Not confirmed exploited in the wild.
CVE-2024-20654,Windows 10 Pro,8.0,0.02145,False,CVE CVE-2024-20654 affects Windows 10 Pro. EPSS score 0.0215 indicates moderate exploitation probability. Not confirmed exploited in the wild.
CVE-2025-21350,Windows Server 2022,5.9,0.02127,False,CVE CVE-2025-21350 affects Windows Server 2022. EPSS score 0.0213 indicates moderate exploitation probability. Not confirmed exploited in the wild.
CVE-2025-21350,Windows 10 Pro,5.9,0.02127,False,CVE CVE-2025-21350 affects Windows 10 Pro. EPSS score 0.0213 indicates moderate exploitation probability. Not confirmed exploited in the wild.
CVE-2024-39383,Adobe Acrobat Reader DC,7.8,0.02076,False,CVE CVE-2024-39383 affects Adobe Acrobat Reader DC. EPSS score 0.0208 indicates moderate exploitation probability. Not confirmed exploited in the wild.
CVE-2024-39422,Adobe Acrobat Reader DC,7.8,0.02076,False,CVE CVE-2024-39422 affects Adobe Acrobat Reader DC. EPSS score 0.0208 indicates moderate exploitation probability. Not confirmed exploited in the wild.
CVE-2024-39424,Adobe Acrobat Reader DC,7.8,0.02076,False,CVE CVE-2024-39424 affects Adobe Acrobat Reader DC. EPSS score 0.0208 indicates moderate exploitation probability. Not confirmed exploited in the wild.
CVE-2024-41831,Adobe Acrobat Reader DC,7.8,0.02076,False,CVE CVE-2024-41831 affects Adobe Acrobat Reader DC. EPSS score 0.0208 indicates moderate exploitation probability. Not confirmed exploited in the wild.
CVE-2025-21366,Microsoft 365 Apps for Business,7.8,0.02064,False,CVE CVE-2025-21366 affects Microsoft 365 Apps for Business. EPSS score 0.0206 indicates moderate exploitation probability. Not confirmed exploited in the wild.
CVE-2025-21395,Microsoft 365 Apps for Business,7.8,0.02064,False,CVE CVE-2025-21395 affects Microsoft 365 Apps for Business. EPSS score 0.0206 indicates moderate exploitation probability. Not confirmed exploited in the wild.
CVE-2024-37975,Windows Server 2022,8.0,0.02052,False,CVE CVE-2024-37975 affects Windows Server 2022. EPSS score 0.0205 indicates moderate exploitation probability. Not confirmed exploited in the wild.
CVE-2024-37975,Windows 10 Pro,8.0,0.02052,False,CVE CVE-2024-37975 affects Windows 10 Pro. EPSS score 0.0205 indicates moderate exploitation probability. Not confirmed exploited in the wild.
CVE-2024-37981,Windows Server 2022,8.0,0.02052,False,CVE CVE-2024-37981 affects Windows Server 2022. EPSS score 0.0205 indicates moderate exploitation probability. Not confirmed exploited in the wild.
CVE-2024-37981,Windows 10 Pro,8.0,0.02052,False,CVE CVE-2024-37981 affects Windows 10 Pro. EPSS score 0.0205 indicates moderate exploitation probability. Not confirmed exploited in the wild.
CVE-2024-37974,Windows Server 2022,8.0,0.02032,False,CVE CVE-2024-37974 affects Windows Server 2022. EPSS score 0.0203 indicates moderate exploitation probability. Not confirmed exploited in the wild.
CVE-2024-37974,Windows 10 Pro,8.0,0.02032,False,CVE CVE-2024-37974 affects Windows 10 Pro. EPSS score 0.0203 indicates moderate exploitation probability. Not confirmed exploited in the wild.
CVE-2024-37986,Windows Server 2022,8.0,0.02032,False,CVE CVE-2024-37986 affects Windows Server 2022. EPSS score 0.0203 indicates moderate exploitation probability. Not confirmed exploited in the wild.
CVE-2024-37986,Windows 10 Pro,8.0,0.02032,False,CVE CVE-2024-37986 affects Windows 10 Pro. EPSS score 0.0203 indicates moderate exploitation probability. Not confirmed exploited in the wild.
CVE-2025-47957,Microsoft 365 Apps for Business,8.4,0.02021,False,CVE CVE-2025-47957 affects Microsoft 365 Apps for Business. EPSS score 0.0202 indicates moderate exploitation probability. Not confirmed exploited in the wild.
CVE-2024-3156,Google Chrome,8.8,0.02015,False,CVE CVE-2024-3156 affects Google Chrome. EPSS score 0.0202 indicates moderate exploitation probability. Not confirmed exploited in the wild.
CVE-2025-29963,Windows Server 2022,8.8,0.02005,False,CVE CVE-2025-29963 affects Windows Server 2022. EPSS score 0.0200 indicates moderate exploitation probability. Not confirmed exploited in the wild.
CVE-2025-29963,Windows 10 Pro,8.8,0.02005,False,CVE CVE-2025-29963 affects Windows 10 Pro. EPSS score 0.0200 indicates moderate exploitation probability. Not confirmed exploited in the wild.
CVE-2025-29964,Windows Server 2022,8.8,0.02005,False,CVE CVE-2025-29964 affects Windows Server 2022. EPSS score 0.0200 indicates moderate exploitation probability. Not confirmed exploited in the wild.
CVE-2025-29964,Windows 10 Pro,8.8,0.02005,False,CVE CVE-2025-29964 affects Windows 10 Pro. EPSS score 0.0200 indicates moderate exploitation probability. Not confirmed exploited in the wild.
CVE-2024-38129,Windows Server 2022,7.5,0.01999,False,CVE CVE-2024-38129 affects Windows Server 2022. EPSS score 0.0200 indicates moderate exploitation probability. Not confirmed exploited in the wild.
CVE-2024-38244,Windows Server 2022,7.8,0.01978,False,CVE CVE-2024-38244 affects Windows Server 2022. EPSS score 0.0198 indicates moderate exploitation probability. Not confirmed exploited in the wild.
CVE-2024-38244,Windows 10 Pro,7.8,0.01978,False,CVE CVE-2024-38244 affects Windows 10 Pro. EPSS score 0.0198 indicates moderate exploitation probability. Not confirmed exploited in the wild.
CVE-2025-26647,Windows Server 2022,8.8,0.01959,False,CVE CVE-2025-26647 affects Windows Server 2022. EPSS score 0.0196 indicates moderate exploitation probability. Not confirmed exploited in the wild.
CVE-2024-26170,Windows Server 2022,7.8,0.01957,False,CVE CVE-2024-26170 affects Windows Server 2022. EPSS score 0.0196 indicates moderate exploitation probability. Not confirmed exploited in the wild.
CVE-2024-26170,Windows 10 Pro,7.8,0.01957,False,CVE CVE-2024-26170 affects Windows 10 Pro. EPSS score 0.0196 indicates moderate exploitation probability. Not confirmed exploited in the wild.
CVE-2024-49105,Windows Server 2022,8.4,0.01955,False,CVE CVE-2024-49105 affects Windows Server 2022. EPSS score 0.0196 indicates moderate exploitation probability. Not confirmed exploited in the wild.
CVE-2024-49105,Windows 10 Pro,8.4,0.01955,False,CVE CVE-2024-49105 affects Windows 10 Pro. EPSS score 0.0196 indicates moderate exploitation probability. Not confirmed exploited in the wild.
CVE-2024-38477,Apache HTTP Server,7.5,0.01924,False,CVE CVE-2024-38477 affects Apache HTTP Server. EPSS score 0.0192 indicates moderate exploitation probability. Not confirmed exploited in the wild.
CVE-2024-21358,Windows Server 2022,8.8,0.0192,False,CVE CVE-2024-21358 affects Windows Server 2022. EPSS score 0.0192 indicates moderate exploitation probability. Not confirmed exploited in the wild.
CVE-2024-21358,Windows 10 Pro,8.8,0.0192,False,CVE CVE-2024-21358 affects Windows 10 Pro. EPSS score 0.0192 indicates moderate exploitation probability. Not confirmed exploited in the wild.
CVE-2024-21360,Windows Server 2022,8.8,0.0192,False,CVE CVE-2024-21360 affects Windows Server 2022. EPSS score 0.0192 indicates moderate exploitation probability. Not confirmed exploited in the wild.
CVE-2024-21360,Windows 10 Pro,8.8,0.0192,False,CVE CVE-2024-21360 affects Windows 10 Pro. EPSS score 0.0192 indicates moderate exploitation probability. Not confirmed exploited in the wild.
CVE-2024-21365,Windows Server 2022,8.8,0.0192,False,CVE CVE-2024-21365 affects Windows Server 2022. EPSS score 0.0192 indicates moderate exploitation probability. Not confirmed exploited in the wild.
CVE-2024-21365,Windows 10 Pro,8.8,0.0192,False,CVE CVE-2024-21365 affects Windows 10 Pro. EPSS score 0.0192 indicates moderate exploitation probability. Not confirmed exploited in the wild.
CVE-2024-21366,Windows Server 2022,8.8,0.0192,False,CVE CVE-2024-21366 affects Windows Server 2022. EPSS score 0.0192 indicates moderate exploitation probability. Not confirmed exploited in the wild.
CVE-2024-21366,Windows 10 Pro,8.8,0.0192,False,CVE CVE-2024-21366 affects Windows 10 Pro. EPSS score 0.0192 indicates moderate exploitation probability. Not confirmed exploited in the wild.
CVE-2024-21370,Windows Server 2022,8.8,0.0192,False,CVE CVE-2024-21370 affects Windows Server 2022. EPSS score 0.0192 indicates moderate exploitation probability. Not confirmed exploited in the wild.
CVE-2024-21370,Windows 10 Pro,8.8,0.0192,False,CVE CVE-2024-21370 affects Windows 10 Pro. EPSS score 0.0192 indicates moderate exploitation probability. Not confirmed exploited in the wild.
CVE-2024-21375,Windows Server 2022,8.8,0.0192,False,CVE CVE-2024-21375 affects Windows Server 2022. EPSS score 0.0192 indicates moderate exploitation probability. Not confirmed exploited in the wild.
CVE-2024-21375,Windows 10 Pro,8.8,0.0192,False,CVE CVE-2024-21375 affects Windows 10 Pro. EPSS score 0.0192 indicates moderate exploitation probability. Not confirmed exploited in the wild.
CVE-2025-53716,Windows Server 2022,6.5,0.01919,False,CVE CVE-2025-53716 affects Windows Server 2022. EPSS score 0.0192 indicates moderate exploitation probability. Not confirmed exploited in the wild.
CVE-2025-53716,Windows 10 Pro,6.5,0.01919,False,CVE CVE-2025-53716 affects Windows 10 Pro. EPSS score 0.0192 indicates moderate exploitation probability. Not confirmed exploited in the wild.
CVE-2025-49724,Windows Server 2022,8.8,0.01916,False,CVE CVE-2025-49724 affects Windows Server 2022. EPSS score 0.0192 indicates moderate exploitation probability. Not confirmed exploited in the wild.
CVE-2025-49724,Windows 10 Pro,8.8,0.01916,False,CVE CVE-2025-49724 affects Windows 10 Pro. EPSS score 0.0192 indicates moderate exploitation probability. Not confirmed exploited in the wild.
CVE-2024-38231,Windows Server 2022,6.5,0.01915,False,CVE CVE-2024-38231 affects Windows Server 2022. EPSS score 0.0192 indicates moderate exploitation probability. Not confirmed exploited in the wild.
CVE-2024-30087,Windows Server 2022,7.8,0.01912,False,CVE CVE-2024-30087 affects Windows Server 2022. EPSS score 0.0191 indicates moderate exploitation probability. Not confirmed exploited in the wild.
CVE-2024-30087,Windows 10 Pro,7.8,0.01912,False,CVE CVE-2024-30087 affects Windows 10 Pro. EPSS score 0.0191 indicates moderate exploitation probability. Not confirmed exploited in the wild.
CVE-2024-21349,Windows Server 2022,8.8,0.01901,False,CVE CVE-2024-21349 affects Windows Server 2022. EPSS score 0.0190 indicates moderate exploitation probability. Not confirmed exploited in the wild.
CVE-2024-21349,Windows 10 Pro,8.8,0.01901,False,CVE CVE-2024-21349 affects Windows 10 Pro. EPSS score 0.0190 indicates moderate exploitation probability. Not confirmed exploited in the wild.
CVE-2024-21353,Windows Server 2022,8.8,0.01901,False,CVE CVE-2024-21353 affects Windows Server 2022. EPSS score 0.0190 indicates moderate exploitation probability. Not confirmed exploited in the wild.
CVE-2024-21359,Windows Server 2022,8.8,0.01901,False,CVE CVE-2024-21359 affects Windows Server 2022. EPSS score 0.0190 indicates moderate exploitation probability. Not confirmed exploited in the wild.
CVE-2024-21359,Windows 10 Pro,8.8,0.01901,False,CVE CVE-2024-21359 affects Windows 10 Pro. EPSS score 0.0190 indicates moderate exploitation probability. Not confirmed exploited in the wild.
CVE-2024-21361,Windows Server 2022,8.8,0.01901,False,CVE CVE-2024-21361 affects Windows Server 2022. EPSS score 0.0190 indicates moderate exploitation probability. Not confirmed exploited in the wild.
CVE-2024-21361,Windows 10 Pro,8.8,0.01901,False,CVE CVE-2024-21361 affects Windows 10 Pro. EPSS score 0.0190 indicates moderate exploitation probability. Not confirmed exploited in the wild.
CVE-2024-21367,Windows Server 2022,8.8,0.01901,False,CVE CVE-2024-21367 affects Windows Server 2022. EPSS score 0.0190 indicates moderate exploitation probability. Not confirmed exploited in the wild.
CVE-2024-21367,Windows 10 Pro,8.8,0.01901,False,CVE CVE-2024-21367 affects Windows 10 Pro. EPSS score 0.0190 indicates moderate exploitation probability. Not confirmed exploited in the wild.
CVE-2024-21368,Windows Server 2022,8.8,0.01901,False,CVE CVE-2024-21368 affects Windows Server 2022. EPSS score 0.0190 indicates moderate exploitation probability. Not confirmed exploited in the wild.
CVE-2024-21368,Windows 10 Pro,8.8,0.01901,False,CVE CVE-2024-21368 affects Windows 10 Pro. EPSS score 0.0190 indicates moderate exploitation probability. Not confirmed exploited in the wild.
CVE-2024-49125,Windows Server 2022,8.8,0.01898,False,CVE CVE-2024-49125 affects Windows Server 2022. EPSS score 0.0190 indicates moderate exploitation probability. Not confirmed exploited in the wild.
CVE-2024-38051,Windows Server 2022,7.8,0.01894,False,CVE CVE-2024-38051 affects Windows Server 2022. EPSS score 0.0189 indicates moderate exploitation probability. Not confirmed exploited in the wild.
CVE-2024-38051,Windows 10 Pro,7.8,0.01894,False,CVE CVE-2024-38051 affects Windows 10 Pro. EPSS score 0.0189 indicates moderate exploitation probability. Not confirmed exploited in the wild.
CVE-2025-21294,Windows Server 2022,8.1,0.01892,False,CVE CVE-2025-21294 affects Windows Server 2022. EPSS score 0.0189 indicates moderate exploitation probability. Not confirmed exploited in the wild.
CVE-2025-21294,Windows 10 Pro,8.1,0.01892,False,CVE CVE-2025-21294 affects Windows 10 Pro. EPSS score 0.0189 indicates moderate exploitation probability. Not confirmed exploited in the wild.
CVE-2024-37988,Windows Server 2022,8.0,0.01873,False,CVE CVE-2024-37988 affects Windows Server 2022. EPSS score 0.0187 indicates moderate exploitation probability. Not confirmed exploited in the wild.
CVE-2024-37988,Windows 10 Pro,8.0,0.01873,False,CVE CVE-2024-37988 affects Windows 10 Pro. EPSS score 0.0187 indicates moderate exploitation probability. Not confirmed exploited in the wild.
CVE-2024-37989,Windows Server 2022,8.0,0.01873,False,CVE CVE-2024-37989 affects Windows Server 2022. EPSS score 0.0187 indicates moderate exploitation probability. Not confirmed exploited in the wild.
CVE-2024-37989,Windows 10 Pro,8.0,0.01873,False,CVE CVE-2024-37989 affects Windows 10 Pro. EPSS score 0.0187 indicates moderate exploitation probability. Not confirmed exploited in the wild.
CVE-2024-38010,Windows Server 2022,8.0,0.01873,False,CVE CVE-2024-38010 affects Windows Server 2022. EPSS score 0.0187 indicates moderate exploitation probability. Not confirmed exploited in the wild.
CVE-2024-38010,Windows 10 Pro,8.0,0.01873,False,CVE CVE-2024-38010 affects Windows 10 Pro. EPSS score 0.0187 indicates moderate exploitation probability. Not confirmed exploited in the wild.
CVE-2024-30279,Adobe Acrobat Reader DC,7.8,0.01871,False,CVE CVE-2024-30279 affects Adobe Acrobat Reader DC. EPSS score 0.0187 indicates moderate exploitation probability. Not confirmed exploited in the wild.
CVE-2024-39423,Adobe Acrobat Reader DC,7.8,0.01864,False,CVE CVE-2024-39423 affects Adobe Acrobat Reader DC. EPSS score 0.0186 indicates moderate exploitation probability. Not confirmed exploited in the wild.
CVE-2025-21382,Windows Server 2022,7.8,0.01847,False,CVE CVE-2025-21382 affects Windows Server 2022. EPSS score 0.0185 indicates moderate exploitation probability. Not confirmed exploited in the wild.
CVE-2025-21382,Windows 10 Pro,7.8,0.01847,False,CVE CVE-2025-21382 affects Windows 10 Pro. EPSS score 0.0185 indicates moderate exploitation probability. Not confirmed exploited in the wild.
CVE-2025-26667,Windows Server 2022,6.5,0.01828,False,CVE CVE-2025-26667 affects Windows Server 2022. EPSS score 0.0183 indicates moderate exploitation probability. Not confirmed exploited in the wild.
CVE-2024-30102,Microsoft 365 Apps for Business,7.3,0.01827,False,CVE CVE-2024-30102 affects Microsoft 365 Apps for Business. EPSS score 0.0183 indicates moderate exploitation probability. Not confirmed exploited in the wild.
CVE-2024-21427,Windows Server 2022,7.5,0.01825,False,CVE CVE-2024-21427 affects Windows Server 2022. EPSS score 0.0182 indicates moderate exploitation probability. Not confirmed exploited in the wild.
CVE-2024-3846,Google Chrome,4.3,0.01819,False,CVE CVE-2024-3846 affects Google Chrome. EPSS score 0.0182 indicates moderate exploitation probability. Not confirmed exploited in the wild.
CVE-2024-43550,Windows Server 2022,7.4,0.01819,False,CVE CVE-2024-43550 affects Windows Server 2022. EPSS score 0.0182 indicates moderate exploitation probability. Not confirmed exploited in the wild.
CVE-2024-43550,Windows 10 Pro,7.4,0.01819,False,CVE CVE-2024-43550 affects Windows 10 Pro. EPSS score 0.0182 indicates moderate exploitation probability. Not confirmed exploited in the wild.
CVE-2024-21408,Windows Server 2022,5.5,0.01814,False,CVE CVE-2024-21408 affects Windows Server 2022. EPSS score 0.0181 indicates moderate exploitation probability. Not confirmed exploited in the wild.
CVE-2024-21408,Windows 10 Pro,5.5,0.01814,False,CVE CVE-2024-21408 affects Windows 10 Pro. EPSS score 0.0181 indicates moderate exploitation probability. Not confirmed exploited in the wild.
CVE-2024-21417,Windows Server 2022,8.8,0.01794,False,CVE CVE-2024-21417 affects Windows Server 2022. EPSS score 0.0179 indicates moderate exploitation probability. Not confirmed exploited in the wild.
CVE-2024-21417,Windows 10 Pro,8.8,0.01794,False,CVE CVE-2024-21417 affects Windows 10 Pro. EPSS score 0.0179 indicates moderate exploitation probability. Not confirmed exploited in the wild.
CVE-2024-20436,Cisco IOS XE,8.6,0.0178,False,CVE CVE-2024-20436 affects Cisco IOS XE. EPSS score 0.0178 indicates moderate exploitation probability. Not confirmed exploited in the wild.
CVE-2024-30022,Windows Server 2022,7.5,0.01776,False,CVE CVE-2024-30022 affects Windows Server 2022. EPSS score 0.0178 indicates moderate exploitation probability. Not confirmed exploited in the wild.
CVE-2024-30022,Windows 10 Pro,7.5,0.01776,False,CVE CVE-2024-30022 affects Windows 10 Pro. EPSS score 0.0178 indicates moderate exploitation probability. Not confirmed exploited in the wild.
CVE-2024-30023,Windows Server 2022,7.5,0.01776,False,CVE CVE-2024-30023 affects Windows Server 2022. EPSS score 0.0178 indicates moderate exploitation probability. Not confirmed exploited in the wild.
CVE-2024-30023,Windows 10 Pro,7.5,0.01776,False,CVE CVE-2024-30023 affects Windows 10 Pro. EPSS score 0.0178 indicates moderate exploitation probability. Not confirmed exploited in the wild.
CVE-2024-30024,Windows Server 2022,7.5,0.01776,False,CVE CVE-2024-30024 affects Windows Server 2022. EPSS score 0.0178 indicates moderate exploitation probability. Not confirmed exploited in the wild.
CVE-2024-30024,Windows 10 Pro,7.5,0.01776,False,CVE CVE-2024-30024 affects Windows 10 Pro. EPSS score 0.0178 indicates moderate exploitation probability. Not confirmed exploited in the wild.
CVE-2025-47978,Windows Server 2022,6.5,0.01772,False,CVE CVE-2025-47978 affects Windows Server 2022. EPSS score 0.0177 indicates moderate exploitation probability. Not confirmed exploited in the wild.
CVE-2024-30014,Windows Server 2022,7.5,0.01759,False,CVE CVE-2024-30014 affects Windows Server 2022. EPSS score 0.0176 indicates moderate exploitation probability. Not confirmed exploited in the wild.
CVE-2024-30014,Windows 10 Pro,7.5,0.01759,False,CVE CVE-2024-30014 affects Windows 10 Pro. EPSS score 0.0176 indicates moderate exploitation probability. Not confirmed exploited in the wild.
CVE-2024-30015,Windows Server 2022,7.5,0.01759,False,CVE CVE-2024-30015 affects Windows Server 2022. EPSS score 0.0176 indicates moderate exploitation probability. Not confirmed exploited in the wild.
CVE-2024-30015,Windows 10 Pro,7.5,0.01759,False,CVE CVE-2024-30015 affects Windows 10 Pro. EPSS score 0.0176 indicates moderate exploitation probability. Not confirmed exploited in the wild.
CVE-2024-30029,Windows Server 2022,7.5,0.01759,False,CVE CVE-2024-30029 affects Windows Server 2022. EPSS score 0.0176 indicates moderate exploitation probability. Not confirmed exploited in the wild.
CVE-2024-30029,Windows 10 Pro,7.5,0.01759,False,CVE CVE-2024-30029 affects Windows 10 Pro. EPSS score 0.0176 indicates moderate exploitation probability. Not confirmed exploited in the wild.
CVE-2025-49671,Windows Server 2022,6.5,0.01757,False,CVE CVE-2025-49671 affects Windows Server 2022. EPSS score 0.0176 indicates moderate exploitation probability. Not confirmed exploited in the wild.
CVE-2024-9965,Google Chrome,8.8,0.01745,False,CVE CVE-2024-9965 affects Google Chrome. EPSS score 0.0175 indicates moderate exploitation probability. Not confirmed exploited in the wild.
CVE-2025-50166,Windows Server 2022,6.5,0.01733,False,CVE CVE-2025-50166 affects Windows Server 2022. EPSS score 0.0173 indicates moderate exploitation probability. Not confirmed exploited in the wild.
CVE-2025-50166,Windows 10 Pro,6.5,0.01733,False,CVE CVE-2025-50166 affects Windows 10 Pro. EPSS score 0.0173 indicates moderate exploitation probability. Not confirmed exploited in the wild.
CVE-2025-21354,Microsoft 365 Apps for Business,8.4,0.01726,False,CVE CVE-2025-21354 affects Microsoft 365 Apps for Business. EPSS score 0.0173 indicates moderate exploitation probability. Not confirmed exploited in the wild.
CVE-2024-41879,Adobe Acrobat Reader DC,7.8,0.01724,False,CVE CVE-2024-41879 affects Adobe Acrobat Reader DC. EPSS score 0.0172 indicates moderate exploitation probability. Not confirmed exploited in the wild.
CVE-2025-49666,Windows Server 2022,7.2,0.01721,False,CVE CVE-2025-49666 affects Windows Server 2022. EPSS score 0.0172 indicates moderate exploitation probability. Not confirmed exploited in the wild.
CVE-2025-21295,Windows Server 2022,8.1,0.0171,False,CVE CVE-2025-21295 affects Windows Server 2022. EPSS score 0.0171 indicates moderate exploitation probability. Not confirmed exploited in the wild.
CVE-2025-21295,Windows 10 Pro,8.1,0.0171,False,CVE CVE-2025-21295 affects Windows 10 Pro. EPSS score 0.0171 indicates moderate exploitation probability. Not confirmed exploited in the wild.
CVE-2025-21297,Windows Server 2022,8.1,0.0171,False,CVE CVE-2025-21297 affects Windows Server 2022. EPSS score 0.0171 indicates moderate exploitation probability. Not confirmed exploited in the wild.
CVE-2025-47160,Windows Server 2022,5.4,0.01696,False,CVE CVE-2025-47160 affects Windows Server 2022. EPSS score 0.0170 indicates moderate exploitation probability. Not confirmed exploited in the wild.
CVE-2025-47160,Windows 10 Pro,5.4,0.01696,False,CVE CVE-2025-47160 affects Windows 10 Pro. EPSS score 0.0170 indicates moderate exploitation probability. Not confirmed exploited in the wild.
CVE-2025-21363,Microsoft 365 Apps for Business,7.8,0.01687,False,CVE CVE-2025-21363 affects Microsoft 365 Apps for Business. EPSS score 0.0169 indicates moderate exploitation probability. Not confirmed exploited in the wild.
CVE-2025-26669,Windows Server 2022,8.8,0.01657,False,CVE CVE-2025-26669 affects Windows Server 2022. EPSS score 0.0166 indicates moderate exploitation probability. Not confirmed exploited in the wild.
CVE-2025-26669,Windows 10 Pro,8.8,0.01657,False,CVE CVE-2025-26669 affects Windows 10 Pro. EPSS score 0.0166 indicates moderate exploitation probability. Not confirmed exploited in the wild.
CVE-2025-21252,Windows Server 2022,8.8,0.01654,False,CVE CVE-2025-21252 affects Windows Server 2022. EPSS score 0.0165 indicates moderate exploitation probability. Not confirmed exploited in the wild.
CVE-2025-21252,Windows 10 Pro,8.8,0.01654,False,CVE CVE-2025-21252 affects Windows 10 Pro. EPSS score 0.0165 indicates moderate exploitation probability. Not confirmed exploited in the wild.
CVE-2025-21266,Windows Server 2022,8.8,0.01654,False,CVE CVE-2025-21266 affects Windows Server 2022. EPSS score 0.0165 indicates moderate exploitation probability. Not confirmed exploited in the wild.
CVE-2025-21266,Windows 10 Pro,8.8,0.01654,False,CVE CVE-2025-21266 affects Windows 10 Pro. EPSS score 0.0165 indicates moderate exploitation probability. Not confirmed exploited in the wild.
CVE-2025-21273,Windows Server 2022,8.8,0.01654,False,CVE CVE-2025-21273 affects Windows Server 2022. EPSS score 0.0165 indicates moderate exploitation probability. Not confirmed exploited in the wild.
CVE-2025-21273,Windows 10 Pro,8.8,0.01654,False,CVE CVE-2025-21273 affects Windows 10 Pro. EPSS score 0.0165 indicates moderate exploitation probability. Not confirmed exploited in the wild.
CVE-2025-21282,Windows Server 2022,8.8,0.01654,False,CVE CVE-2025-21282 affects Windows Server 2022. EPSS score 0.0165 indicates moderate exploitation probability. Not confirmed exploited in the wild.
CVE-2025-21282,Windows 10 Pro,8.8,0.01654,False,CVE CVE-2025-21282 affects Windows 10 Pro. EPSS score 0.0165 indicates moderate exploitation probability. Not confirmed exploited in the wild.
CVE-2025-21291,Windows Server 2022,8.8,0.01654,False,CVE CVE-2025-21291 affects Windows Server 2022. EPSS score 0.0165 indicates moderate exploitation probability. Not confirmed exploited in the wild.
CVE-2025-21291,Windows 10 Pro,8.8,0.01654,False,CVE CVE-2025-21291 affects Windows 10 Pro. EPSS score 0.0165 indicates moderate exploitation probability. Not confirmed exploited in the wild.
CVE-2025-21306,Windows Server 2022,8.8,0.01654,False,CVE CVE-2025-21306 affects Windows Server 2022. EPSS score 0.0165 indicates moderate exploitation probability. Not confirmed exploited in the wild.
CVE-2025-21306,Windows 10 Pro,8.8,0.01654,False,CVE CVE-2025-21306 affects Windows 10 Pro. EPSS score 0.0165 indicates moderate exploitation probability. Not confirmed exploited in the wild.
CVE-2025-49683,Windows Server 2022,7.8,0.01633,False,CVE CVE-2025-49683 affects Windows Server 2022. EPSS score 0.0163 indicates moderate exploitation probability. Not confirmed exploited in the wild.
CVE-2025-49683,Windows 10 Pro,7.8,0.01633,False,CVE CVE-2025-49683 affects Windows 10 Pro. EPSS score 0.0163 indicates moderate exploitation probability. Not confirmed exploited in the wild.
CVE-2024-26159,Windows Server 2022,8.8,0.0163,False,CVE CVE-2024-26159 affects Windows Server 2022. EPSS score 0.0163 indicates moderate exploitation probability. Not confirmed exploited in the wild.
CVE-2024-26159,Windows 10 Pro,8.8,0.0163,False,CVE CVE-2024-26159 affects Windows 10 Pro. EPSS score 0.0163 indicates moderate exploitation probability. Not confirmed exploited in the wild.
CVE-2025-49722,Windows Server 2022,5.7,0.01611,False,CVE CVE-2025-49722 affects Windows Server 2022. EPSS score 0.0161 indicates moderate exploitation probability. Not confirmed exploited in the wild.
CVE-2025-49722,Windows 10 Pro,5.7,0.01611,False,CVE CVE-2025-49722 affects Windows 10 Pro. EPSS score 0.0161 indicates moderate exploitation probability. Not confirmed exploited in the wild.
CVE-2024-21450,Windows Server 2022,8.8,0.01583,False,CVE CVE-2024-21450 affects Windows Server 2022. EPSS score 0.0158 indicates moderate exploitation probability. Not confirmed exploited in the wild.
CVE-2024-21450,Windows 10 Pro,8.8,0.01583,False,CVE CVE-2024-21450 affects Windows 10 Pro. EPSS score 0.0158 indicates moderate exploitation probability. Not confirmed exploited in the wild.
CVE-2025-53778,Windows Server 2022,8.8,0.01573,False,CVE CVE-2025-53778 affects Windows Server 2022. EPSS score 0.0157 indicates moderate exploitation probability. Not confirmed exploited in the wild.
CVE-2025-53778,Windows 10 Pro,8.8,0.01573,False,CVE CVE-2025-53778 affects Windows 10 Pro. EPSS score 0.0157 indicates moderate exploitation probability. Not confirmed exploited in the wild.
CVE-2024-39420,Adobe Acrobat Reader DC,7.0,0.01561,False,CVE CVE-2024-39420 affects Adobe Acrobat Reader DC. EPSS score 0.0156 indicates moderate exploitation probability. Not confirmed exploited in the wild.
CVE-2025-47176,Microsoft 365 Apps for Business,7.8,0.01561,False,CVE CVE-2025-47176 affects Microsoft 365 Apps for Business. EPSS score 0.0156 indicates moderate exploitation probability. Not confirmed exploited in the wild.
CVE-2025-33066,Windows Server 2022,8.8,0.01543,False,CVE CVE-2025-33066 affects Windows Server 2022. EPSS score 0.0154 indicates moderate exploitation probability. Not confirmed exploited in the wild.
CVE-2025-33066,Windows 10 Pro,8.8,0.01543,False,CVE CVE-2025-33066 affects Windows 10 Pro. EPSS score 0.0154 indicates moderate exploitation probability. Not confirmed exploited in the wild.
CVE-2024-43447,Windows Server 2022,8.1,0.01542,False,CVE CVE-2024-43447 affects Windows Server 2022. EPSS score 0.0154 indicates moderate exploitation probability. Not confirmed exploited in the wild.
CVE-2024-21372,Windows Server 2022,8.8,0.0153,False,CVE CVE-2024-21372 affects Windows Server 2022. EPSS score 0.0153 indicates moderate exploitation probability. Not confirmed exploited in the wild.
CVE-2024-21372,Windows 10 Pro,8.8,0.0153,False,CVE CVE-2024-21372 affects Windows 10 Pro. EPSS score 0.0153 indicates moderate exploitation probability. Not confirmed exploited in the wild.
CVE-2024-43437,Moodle,5.4,0.01529,False,CVE CVE-2024-43437 affects Moodle. EPSS score 0.0153 indicates moderate exploitation probability. Not confirmed exploited in the wild.
CVE-2024-38016,Microsoft 365 Apps for Business,7.8,0.01506,False,CVE CVE-2024-38016 affects Microsoft 365 Apps for Business. EPSS score 0.0151 indicates moderate exploitation probability. Not confirmed exploited in the wild.
CVE-2024-21420,Windows Server 2022,8.8,0.01502,False,CVE CVE-2024-21420 affects Windows Server 2022. EPSS score 0.0150 indicates moderate exploitation probability. Not confirmed exploited in the wild.
CVE-2024-21420,Windows 10 Pro,8.8,0.01502,False,CVE CVE-2024-21420 affects Windows 10 Pro. EPSS score 0.0150 indicates moderate exploitation probability. Not confirmed exploited in the wild.
CVE-2024-5834,Google Chrome,8.8,0.01501,False,CVE CVE-2024-5834 affects Google Chrome. EPSS score 0.0150 indicates moderate exploitation probability. Not confirmed exploited in the wild.
CVE-2025-27474,Windows Server 2022,6.5,0.01498,False,CVE CVE-2025-27474 affects Windows Server 2022. EPSS score 0.0150 indicates moderate exploitation probability. Not confirmed exploited in the wild.
CVE-2024-20307,Cisco IOS XE,6.8,0.01495,False,CVE CVE-2024-20307 affects Cisco IOS XE. EPSS score 0.0149 indicates moderate exploitation probability. Not confirmed exploited in the wild.
CVE-2024-2886,Google Chrome,7.5,0.01495,False,CVE CVE-2024-2886 affects Google Chrome. EPSS score 0.0149 indicates moderate exploitation probability. Not confirmed exploited in the wild.
CVE-2025-29840,Windows Server 2022,8.8,0.01486,False,CVE CVE-2025-29840 affects Windows Server 2022. EPSS score 0.0149 indicates moderate exploitation probability. Not confirmed exploited in the wild.
CVE-2025-29840,Windows 10 Pro,8.8,0.01486,False,CVE CVE-2025-29840 affects Windows 10 Pro. EPSS score 0.0149 indicates moderate exploitation probability. Not confirmed exploited in the wild.
CVE-2025-33075,Windows Server 2022,7.8,0.01486,False,CVE CVE-2025-33075 affects Windows Server 2022. EPSS score 0.0149 indicates moderate exploitation probability. Not confirmed exploited in the wild.
CVE-2025-33075,Windows 10 Pro,7.8,0.01486,False,CVE CVE-2025-33075 affects Windows 10 Pro. EPSS score 0.0149 indicates moderate exploitation probability. Not confirmed exploited in the wild.
CVE-2024-38131,Windows Server 2022,8.8,0.01485,False,CVE CVE-2024-38131 affects Windows Server 2022. EPSS score 0.0149 indicates moderate exploitation probability. Not confirmed exploited in the wild.
CVE-2024-38131,Windows 10 Pro,8.8,0.01485,False,CVE CVE-2024-38131 affects Windows 10 Pro. EPSS score 0.0149 indicates moderate exploitation probability. Not confirmed exploited in the wild.
CVE-2025-33071,Windows Server 2022,8.1,0.01475,False,CVE CVE-2025-33071 affects Windows Server 2022. EPSS score 0.0147 indicates moderate exploitation probability. Not confirmed exploited in the wild.
CVE-2024-20729,Adobe Acrobat Reader DC,7.8,0.01473,False,CVE CVE-2024-20729 affects Adobe Acrobat Reader DC. EPSS score 0.0147 indicates moderate exploitation probability. Not confirmed exploited in the wild.
CVE-2024-26161,Windows Server 2022,8.8,0.01471,False,CVE CVE-2024-26161 affects Windows Server 2022. EPSS score 0.0147 indicates moderate exploitation probability. Not confirmed exploited in the wild.
CVE-2024-26161,Windows 10 Pro,8.8,0.01471,False,CVE CVE-2024-26161 affects Windows 10 Pro. EPSS score 0.0147 indicates moderate exploitation probability. Not confirmed exploited in the wild.
CVE-2024-26166,Windows Server 2022,8.8,0.01471,False,CVE CVE-2024-26166 affects Windows Server 2022. EPSS score 0.0147 indicates moderate exploitation probability. Not confirmed exploited in the wild.
CVE-2024-26166,Windows 10 Pro,8.8,0.01471,False,CVE CVE-2024-26166 affects Windows 10 Pro. EPSS score 0.0147 indicates moderate exploitation probability. Not confirmed exploited in the wild.
CVE-2025-47953,Microsoft 365 Apps for Business,8.4,0.01459,False,CVE CVE-2025-47953 affects Microsoft 365 Apps for Business. EPSS score 0.0146 indicates moderate exploitation probability. Not confirmed exploited in the wild.
CVE-2025-47980,Windows Server 2022,6.2,0.01456,False,CVE CVE-2025-47980 affects Windows Server 2022. EPSS score 0.0146 indicates moderate exploitation probability. Not confirmed exploited in the wild.
CVE-2025-47980,Windows 10 Pro,6.2,0.01456,False,CVE CVE-2025-47980 affects Windows 10 Pro. EPSS score 0.0146 indicates moderate exploitation probability. Not confirmed exploited in the wild.
CVE-2025-26664,Windows Server 2022,6.5,0.01447,False,CVE CVE-2025-26664 affects Windows Server 2022. EPSS score 0.0145 indicates moderate exploitation probability. Not confirmed exploited in the wild.
CVE-2025-26672,Windows Server 2022,6.5,0.01447,False,CVE CVE-2025-26672 affects Windows Server 2022. EPSS score 0.0145 indicates moderate exploitation probability. Not confirmed exploited in the wild.
CVE-2025-26672,Windows 10 Pro,6.5,0.01447,False,CVE CVE-2025-26672 affects Windows 10 Pro. EPSS score 0.0145 indicates moderate exploitation probability. Not confirmed exploited in the wild.
CVE-2025-26676,Windows Server 2022,6.5,0.01447,False,CVE CVE-2025-26676 affects Windows Server 2022. EPSS score 0.0145 indicates moderate exploitation probability. Not confirmed exploited in the wild.
CVE-2025-29974,Windows Server 2022,5.7,0.0143,False,CVE CVE-2025-29974 affects Windows Server 2022. EPSS score 0.0143 indicates moderate exploitation probability. Not confirmed exploited in the wild.
CVE-2025-29974,Windows 10 Pro,5.7,0.0143,False,CVE CVE-2025-29974 affects Windows 10 Pro. EPSS score 0.0143 indicates moderate exploitation probability. Not confirmed exploited in the wild.
CVE-2024-21440,Windows Server 2022,8.8,0.01429,False,CVE CVE-2024-21440 affects Windows Server 2022. EPSS score 0.0143 indicates moderate exploitation probability. Not confirmed exploited in the wild.
CVE-2024-21440,Windows 10 Pro,8.8,0.01429,False,CVE CVE-2024-21440 affects Windows 10 Pro. EPSS score 0.0143 indicates moderate exploitation probability. Not confirmed exploited in the wild.
CVE-2024-38099,Windows Server 2022,5.9,0.01417,False,CVE CVE-2024-38099 affects Windows Server 2022. EPSS score 0.0142 indicates moderate exploitation probability. Not confirmed exploited in the wild.
CVE-2024-29056,Windows Server 2022,4.3,0.01412,False,CVE CVE-2024-29056 affects Windows Server 2022. EPSS score 0.0141 indicates moderate exploitation probability. Not confirmed exploited in the wild.
CVE-2025-21176,Windows Server 2022,8.8,0.01411,False,CVE CVE-2025-21176 affects Windows Server 2022. EPSS score 0.0141 indicates moderate exploitation probability. Not confirmed exploited in the wild.
CVE-2025-21176,Windows 10 Pro,8.8,0.01411,False,CVE CVE-2025-21176 affects Windows 10 Pro. EPSS score 0.0141 indicates moderate exploitation probability. Not confirmed exploited in the wild.
CVE-2025-47994,Microsoft 365 Apps for Business,7.8,0.01406,False,CVE CVE-2025-47994 affects Microsoft 365 Apps for Business. EPSS score 0.0141 indicates moderate exploitation probability. Not confirmed exploited in the wild.
CVE-2024-33998,Moodle,5.4,0.01399,False,CVE CVE-2024-33998 affects Moodle. EPSS score 0.0140 indicates moderate exploitation probability. Not confirmed exploited in the wild.
CVE-2025-50156,Windows Server 2022,5.7,0.01397,False,CVE CVE-2025-50156 affects Windows Server 2022. EPSS score 0.0140 indicates moderate exploitation probability. Not confirmed exploited in the wild.
CVE-2025-50157,Windows Server 2022,5.7,0.01397,False,CVE CVE-2025-50157 affects Windows Server 2022. EPSS score 0.0140 indicates moderate exploitation probability. Not confirmed exploited in the wild.
CVE-2025-53138,Windows Server 2022,5.7,0.01397,False,CVE CVE-2025-53138 affects Windows Server 2022. EPSS score 0.0140 indicates moderate exploitation probability. Not confirmed exploited in the wild.
CVE-2026-33116,Windows Server 2022,7.5,0.01397,False,CVE CVE-2026-33116 affects Windows Server 2022. EPSS score 0.0140 indicates moderate exploitation probability. Not confirmed exploited in the wild.
CVE-2026-33116,Windows 10 Pro,7.5,0.01397,False,CVE CVE-2026-33116 affects Windows 10 Pro. EPSS score 0.0140 indicates moderate exploitation probability. Not confirmed exploited in the wild.
CVE-2025-3641,Moodle,8.8,0.01394,False,CVE CVE-2025-3641 affects Moodle. EPSS score 0.0139 indicates moderate exploitation probability. Not confirmed exploited in the wild.
CVE-2025-3642,Moodle,8.8,0.01394,False,CVE CVE-2025-3642 affects Moodle. EPSS score 0.0139 indicates moderate exploitation probability. Not confirmed exploited in the wild.
CVE-2024-2625,Google Chrome,8.8,0.01391,False,CVE CVE-2024-2625 affects Google Chrome. EPSS score 0.0139 indicates moderate exploitation probability. Not confirmed exploited in the wild.
CVE-2025-27751,Microsoft 365 Apps for Business,7.8,0.01391,False,CVE CVE-2025-27751 affects Microsoft 365 Apps for Business. EPSS score 0.0139 indicates moderate exploitation probability. Not confirmed exploited in the wild.
CVE-2024-3158,Google Chrome,8.8,0.01385,False,CVE CVE-2024-3158 affects Google Chrome. EPSS score 0.0138 indicates moderate exploitation probability. Not confirmed exploited in the wild.
CVE-2024-49075,Windows Server 2022,7.5,0.01385,False,CVE CVE-2024-49075 affects Windows Server 2022. EPSS score 0.0138 indicates moderate exploitation probability. Not confirmed exploited in the wild.
CVE-2024-49075,Windows 10 Pro,7.5,0.01385,False,CVE CVE-2024-49075 affects Windows 10 Pro. EPSS score 0.0138 indicates moderate exploitation probability. Not confirmed exploited in the wild.
CVE-2024-41830,Adobe Acrobat Reader DC,7.8,0.01381,False,CVE CVE-2024-41830 affects Adobe Acrobat Reader DC. EPSS score 0.0138 indicates moderate exploitation probability. Not confirmed exploited in the wild.
CVE-2024-38011,Windows Server 2022,8.0,0.01376,False,CVE CVE-2024-38011 affects Windows Server 2022. EPSS score 0.0138 indicates moderate exploitation probability. Not confirmed exploited in the wild.
CVE-2024-38011,Windows 10 Pro,8.0,0.01376,False,CVE CVE-2024-38011 affects Windows 10 Pro. EPSS score 0.0138 indicates moderate exploitation probability. Not confirmed exploited in the wild.
CVE-2024-43529,Windows Server 2022,7.3,0.01342,False,CVE CVE-2024-43529 affects Windows Server 2022. EPSS score 0.0134 indicates moderate exploitation probability. Not confirmed exploited in the wild.
CVE-2024-43529,Windows 10 Pro,7.3,0.01342,False,CVE CVE-2024-43529 affects Windows 10 Pro. EPSS score 0.0134 indicates moderate exploitation probability. Not confirmed exploited in the wild.
CVE-2024-43552,Windows Server 2022,7.3,0.01342,False,CVE CVE-2024-43552 affects Windows Server 2022. EPSS score 0.0134 indicates moderate exploitation probability. Not confirmed exploited in the wild.
CVE-2025-49670,Windows Server 2022,6.5,0.01339,False,CVE CVE-2025-49670 affects Windows Server 2022. EPSS score 0.0134 indicates moderate exploitation probability. Not confirmed exploited in the wild.
CVE-2025-49681,Windows Server 2022,6.5,0.01339,False,CVE CVE-2025-49681 affects Windows Server 2022. EPSS score 0.0134 indicates moderate exploitation probability. Not confirmed exploited in the wild.
CVE-2025-3891,Apache HTTP Server,7.5,0.01334,False,CVE CVE-2025-3891 affects Apache HTTP Server. EPSS score 0.0133 indicates moderate exploitation probability. Not confirmed exploited in the wild.
CVE-2024-2176,Google Chrome,8.8,0.01333,False,CVE CVE-2024-2176 affects Google Chrome. EPSS score 0.0133 indicates moderate exploitation probability. Not confirmed exploited in the wild.
CVE-2025-21218,Windows Server 2022,7.5,0.01314,False,CVE CVE-2025-21218 affects Windows Server 2022. EPSS score 0.0131 indicates moderate exploitation probability. Not confirmed exploited in the wild.
CVE-2025-21230,Windows Server 2022,7.5,0.01314,False,CVE CVE-2025-21230 affects Windows Server 2022. EPSS score 0.0131 indicates moderate exploitation probability. Not confirmed exploited in the wild.
CVE-2025-21230,Windows 10 Pro,7.5,0.01314,False,CVE CVE-2025-21230 affects Windows 10 Pro. EPSS score 0.0131 indicates moderate exploitation probability. Not confirmed exploited in the wild.
CVE-2025-21231,Windows Server 2022,7.5,0.01314,False,CVE CVE-2025-21231 affects Windows Server 2022. EPSS score 0.0131 indicates moderate exploitation probability. Not confirmed exploited in the wild.
CVE-2025-21231,Windows 10 Pro,7.5,0.01314,False,CVE CVE-2025-21231 affects Windows 10 Pro. EPSS score 0.0131 indicates moderate exploitation probability. Not confirmed exploited in the wild.
CVE-2025-21251,Windows Server 2022,7.5,0.01314,False,CVE CVE-2025-21251 affects Windows Server 2022. EPSS score 0.0131 indicates moderate exploitation probability. Not confirmed exploited in the wild.
CVE-2025-21251,Windows 10 Pro,7.5,0.01314,False,CVE CVE-2025-21251 affects Windows 10 Pro. EPSS score 0.0131 indicates moderate exploitation probability. Not confirmed exploited in the wild.
CVE-2025-21270,Windows Server 2022,7.5,0.01314,False,CVE CVE-2025-21270 affects Windows Server 2022. EPSS score 0.0131 indicates moderate exploitation probability. Not confirmed exploited in the wild.
CVE-2025-21270,Windows 10 Pro,7.5,0.01314,False,CVE CVE-2025-21270 affects Windows 10 Pro. EPSS score 0.0131 indicates moderate exploitation probability. Not confirmed exploited in the wild.
CVE-2025-21289,Windows Server 2022,7.5,0.01314,False,CVE CVE-2025-21289 affects Windows Server 2022. EPSS score 0.0131 indicates moderate exploitation probability. Not confirmed exploited in the wild.
CVE-2025-21289,Windows 10 Pro,7.5,0.01314,False,CVE CVE-2025-21289 affects Windows 10 Pro. EPSS score 0.0131 indicates moderate exploitation probability. Not confirmed exploited in the wild.
CVE-2025-21290,Windows Server 2022,7.5,0.01314,False,CVE CVE-2025-21290 affects Windows Server 2022. EPSS score 0.0131 indicates moderate exploitation probability. Not confirmed exploited in the wild.
CVE-2025-21290,Windows 10 Pro,7.5,0.01314,False,CVE CVE-2025-21290 affects Windows 10 Pro. EPSS score 0.0131 indicates moderate exploitation probability. Not confirmed exploited in the wild.
CVE-2025-21300,Windows Server 2022,7.5,0.01314,False,CVE CVE-2025-21300 affects Windows Server 2022. EPSS score 0.0131 indicates moderate exploitation probability. Not confirmed exploited in the wild.
CVE-2025-21300,Windows 10 Pro,7.5,0.01314,False,CVE CVE-2025-21300 affects Windows 10 Pro. EPSS score 0.0131 indicates moderate exploitation probability. Not confirmed exploited in the wild.
CVE-2025-21330,Windows Server 2022,7.5,0.01314,False,CVE CVE-2025-21330 affects Windows Server 2022. EPSS score 0.0131 indicates moderate exploitation probability. Not confirmed exploited in the wild.
CVE-2025-21330,Windows 10 Pro,7.5,0.01314,False,CVE CVE-2025-21330 affects Windows 10 Pro. EPSS score 0.0131 indicates moderate exploitation probability. Not confirmed exploited in the wild.
CVE-2025-47167,Microsoft 365 Apps for Business,8.4,0.01308,False,CVE CVE-2025-47167 affects Microsoft 365 Apps for Business. EPSS score 0.0131 indicates moderate exploitation probability. Not confirmed exploited in the wild.
CVE-2024-43495,Windows Server 2022,7.3,0.01307,False,CVE CVE-2024-43495 affects Windows Server 2022. EPSS score 0.0131 indicates moderate exploitation probability. Not confirmed exploited in the wild.
CVE-2024-5499,Google Chrome,8.8,0.01307,False,CVE CVE-2024-5499 affects Google Chrome. EPSS score 0.0131 indicates moderate exploitation probability. Not confirmed exploited in the wild.
CVE-2024-7968,Google Chrome,8.8,0.01303,False,CVE CVE-2024-7968 affects Google Chrome. EPSS score 0.0130 indicates moderate exploitation probability. Not confirmed exploited in the wild.
CVE-2024-37969,Windows Server 2022,8.0,0.01302,False,CVE CVE-2024-37969 affects Windows Server 2022. EPSS score 0.0130 indicates moderate exploitation probability. Not confirmed exploited in the wild.
CVE-2024-37969,Windows 10 Pro,8.0,0.01302,False,CVE CVE-2024-37969 affects Windows 10 Pro. EPSS score 0.0130 indicates moderate exploitation probability. Not confirmed exploited in the wild.
CVE-2024-37971,Windows Server 2022,8.0,0.01302,False,CVE CVE-2024-37971 affects Windows Server 2022. EPSS score 0.0130 indicates moderate exploitation probability. Not confirmed exploited in the wild.
CVE-2024-37971,Windows 10 Pro,8.0,0.01302,False,CVE CVE-2024-37971 affects Windows 10 Pro. EPSS score 0.0130 indicates moderate exploitation probability. Not confirmed exploited in the wild.
CVE-2024-3168,Google Chrome,8.8,0.01295,False,CVE CVE-2024-3168 affects Google Chrome. EPSS score 0.0129 indicates moderate exploitation probability. Not confirmed exploited in the wild.
CVE-2024-43439,Moodle,5.4,0.01292,False,CVE CVE-2024-43439 affects Moodle. EPSS score 0.0129 indicates moderate exploitation probability. Not confirmed exploited in the wild.
CVE-2025-21376,Windows Server 2022,8.1,0.01292,False,CVE CVE-2025-21376 affects Windows Server 2022. EPSS score 0.0129 indicates moderate exploitation probability. Not confirmed exploited in the wild.
CVE-2025-21376,Windows 10 Pro,8.1,0.01292,False,CVE CVE-2025-21376 affects Windows 10 Pro. EPSS score 0.0129 indicates moderate exploitation probability. Not confirmed exploited in the wild.
CVE-2024-37970,Windows Server 2022,8.0,0.01289,False,CVE CVE-2024-37970 affects Windows Server 2022. EPSS score 0.0129 indicates moderate exploitation probability. Not confirmed exploited in the wild.
CVE-2024-37970,Windows 10 Pro,8.0,0.01289,False,CVE CVE-2024-37970 affects Windows 10 Pro. EPSS score 0.0129 indicates moderate exploitation probability. Not confirmed exploited in the wild.
CVE-2025-32718,Windows Server 2022,7.8,0.01284,False,CVE CVE-2025-32718 affects Windows Server 2022. EPSS score 0.0128 indicates moderate exploitation probability. Not confirmed exploited in the wild.
CVE-2025-32718,Windows 10 Pro,7.8,0.01284,False,CVE CVE-2025-32718 affects Windows 10 Pro. EPSS score 0.0128 indicates moderate exploitation probability. Not confirmed exploited in the wild.
CVE-2025-26670,Windows Server 2022,8.1,0.01279,False,CVE CVE-2025-26670 affects Windows Server 2022. EPSS score 0.0128 indicates moderate exploitation probability. Not confirmed exploited in the wild.
CVE-2025-26670,Windows 10 Pro,8.1,0.01279,False,CVE CVE-2025-26670 affects Windows 10 Pro. EPSS score 0.0128 indicates moderate exploitation probability. Not confirmed exploited in the wild.
CVE-2024-21406,Windows Server 2022,7.5,0.01257,False,CVE CVE-2024-21406 affects Windows Server 2022. EPSS score 0.0126 indicates moderate exploitation probability. Not confirmed exploited in the wild.
CVE-2024-21406,Windows 10 Pro,7.5,0.01257,False,CVE CVE-2024-21406 affects Windows 10 Pro. EPSS score 0.0126 indicates moderate exploitation probability. Not confirmed exploited in the wild.
CVE-2024-3834,Google Chrome,8.8,0.01248,False,CVE CVE-2024-3834 affects Google Chrome. EPSS score 0.0125 indicates moderate exploitation probability. Not confirmed exploited in the wild.
CVE-2024-30007,Windows Server 2022,8.8,0.01245,False,CVE CVE-2024-30007 affects Windows Server 2022. EPSS score 0.0124 indicates moderate exploitation probability. Not confirmed exploited in the wild.
CVE-2024-43576,Microsoft 365 Apps for Business,7.8,0.01237,False,CVE CVE-2024-43576 affects Microsoft 365 Apps for Business. EPSS score 0.0124 indicates moderate exploitation probability. Not confirmed exploited in the wild.
CVE-2025-21302,Windows Server 2022,8.8,0.01224,False,CVE CVE-2025-21302 affects Windows Server 2022. EPSS score 0.0122 indicates moderate exploitation probability. Not confirmed exploited in the wild.
CVE-2025-21302,Windows 10 Pro,8.8,0.01224,False,CVE CVE-2025-21302 affects Windows 10 Pro. EPSS score 0.0122 indicates moderate exploitation probability. Not confirmed exploited in the wild.
CVE-2025-21303,Windows Server 2022,8.8,0.01224,False,CVE CVE-2025-21303 affects Windows Server 2022. EPSS score 0.0122 indicates moderate exploitation probability. Not confirmed exploited in the wild.
CVE-2025-21303,Windows 10 Pro,8.8,0.01224,False,CVE CVE-2025-21303 affects Windows 10 Pro. EPSS score 0.0122 indicates moderate exploitation probability. Not confirmed exploited in the wild.
CVE-2025-21305,Windows Server 2022,8.8,0.01224,False,CVE CVE-2025-21305 affects Windows Server 2022. EPSS score 0.0122 indicates moderate exploitation probability. Not confirmed exploited in the wild.
CVE-2025-21305,Windows 10 Pro,8.8,0.01224,False,CVE CVE-2025-21305 affects Windows 10 Pro. EPSS score 0.0122 indicates moderate exploitation probability. Not confirmed exploited in the wild.
CVE-2024-26235,Windows Server 2022,7.8,0.01222,False,CVE CVE-2024-26235 affects Windows Server 2022. EPSS score 0.0122 indicates moderate exploitation probability. Not confirmed exploited in the wild.
CVE-2024-20731,Adobe Acrobat Reader DC,7.8,0.01218,False,CVE CVE-2024-20731 affects Adobe Acrobat Reader DC. EPSS score 0.0122 indicates moderate exploitation probability. Not confirmed exploited in the wild.
CVE-2025-32717,Microsoft 365 Apps for Business,8.4,0.01212,False,CVE CVE-2025-32717 affects Microsoft 365 Apps for Business. EPSS score 0.0121 indicates moderate exploitation probability. Not confirmed exploited in the wild.
CVE-2025-47162,Microsoft 365 Apps for Business,8.4,0.01212,False,CVE CVE-2025-47162 affects Microsoft 365 Apps for Business. EPSS score 0.0121 indicates moderate exploitation probability. Not confirmed exploited in the wild.
CVE-2025-47164,Microsoft 365 Apps for Business,8.4,0.01212,False,CVE CVE-2025-47164 affects Microsoft 365 Apps for Business. EPSS score 0.0121 indicates moderate exploitation probability. Not confirmed exploited in the wild.
CVE-2024-43484,Windows Server 2022,7.5,0.0121,False,CVE CVE-2024-43484 affects Windows Server 2022. EPSS score 0.0121 indicates moderate exploitation probability. Not confirmed exploited in the wild.
CVE-2024-43484,Windows 10 Pro,7.5,0.0121,False,CVE CVE-2024-43484 affects Windows 10 Pro. EPSS score 0.0121 indicates moderate exploitation probability. Not confirmed exploited in the wild.
CVE-2024-31210,WordPress,7.6,0.01202,False,CVE CVE-2024-31210 affects WordPress. EPSS score 0.0120 indicates moderate exploitation probability. Not confirmed exploited in the wild.
CVE-2025-29809,Windows Server 2022,7.1,0.01197,False,CVE CVE-2025-29809 affects Windows Server 2022. EPSS score 0.0120 indicates moderate exploitation probability. Not confirmed exploited in the wild.
CVE-2025-29809,Windows 10 Pro,7.1,0.01197,False,CVE CVE-2025-29809 affects Windows 10 Pro. EPSS score 0.0120 indicates moderate exploitation probability. Not confirmed exploited in the wild.
CVE-2024-43450,Windows Server 2022,7.5,0.01196,False,CVE CVE-2024-43450 affects Windows Server 2022. EPSS score 0.0120 indicates moderate exploitation probability. Not confirmed exploited in the wild.
CVE-2025-20186,Cisco IOS XE,8.8,0.01196,False,CVE CVE-2025-20186 affects Cisco IOS XE. EPSS score 0.0120 indicates moderate exploitation probability. Not confirmed exploited in the wild.
CVE-2025-48003,Windows Server 2022,6.8,0.01196,False,CVE CVE-2025-48003 affects Windows Server 2022. EPSS score 0.0120 indicates moderate exploitation probability. Not confirmed exploited in the wild.
CVE-2025-48003,Windows 10 Pro,6.8,0.01196,False,CVE CVE-2025-48003 affects Windows 10 Pro. EPSS score 0.0120 indicates moderate exploitation probability. Not confirmed exploited in the wild.
CVE-2025-48800,Windows Server 2022,6.8,0.01196,False,CVE CVE-2025-48800 affects Windows Server 2022. EPSS score 0.0120 indicates moderate exploitation probability. Not confirmed exploited in the wild.
CVE-2025-48800,Windows 10 Pro,6.8,0.01196,False,CVE CVE-2025-48800 affects Windows 10 Pro. EPSS score 0.0120 indicates moderate exploitation probability. Not confirmed exploited in the wild.
CVE-2024-21441,Windows Server 2022,8.8,0.01171,False,CVE CVE-2024-21441 affects Windows Server 2022. EPSS score 0.0117 indicates moderate exploitation probability. Not confirmed exploited in the wild.
CVE-2024-21441,Windows 10 Pro,8.8,0.01171,False,CVE CVE-2024-21441 affects Windows 10 Pro. EPSS score 0.0117 indicates moderate exploitation probability. Not confirmed exploited in the wild.
CVE-2024-20726,Adobe Acrobat Reader DC,7.8,0.01167,False,CVE CVE-2024-20726 affects Adobe Acrobat Reader DC. EPSS score 0.0117 indicates moderate exploitation probability. Not confirmed exploited in the wild.
CVE-2024-20727,Adobe Acrobat Reader DC,7.8,0.01167,False,CVE CVE-2024-20727 affects Adobe Acrobat Reader DC. EPSS score 0.0117 indicates moderate exploitation probability. Not confirmed exploited in the wild.
CVE-2024-20728,Adobe Acrobat Reader DC,7.8,0.01167,False,CVE CVE-2024-20728 affects Adobe Acrobat Reader DC. EPSS score 0.0117 indicates moderate exploitation probability. Not confirmed exploited in the wild.
CVE-2024-4331,Google Chrome,8.8,0.01163,False,CVE CVE-2024-4331 affects Google Chrome. EPSS score 0.0116 indicates moderate exploitation probability. Not confirmed exploited in the wild.
CVE-2024-38261,Windows Server 2022,7.8,0.01158,False,CVE CVE-2024-38261 affects Windows Server 2022. EPSS score 0.0116 indicates moderate exploitation probability. Not confirmed exploited in the wild.
CVE-2024-29066,Windows Server 2022,7.2,0.01157,False,CVE CVE-2024-29066 affects Windows Server 2022. EPSS score 0.0116 indicates moderate exploitation probability. Not confirmed exploited in the wild.
CVE-2024-20480,Cisco IOS XE,8.6,0.01155,False,CVE CVE-2024-20480 affects Cisco IOS XE. EPSS score 0.0115 indicates moderate exploitation probability. Not confirmed exploited in the wild.
CVE-2024-38033,Windows Server 2022,7.3,0.01152,False,CVE CVE-2024-38033 affects Windows Server 2022. EPSS score 0.0115 indicates moderate exploitation probability. Not confirmed exploited in the wild.
CVE-2024-38033,Windows 10 Pro,7.3,0.01152,False,CVE CVE-2024-38033 affects Windows 10 Pro. EPSS score 0.0115 indicates moderate exploitation probability. Not confirmed exploited in the wild.
CVE-2024-21343,Windows Server 2022,5.9,0.01145,False,CVE CVE-2024-21343 affects Windows Server 2022. EPSS score 0.0115 indicates moderate exploitation probability. Not confirmed exploited in the wild.
CVE-2024-21343,Windows 10 Pro,5.9,0.01145,False,CVE CVE-2024-21343 affects Windows 10 Pro. EPSS score 0.0115 indicates moderate exploitation probability. Not confirmed exploited in the wild.
CVE-2024-30284,Adobe Acrobat Reader DC,7.8,0.01142,False,CVE CVE-2024-30284 affects Adobe Acrobat Reader DC. EPSS score 0.0114 indicates moderate exploitation probability. Not confirmed exploited in the wild.
CVE-2024-20433,Cisco IOS XE,8.6,0.01139,False,CVE CVE-2024-20433 affects Cisco IOS XE. EPSS score 0.0114 indicates moderate exploitation probability. Not confirmed exploited in the wild.
CVE-2024-30101,Microsoft 365 Apps for Business,7.5,0.01138,False,CVE CVE-2024-30101 affects Microsoft 365 Apps for Business. EPSS score 0.0114 indicates moderate exploitation probability. Not confirmed exploited in the wild.
CVE-2025-21186,Microsoft 365 Apps for Business,7.8,0.01131,False,CVE CVE-2025-21186 affects Microsoft 365 Apps for Business. EPSS score 0.0113 indicates moderate exploitation probability. Not confirmed exploited in the wild.
CVE-2025-48808,Windows Server 2022,5.5,0.01129,False,CVE CVE-2025-48808 affects Windows Server 2022. EPSS score 0.0113 indicates moderate exploitation probability. Not confirmed exploited in the wild.
CVE-2025-48808,Windows 10 Pro,5.5,0.01129,False,CVE CVE-2025-48808 affects Windows 10 Pro. EPSS score 0.0113 indicates moderate exploitation probability. Not confirmed exploited in the wild.
CVE-2025-49664,Windows Server 2022,5.5,0.01129,False,CVE CVE-2025-49664 affects Windows Server 2022. EPSS score 0.0113 indicates moderate exploitation probability. Not confirmed exploited in the wild.
CVE-2025-49664,Windows 10 Pro,5.5,0.01129,False,CVE CVE-2025-49664 affects Windows 10 Pro. EPSS score 0.0113 indicates moderate exploitation probability. Not confirmed exploited in the wild.
CVE-2024-24795,Apache HTTP Server,6.3,0.01123,False,CVE CVE-2024-24795 affects Apache HTTP Server. EPSS score 0.0112 indicates moderate exploitation probability. Not confirmed exploited in the wild.
CVE-2024-3844,Google Chrome,4.3,0.01113,False,CVE CVE-2024-3844 affects Google Chrome. EPSS score 0.0111 indicates moderate exploitation probability. Not confirmed exploited in the wild.
CVE-2025-27737,Windows Server 2022,8.6,0.01111,False,CVE CVE-2025-27737 affects Windows Server 2022. EPSS score 0.0111 indicates moderate exploitation probability. Not confirmed exploited in the wild.
CVE-2025-27737,Windows 10 Pro,8.6,0.01111,False,CVE CVE-2025-27737 affects Windows 10 Pro. EPSS score 0.0111 indicates moderate exploitation probability. Not confirmed exploited in the wild.
CVE-2024-21302,Windows Server 2022,6.7,0.01108,False,CVE CVE-2024-21302 affects Windows Server 2022. EPSS score 0.0111 indicates moderate exploitation probability. Not confirmed exploited in the wild.
CVE-2024-21302,Windows 10 Pro,6.7,0.01108,False,CVE CVE-2024-21302 affects Windows 10 Pro. EPSS score 0.0111 indicates moderate exploitation probability. Not confirmed exploited in the wild.
CVE-2025-49703,Microsoft 365 Apps for Business,7.8,0.01107,False,CVE CVE-2025-49703 affects Microsoft 365 Apps for Business. EPSS score 0.0111 indicates moderate exploitation probability. Not confirmed exploited in the wild.
CVE-2025-33067,Windows Server 2022,8.4,0.01101,False,CVE CVE-2025-33067 affects Windows Server 2022. EPSS score 0.0110 indicates moderate exploitation probability. Not confirmed exploited in the wild.
CVE-2025-33067,Windows 10 Pro,8.4,0.01101,False,CVE CVE-2025-33067 affects Windows 10 Pro. EPSS score 0.0110 indicates moderate exploitation probability. Not confirmed exploited in the wild.
CVE-2025-27738,Windows Server 2022,6.5,0.011,False,CVE CVE-2025-27738 affects Windows Server 2022. EPSS score 0.0110 indicates moderate exploitation probability. Not confirmed exploited in the wild.
CVE-2025-27738,Windows 10 Pro,6.5,0.011,False,CVE CVE-2025-27738 affects Windows 10 Pro. EPSS score 0.0110 indicates moderate exploitation probability. Not confirmed exploited in the wild.
CVE-2024-34100,Adobe Acrobat Reader DC,7.8,0.0109,False,CVE CVE-2024-34100 affects Adobe Acrobat Reader DC. EPSS score 0.0109 indicates moderate exploitation probability. Not confirmed exploited in the wild.
CVE-2024-3171,Google Chrome,8.8,0.01085,False,CVE CVE-2024-3171 affects Google Chrome. EPSS score 0.0109 indicates moderate exploitation probability. Not confirmed exploited in the wild.
CVE-2024-21347,Windows Server 2022,7.5,0.01081,False,CVE CVE-2024-21347 affects Windows Server 2022. EPSS score 0.0108 indicates moderate exploitation probability. Not confirmed exploited in the wild.
CVE-2024-21347,Windows 10 Pro,7.5,0.01081,False,CVE CVE-2024-21347 affects Windows 10 Pro. EPSS score 0.0108 indicates moderate exploitation probability. Not confirmed exploited in the wild.
CVE-2024-20692,Windows Server 2022,5.7,0.0107,False,CVE CVE-2024-20692 affects Windows Server 2022. EPSS score 0.0107 indicates moderate exploitation probability. Not confirmed exploited in the wild.
CVE-2024-20692,Windows 10 Pro,5.7,0.0107,False,CVE CVE-2024-20692 affects Windows 10 Pro. EPSS score 0.0107 indicates moderate exploitation probability. Not confirmed exploited in the wild.
CVE-2025-53148,Windows Server 2022,5.7,0.01069,False,CVE CVE-2025-53148 affects Windows Server 2022. EPSS score 0.0107 indicates moderate exploitation probability. Not confirmed exploited in the wild.
CVE-2025-53153,Windows Server 2022,5.7,0.01069,False,CVE CVE-2025-53153 affects Windows Server 2022. EPSS score 0.0107 indicates moderate exploitation probability. Not confirmed exploited in the wild.
CVE-2025-53719,Windows Server 2022,5.7,0.01069,False,CVE CVE-2025-53719 affects Windows Server 2022. EPSS score 0.0107 indicates moderate exploitation probability. Not confirmed exploited in the wild.
CVE-2025-29957,Windows Server 2022,6.2,0.01067,False,CVE CVE-2025-29957 affects Windows Server 2022. EPSS score 0.0107 indicates moderate exploitation probability. Not confirmed exploited in the wild.
CVE-2025-29957,Windows 10 Pro,6.2,0.01067,False,CVE CVE-2025-29957 affects Windows 10 Pro. EPSS score 0.0107 indicates moderate exploitation probability. Not confirmed exploited in the wild.
CVE-2024-21451,Windows Server 2022,8.8,0.01056,False,CVE CVE-2024-21451 affects Windows Server 2022. EPSS score 0.0106 indicates moderate exploitation probability. Not confirmed exploited in the wild.
CVE-2024-21451,Windows 10 Pro,8.8,0.01056,False,CVE CVE-2024-21451 affects Windows 10 Pro. EPSS score 0.0106 indicates moderate exploitation probability. Not confirmed exploited in the wild.
CVE-2025-29837,Windows Server 2022,5.5,0.01056,False,CVE CVE-2025-29837 affects Windows Server 2022. EPSS score 0.0106 indicates moderate exploitation probability. Not confirmed exploited in the wild.
CVE-2025-29837,Windows 10 Pro,5.5,0.01056,False,CVE CVE-2025-29837 affects Windows 10 Pro. EPSS score 0.0106 indicates moderate exploitation probability. Not confirmed exploited in the wild.
CVE-2024-38034,Windows Server 2022,7.8,0.01055,False,CVE CVE-2024-38034 affects Windows Server 2022. EPSS score 0.0106 indicates moderate exploitation probability. Not confirmed exploited in the wild.
CVE-2024-38034,Windows 10 Pro,7.8,0.01055,False,CVE CVE-2024-38034 affects Windows 10 Pro. EPSS score 0.0106 indicates moderate exploitation probability. Not confirmed exploited in the wild.
CVE-2025-21205,Windows Server 2022,8.8,0.01055,False,CVE CVE-2025-21205 affects Windows Server 2022. EPSS score 0.0106 indicates moderate exploitation probability. Not confirmed exploited in the wild.
CVE-2025-21205,Windows 10 Pro,8.8,0.01055,False,CVE CVE-2025-21205 affects Windows 10 Pro. EPSS score 0.0106 indicates moderate exploitation probability. Not confirmed exploited in the wild.
CVE-2025-21221,Windows Server 2022,8.8,0.01055,False,CVE CVE-2025-21221 affects Windows Server 2022. EPSS score 0.0106 indicates moderate exploitation probability. Not confirmed exploited in the wild.
CVE-2025-21221,Windows 10 Pro,8.8,0.01055,False,CVE CVE-2025-21221 affects Windows 10 Pro. EPSS score 0.0106 indicates moderate exploitation probability. Not confirmed exploited in the wild.
CVE-2025-21222,Windows Server 2022,8.8,0.01055,False,CVE CVE-2025-21222 affects Windows Server 2022. EPSS score 0.0106 indicates moderate exploitation probability. Not confirmed exploited in the wild.
CVE-2025-21222,Windows 10 Pro,8.8,0.01055,False,CVE CVE-2025-21222 affects Windows 10 Pro. EPSS score 0.0106 indicates moderate exploitation probability. Not confirmed exploited in the wild.
CVE-2025-47165,Microsoft 365 Apps for Business,7.8,0.01054,False,CVE CVE-2025-47165 affects Microsoft 365 Apps for Business. EPSS score 0.0105 indicates moderate exploitation probability. Not confirmed exploited in the wild.
CVE-2025-30394,Windows Server 2022,5.9,0.01044,False,CVE CVE-2025-30394 affects Windows Server 2022. EPSS score 0.0104 indicates moderate exploitation probability. Not confirmed exploited in the wild.
CVE-2025-49760,Windows Server 2022,3.5,0.01023,False,CVE CVE-2025-49760 affects Windows Server 2022. EPSS score 0.0102 indicates moderate exploitation probability. Not confirmed exploited in the wild.
CVE-2025-49760,Windows 10 Pro,3.5,0.01023,False,CVE CVE-2025-49760 affects Windows 10 Pro. EPSS score 0.0102 indicates moderate exploitation probability. Not confirmed exploited in the wild.
CVE-2025-48820,Windows Server 2022,7.8,0.01021,False,CVE CVE-2025-48820 affects Windows Server 2022. EPSS score 0.0102 indicates moderate exploitation probability. Not confirmed exploited in the wild.
CVE-2025-48820,Windows 10 Pro,7.8,0.01021,False,CVE CVE-2025-48820 affects Windows 10 Pro. EPSS score 0.0102 indicates moderate exploitation probability. Not confirmed exploited in the wild.
CVE-2025-47175,Microsoft 365 Apps for Business,7.8,0.01019,False,CVE CVE-2025-47175 affects Microsoft 365 Apps for Business. EPSS score 0.0102 indicates moderate exploitation probability. Not confirmed exploited in the wild.
CVE-2024-30019,Windows Server 2022,6.5,0.01018,False,CVE CVE-2024-30019 affects Windows Server 2022. EPSS score 0.0102 indicates moderate exploitation probability. Not confirmed exploited in the wild.
CVE-2024-43505,Microsoft 365 Apps for Business,7.8,0.01018,False,CVE CVE-2024-43505 affects Microsoft 365 Apps for Business. EPSS score 0.0102 indicates moderate exploitation probability. Not confirmed exploited in the wild.
CVE-2025-27480,Windows Server 2022,8.1,0.01017,False,CVE CVE-2025-27480 affects Windows Server 2022. EPSS score 0.0102 indicates moderate exploitation probability. Not confirmed exploited in the wild.
CVE-2024-26220,Windows Server 2022,5.0,0.01015,False,CVE CVE-2024-26220 affects Windows Server 2022. EPSS score 0.0101 indicates moderate exploitation probability. Not confirmed exploited in the wild.
CVE-2024-26220,Windows 10 Pro,5.0,0.01015,False,CVE CVE-2024-26220 affects Windows 10 Pro. EPSS score 0.0101 indicates moderate exploitation probability. Not confirmed exploited in the wild.
CVE-2024-37973,Windows Server 2022,8.8,0.01006,False,CVE CVE-2024-37973 affects Windows Server 2022. EPSS score 0.0101 indicates moderate exploitation probability. Not confirmed exploited in the wild.
CVE-2024-37973,Windows 10 Pro,8.8,0.01006,False,CVE CVE-2024-37973 affects Windows 10 Pro. EPSS score 0.0101 indicates moderate exploitation probability. Not confirmed exploited in the wild.
CVE-2025-49740,Windows Server 2022,8.8,0.01002,False,CVE CVE-2025-49740 affects Windows Server 2022. EPSS score 0.0100 indicates moderate exploitation probability. Not confirmed exploited in the wild.
CVE-2025-49740,Windows 10 Pro,8.8,0.01002,False,CVE CVE-2025-49740 affects Windows 10 Pro. EPSS score 0.0100 indicates moderate exploitation probability. Not confirmed exploited in the wild.
CVE-2025-21220,Windows Server 2022,7.5,0.01,False,CVE CVE-2025-21220 affects Windows Server 2022. EPSS score 0.0100 indicates moderate exploitation probability. Not confirmed exploited in the wild.
CVE-2025-21220,Windows 10 Pro,7.5,0.01,False,CVE CVE-2025-21220 affects Windows 10 Pro. EPSS score 0.0100 indicates moderate exploitation probability. Not confirmed exploited in the wild.
CVE-2025-32720,Windows Server 2022,5.5,0.01,False,CVE CVE-2025-32720 affects Windows Server 2022. EPSS score 0.0100 indicates moderate exploitation probability. Not confirmed exploited in the wild.
CVE-2025-32720,Windows 10 Pro,5.5,0.01,False,CVE CVE-2025-32720 affects Windows 10 Pro. EPSS score 0.0100 indicates moderate exploitation probability. Not confirmed exploited in the wild.
CVE-2024-33997,Moodle,6.1,0.00997,False,CVE CVE-2024-33997 affects Moodle. EPSS score 0.0100 indicates low exploitation probability. Not confirmed exploited in the wild.
CVE-2024-38274,Moodle,6.1,0.00994,False,CVE CVE-2024-38274 affects Moodle. EPSS score 0.0099 indicates low exploitation probability. Not confirmed exploited in the wild.
CVE-2024-38474,Apache HTTP Server,9.8,0.00994,False,CVE CVE-2024-38474 affects Apache HTTP Server. EPSS score 0.0099 indicates low exploitation probability. Not confirmed exploited in the wild.
CVE-2025-21356,Microsoft 365 Apps for Business,7.8,0.00989,False,CVE CVE-2025-21356 affects Microsoft 365 Apps for Business. EPSS score 0.0099 indicates low exploitation probability. Not confirmed exploited in the wild.
CVE-2024-29052,Windows Server 2022,7.8,0.00981,False,CVE CVE-2024-29052 affects Windows Server 2022. EPSS score 0.0098 indicates low exploitation probability. Not confirmed exploited in the wild.
CVE-2024-29052,Windows 10 Pro,7.8,0.00981,False,CVE CVE-2024-29052 affects Windows 10 Pro. EPSS score 0.0098 indicates low exploitation probability. Not confirmed exploited in the wild.
CVE-2025-48815,Windows Server 2022,7.8,0.00973,False,CVE CVE-2025-48815 affects Windows Server 2022. EPSS score 0.0097 indicates low exploitation probability. Not confirmed exploited in the wild.
CVE-2025-48815,Windows 10 Pro,7.8,0.00973,False,CVE CVE-2025-48815 affects Windows 10 Pro. EPSS score 0.0097 indicates low exploitation probability. Not confirmed exploited in the wild.
CVE-2025-49679,Windows Server 2022,7.8,0.00973,False,CVE CVE-2025-49679 affects Windows Server 2022. EPSS score 0.0097 indicates low exploitation probability. Not confirmed exploited in the wild.
CVE-2025-49679,Windows 10 Pro,7.8,0.00973,False,CVE CVE-2025-49679 affects Windows 10 Pro. EPSS score 0.0097 indicates low exploitation probability. Not confirmed exploited in the wild.
CVE-2024-30062,Windows Server 2022,7.8,0.00972,False,CVE CVE-2024-30062 affects Windows Server 2022. EPSS score 0.0097 indicates low exploitation probability. Not confirmed exploited in the wild.
CVE-2024-30095,Windows Server 2022,7.8,0.00972,False,CVE CVE-2024-30095 affects Windows Server 2022. EPSS score 0.0097 indicates low exploitation probability. Not confirmed exploited in the wild.
CVE-2024-30095,Windows 10 Pro,7.8,0.00972,False,CVE CVE-2024-30095 affects Windows 10 Pro. EPSS score 0.0097 indicates low exploitation probability. Not confirmed exploited in the wild.
CVE-2024-30310,Adobe Acrobat Reader DC,7.8,0.00971,False,CVE CVE-2024-30310 affects Adobe Acrobat Reader DC. EPSS score 0.0097 indicates low exploitation probability. Not confirmed exploited in the wild.
CVE-2024-1284,Google Chrome,9.8,0.0097,False,CVE CVE-2024-1284 affects Google Chrome. EPSS score 0.0097 indicates low exploitation probability. Not confirmed exploited in the wild.
CVE-2024-20437,Cisco IOS XE,8.1,0.00962,False,CVE CVE-2024-20437 affects Cisco IOS XE. EPSS score 0.0096 indicates low exploitation probability. Not confirmed exploited in the wild.
CVE-2024-2627,Google Chrome,8.8,0.00962,False,CVE CVE-2024-2627 affects Google Chrome. EPSS score 0.0096 indicates low exploitation probability. Not confirmed exploited in the wild.
CVE-2024-30094,Windows Server 2022,7.8,0.00962,False,CVE CVE-2024-30094 affects Windows Server 2022. EPSS score 0.0096 indicates low exploitation probability. Not confirmed exploited in the wild.
CVE-2024-30094,Windows 10 Pro,7.8,0.00962,False,CVE CVE-2024-30094 affects Windows 10 Pro. EPSS score 0.0096 indicates low exploitation probability. Not confirmed exploited in the wild.
CVE-2024-38152,Windows Server 2022,7.8,0.00962,False,CVE CVE-2024-38152 affects Windows Server 2022. EPSS score 0.0096 indicates low exploitation probability. Not confirmed exploited in the wild.
CVE-2024-38152,Windows 10 Pro,7.8,0.00962,False,CVE CVE-2024-38152 affects Windows 10 Pro. EPSS score 0.0096 indicates low exploitation probability. Not confirmed exploited in the wild.
CVE-2024-7964,Google Chrome,8.8,0.00962,False,CVE CVE-2024-7964 affects Google Chrome. EPSS score 0.0096 indicates low exploitation probability. Not confirmed exploited in the wild.
CVE-2025-26529,Moodle,8.3,0.00961,False,CVE CVE-2025-26529 affects Moodle. EPSS score 0.0096 indicates low exploitation probability. Not confirmed exploited in the wild.
CVE-2025-49735,Windows Server 2022,8.1,0.00961,False,CVE CVE-2025-49735 affects Windows Server 2022. EPSS score 0.0096 indicates low exploitation probability. Not confirmed exploited in the wild.
CVE-2024-43616,Microsoft 365 Apps for Business,7.8,0.0096,False,CVE CVE-2024-43616 affects Microsoft 365 Apps for Business. EPSS score 0.0096 indicates low exploitation probability. Not confirmed exploited in the wild.
CVE-2025-29829,Windows Server 2022,5.5,0.0096,False,CVE CVE-2025-29829 affects Windows Server 2022. EPSS score 0.0096 indicates low exploitation probability. Not confirmed exploited in the wild.
CVE-2025-29829,Windows 10 Pro,5.5,0.0096,False,CVE CVE-2025-29829 affects Windows 10 Pro. EPSS score 0.0096 indicates low exploitation probability. Not confirmed exploited in the wild.
CVE-2025-33052,Windows Server 2022,5.5,0.0096,False,CVE CVE-2025-33052 affects Windows Server 2022. EPSS score 0.0096 indicates low exploitation probability. Not confirmed exploited in the wild.
CVE-2025-33052,Windows 10 Pro,5.5,0.0096,False,CVE CVE-2025-33052 affects Windows 10 Pro. EPSS score 0.0096 indicates low exploitation probability. Not confirmed exploited in the wild.
CVE-2025-26530,Moodle,8.3,0.00957,False,CVE CVE-2025-26530 affects Moodle. EPSS score 0.0096 indicates low exploitation probability. Not confirmed exploited in the wild.
CVE-2024-28898,Windows Server 2022,6.3,0.00955,False,CVE CVE-2024-28898 affects Windows Server 2022. EPSS score 0.0095 indicates low exploitation probability. Not confirmed exploited in the wild.
CVE-2024-28898,Windows 10 Pro,6.3,0.00955,False,CVE CVE-2024-28898 affects Windows 10 Pro. EPSS score 0.0095 indicates low exploitation probability. Not confirmed exploited in the wild.
CVE-2025-20173,Cisco IOS XE,7.7,0.00947,False,CVE CVE-2025-20173 affects Cisco IOS XE. EPSS score 0.0095 indicates low exploitation probability. Not confirmed exploited in the wild.
CVE-2025-20176,Cisco IOS XE,7.7,0.00947,False,CVE CVE-2025-20176 affects Cisco IOS XE. EPSS score 0.0095 indicates low exploitation probability. Not confirmed exploited in the wild.
CVE-2024-38032,Windows 10 Pro,7.1,0.00944,False,CVE CVE-2024-38032 affects Windows 10 Pro. EPSS score 0.0094 indicates low exploitation probability. Not confirmed exploited in the wild.
CVE-2025-29828,Windows Server 2022,8.1,0.00942,False,CVE CVE-2025-29828 affects Windows Server 2022. EPSS score 0.0094 indicates low exploitation probability. Not confirmed exploited in the wild.
CVE-2025-21313,Windows Server 2022,6.5,0.0094,False,CVE CVE-2025-21313 affects Windows Server 2022. EPSS score 0.0094 indicates low exploitation probability. Not confirmed exploited in the wild.
CVE-2025-32712,Windows Server 2022,7.8,0.00939,False,CVE CVE-2025-32712 affects Windows Server 2022. EPSS score 0.0094 indicates low exploitation probability. Not confirmed exploited in the wild.
CVE-2025-32712,Windows 10 Pro,7.8,0.00939,False,CVE CVE-2025-32712 affects Windows 10 Pro. EPSS score 0.0094 indicates low exploitation probability. Not confirmed exploited in the wild.
CVE-2025-32713,Windows Server 2022,7.8,0.00939,False,CVE CVE-2025-32713 affects Windows Server 2022. EPSS score 0.0094 indicates low exploitation probability. Not confirmed exploited in the wild.
CVE-2025-32713,Windows 10 Pro,7.8,0.00939,False,CVE CVE-2025-32713 affects Windows 10 Pro. EPSS score 0.0094 indicates low exploitation probability. Not confirmed exploited in the wild.
CVE-2025-32716,Windows Server 2022,7.8,0.00939,False,CVE CVE-2025-32716 affects Windows Server 2022. EPSS score 0.0094 indicates low exploitation probability. Not confirmed exploited in the wild.
CVE-2025-32716,Windows 10 Pro,7.8,0.00939,False,CVE CVE-2025-32716 affects Windows 10 Pro. EPSS score 0.0094 indicates low exploitation probability. Not confirmed exploited in the wild.
CVE-2026-33826,Windows Server 2022,8.0,0.00932,False,CVE CVE-2026-33826 affects Windows Server 2022. EPSS score 0.0093 indicates low exploitation probability. Not confirmed exploited in the wild.
CVE-2025-48001,Windows Server 2022,6.8,0.00929,False,CVE CVE-2025-48001 affects Windows Server 2022. EPSS score 0.0093 indicates low exploitation probability. Not confirmed exploited in the wild.
CVE-2025-48001,Windows 10 Pro,6.8,0.00929,False,CVE CVE-2025-48001 affects Windows 10 Pro. EPSS score 0.0093 indicates low exploitation probability. Not confirmed exploited in the wild.
CVE-2025-48818,Windows Server 2022,6.8,0.00929,False,CVE CVE-2025-48818 affects Windows Server 2022. EPSS score 0.0093 indicates low exploitation probability. Not confirmed exploited in the wild.
CVE-2025-48818,Windows 10 Pro,6.8,0.00929,False,CVE CVE-2025-48818 affects Windows 10 Pro. EPSS score 0.0093 indicates low exploitation probability. Not confirmed exploited in the wild.
CVE-2024-30079,Windows Server 2022,7.8,0.00926,False,CVE CVE-2024-30079 affects Windows Server 2022. EPSS score 0.0093 indicates low exploitation probability. Not confirmed exploited in the wild.
CVE-2024-30079,Windows 10 Pro,7.8,0.00926,False,CVE CVE-2024-30079 affects Windows 10 Pro. EPSS score 0.0093 indicates low exploitation probability. Not confirmed exploited in the wild.
CVE-2025-54090,Apache HTTP Server,6.3,0.00924,False,CVE CVE-2025-54090 affects Apache HTTP Server. EPSS score 0.0092 indicates low exploitation probability. Not confirmed exploited in the wild.
CVE-2024-41869,Adobe Acrobat Reader DC,7.8,0.00922,False,CVE CVE-2024-41869 affects Adobe Acrobat Reader DC. EPSS score 0.0092 indicates low exploitation probability. Not confirmed exploited in the wild.
CVE-2025-21345,Microsoft 365 Apps for Business,7.8,0.00922,False,CVE CVE-2025-21345 affects Microsoft 365 Apps for Business. EPSS score 0.0092 indicates low exploitation probability. Not confirmed exploited in the wild.
CVE-2025-21203,Windows Server 2022,6.5,0.0092,False,CVE CVE-2025-21203 affects Windows Server 2022. EPSS score 0.0092 indicates low exploitation probability. Not confirmed exploited in the wild.
CVE-2024-42516,Apache HTTP Server,7.5,0.00916,False,CVE CVE-2024-42516 affects Apache HTTP Server. EPSS score 0.0092 indicates low exploitation probability. Not confirmed exploited in the wild.
CVE-2024-38022,Windows Server 2022,7.0,0.00915,False,CVE CVE-2024-38022 affects Windows Server 2022. EPSS score 0.0092 indicates low exploitation probability. Not confirmed exploited in the wild.
CVE-2024-38022,Windows 10 Pro,7.0,0.00915,False,CVE CVE-2024-38022 affects Windows 10 Pro. EPSS score 0.0092 indicates low exploitation probability. Not confirmed exploited in the wild.
CVE-2025-27729,Windows 10 Pro,7.8,0.00912,False,CVE CVE-2025-27729 affects Windows 10 Pro. EPSS score 0.0091 indicates low exploitation probability. Not confirmed exploited in the wild.
CVE-2024-43426,Moodle,7.5,0.00911,False,CVE CVE-2024-43426 affects Moodle. EPSS score 0.0091 indicates low exploitation probability. Not confirmed exploited in the wild.
CVE-2025-29831,Windows Server 2022,7.5,0.00907,False,CVE CVE-2025-29831 affects Windows Server 2022. EPSS score 0.0091 indicates low exploitation probability. Not confirmed exploited in the wild.
CVE-2026-20931,Windows Server 2022,8.0,0.00906,False,CVE CVE-2026-20931 affects Windows Server 2022. EPSS score 0.0091 indicates low exploitation probability. Not confirmed exploited in the wild.
CVE-2026-20931,Windows 10 Pro,8.0,0.00906,False,CVE CVE-2026-20931 affects Windows 10 Pro. EPSS score 0.0091 indicates low exploitation probability. Not confirmed exploited in the wild.
CVE-2024-21371,Windows Server 2022,7.0,0.00905,False,CVE CVE-2024-21371 affects Windows Server 2022. EPSS score 0.0091 indicates low exploitation probability. Not confirmed exploited in the wild.
CVE-2024-21371,Windows 10 Pro,7.0,0.00905,False,CVE CVE-2024-21371 affects Windows 10 Pro. EPSS score 0.0091 indicates low exploitation probability. Not confirmed exploited in the wild.
CVE-2025-21240,Windows Server 2022,8.8,0.00904,False,CVE CVE-2025-21240 affects Windows Server 2022. EPSS score 0.0090 indicates low exploitation probability. Not confirmed exploited in the wild.
CVE-2025-21240,Windows 10 Pro,8.8,0.00904,False,CVE CVE-2025-21240 affects Windows 10 Pro. EPSS score 0.0090 indicates low exploitation probability. Not confirmed exploited in the wild.
CVE-2025-21241,Windows Server 2022,8.8,0.00904,False,CVE CVE-2025-21241 affects Windows Server 2022. EPSS score 0.0090 indicates low exploitation probability. Not confirmed exploited in the wild.
CVE-2025-21241,Windows 10 Pro,8.8,0.00904,False,CVE CVE-2025-21241 affects Windows 10 Pro. EPSS score 0.0090 indicates low exploitation probability. Not confirmed exploited in the wild.
CVE-2025-21250,Windows Server 2022,8.8,0.00904,False,CVE CVE-2025-21250 affects Windows Server 2022. EPSS score 0.0090 indicates low exploitation probability. Not confirmed exploited in the wild.
CVE-2025-21250,Windows 10 Pro,8.8,0.00904,False,CVE CVE-2025-21250 affects Windows 10 Pro. EPSS score 0.0090 indicates low exploitation probability. Not confirmed exploited in the wild.
CVE-2025-27752,Microsoft 365 Apps for Business,7.8,0.00903,False,CVE CVE-2025-27752 affects Microsoft 365 Apps for Business. EPSS score 0.0090 indicates low exploitation probability. Not confirmed exploited in the wild.
CVE-2024-26189,Windows Server 2022,8.0,0.00898,False,CVE CVE-2024-26189 affects Windows Server 2022. EPSS score 0.0090 indicates low exploitation probability. Not confirmed exploited in the wild.
CVE-2024-26189,Windows 10 Pro,8.0,0.00898,False,CVE CVE-2024-26189 affects Windows 10 Pro. EPSS score 0.0090 indicates low exploitation probability. Not confirmed exploited in the wild.
CVE-2024-30084,Windows Server 2022,7.0,0.00898,False,CVE CVE-2024-30084 affects Windows Server 2022. EPSS score 0.0090 indicates low exploitation probability. Not confirmed exploited in the wild.
CVE-2024-30084,Windows 10 Pro,7.0,0.00898,False,CVE CVE-2024-30084 affects Windows 10 Pro. EPSS score 0.0090 indicates low exploitation probability. Not confirmed exploited in the wild.
CVE-2024-37976,Windows Server 2022,6.7,0.00898,False,CVE CVE-2024-37976 affects Windows Server 2022. EPSS score 0.0090 indicates low exploitation probability. Not confirmed exploited in the wild.
CVE-2024-37976,Windows 10 Pro,6.7,0.00898,False,CVE CVE-2024-37976 affects Windows 10 Pro. EPSS score 0.0090 indicates low exploitation probability. Not confirmed exploited in the wild.
CVE-2025-21325,Windows 10 Pro,7.8,0.00895,False,CVE CVE-2025-21325 affects Windows 10 Pro. EPSS score 0.0089 indicates low exploitation probability. Not confirmed exploited in the wild.
CVE-2024-20455,Cisco IOS XE,8.6,0.00893,False,CVE CVE-2024-20455 affects Cisco IOS XE. EPSS score 0.0089 indicates low exploitation probability. Not confirmed exploited in the wild.
CVE-2025-21308,Windows Server 2022,6.5,0.00893,False,CVE CVE-2025-21308 affects Windows Server 2022. EPSS score 0.0089 indicates low exploitation probability. Not confirmed exploited in the wild.
CVE-2025-21308,Windows 10 Pro,6.5,0.00893,False,CVE CVE-2025-21308 affects Windows 10 Pro. EPSS score 0.0089 indicates low exploitation probability. Not confirmed exploited in the wild.
CVE-2025-24065,Windows Server 2022,5.5,0.00889,False,CVE CVE-2025-24065 affects Windows Server 2022. EPSS score 0.0089 indicates low exploitation probability. Not confirmed exploited in the wild.
CVE-2025-24065,Windows 10 Pro,5.5,0.00889,False,CVE CVE-2025-24065 affects Windows 10 Pro. EPSS score 0.0089 indicates low exploitation probability. Not confirmed exploited in the wild.
CVE-2025-24068,Windows Server 2022,5.5,0.00889,False,CVE CVE-2025-24068 affects Windows Server 2022. EPSS score 0.0089 indicates low exploitation probability. Not confirmed exploited in the wild.
CVE-2025-24068,Windows 10 Pro,5.5,0.00889,False,CVE CVE-2025-24068 affects Windows 10 Pro. EPSS score 0.0089 indicates low exploitation probability. Not confirmed exploited in the wild.
CVE-2025-24069,Windows Server 2022,5.5,0.00889,False,CVE CVE-2025-24069 affects Windows Server 2022. EPSS score 0.0089 indicates low exploitation probability. Not confirmed exploited in the wild.
CVE-2025-24069,Windows 10 Pro,5.5,0.00889,False,CVE CVE-2025-24069 affects Windows 10 Pro. EPSS score 0.0089 indicates low exploitation probability. Not confirmed exploited in the wild.
CVE-2025-32719,Windows Server 2022,5.5,0.00889,False,CVE CVE-2025-32719 affects Windows Server 2022. EPSS score 0.0089 indicates low exploitation probability. Not confirmed exploited in the wild.
CVE-2025-32719,Windows 10 Pro,5.5,0.00889,False,CVE CVE-2025-32719 affects Windows 10 Pro. EPSS score 0.0089 indicates low exploitation probability. Not confirmed exploited in the wild.
CVE-2025-33055,Windows Server 2022,5.5,0.00889,False,CVE CVE-2025-33055 affects Windows Server 2022. EPSS score 0.0089 indicates low exploitation probability. Not confirmed exploited in the wild.
CVE-2025-33055,Windows 10 Pro,5.5,0.00889,False,CVE CVE-2025-33055 affects Windows 10 Pro. EPSS score 0.0089 indicates low exploitation probability. Not confirmed exploited in the wild.
CVE-2025-33058,Windows Server 2022,5.5,0.00889,False,CVE CVE-2025-33058 affects Windows Server 2022. EPSS score 0.0089 indicates low exploitation probability. Not confirmed exploited in the wild.
CVE-2025-33058,Windows 10 Pro,5.5,0.00889,False,CVE CVE-2025-33058 affects Windows 10 Pro. EPSS score 0.0089 indicates low exploitation probability. Not confirmed exploited in the wild.
CVE-2025-33059,Windows Server 2022,5.5,0.00889,False,CVE CVE-2025-33059 affects Windows Server 2022. EPSS score 0.0089 indicates low exploitation probability. Not confirmed exploited in the wild.
CVE-2025-33059,Windows 10 Pro,5.5,0.00889,False,CVE CVE-2025-33059 affects Windows 10 Pro. EPSS score 0.0089 indicates low exploitation probability. Not confirmed exploited in the wild.
CVE-2025-33060,Windows Server 2022,5.5,0.00889,False,CVE CVE-2025-33060 affects Windows Server 2022. EPSS score 0.0089 indicates low exploitation probability. Not confirmed exploited in the wild.
CVE-2025-33060,Windows 10 Pro,5.5,0.00889,False,CVE CVE-2025-33060 affects Windows 10 Pro. EPSS score 0.0089 indicates low exploitation probability. Not confirmed exploited in the wild.
CVE-2025-33061,Windows Server 2022,5.5,0.00889,False,CVE CVE-2025-33061 affects Windows Server 2022. EPSS score 0.0089 indicates low exploitation probability. Not confirmed exploited in the wild.
CVE-2025-33061,Windows 10 Pro,5.5,0.00889,False,CVE CVE-2025-33061 affects Windows 10 Pro. EPSS score 0.0089 indicates low exploitation probability. Not confirmed exploited in the wild.
CVE-2025-33062,Windows Server 2022,5.5,0.00889,False,CVE CVE-2025-33062 affects Windows Server 2022. EPSS score 0.0089 indicates low exploitation probability. Not confirmed exploited in the wild.
CVE-2025-33062,Windows 10 Pro,5.5,0.00889,False,CVE CVE-2025-33062 affects Windows 10 Pro. EPSS score 0.0089 indicates low exploitation probability. Not confirmed exploited in the wild.
CVE-2025-33063,Windows Server 2022,5.5,0.00889,False,CVE CVE-2025-33063 affects Windows Server 2022. EPSS score 0.0089 indicates low exploitation probability. Not confirmed exploited in the wild.
CVE-2025-33063,Windows 10 Pro,5.5,0.00889,False,CVE CVE-2025-33063 affects Windows 10 Pro. EPSS score 0.0089 indicates low exploitation probability. Not confirmed exploited in the wild.
CVE-2025-33065,Windows Server 2022,5.5,0.00889,False,CVE CVE-2025-33065 affects Windows Server 2022. EPSS score 0.0089 indicates low exploitation probability. Not confirmed exploited in the wild.
CVE-2025-33065,Windows 10 Pro,5.5,0.00889,False,CVE CVE-2025-33065 affects Windows 10 Pro. EPSS score 0.0089 indicates low exploitation probability. Not confirmed exploited in the wild.
CVE-2024-5496,Google Chrome,8.8,0.00884,False,CVE CVE-2024-5496 affects Google Chrome. EPSS score 0.0088 indicates low exploitation probability. Not confirmed exploited in the wild.
CVE-2025-47996,Windows Server 2022,7.8,0.00881,False,CVE CVE-2025-47996 affects Windows Server 2022. EPSS score 0.0088 indicates low exploitation probability. Not confirmed exploited in the wild.
CVE-2025-47996,Windows 10 Pro,7.8,0.00881,False,CVE CVE-2025-47996 affects Windows 10 Pro. EPSS score 0.0088 indicates low exploitation probability. Not confirmed exploited in the wild.
CVE-2025-48816,Windows Server 2022,7.8,0.00881,False,CVE CVE-2025-48816 affects Windows Server 2022. EPSS score 0.0088 indicates low exploitation probability. Not confirmed exploited in the wild.
CVE-2025-48816,Windows 10 Pro,7.8,0.00881,False,CVE CVE-2025-48816 affects Windows 10 Pro. EPSS score 0.0088 indicates low exploitation probability. Not confirmed exploited in the wild.
CVE-2025-49742,Windows Server 2022,7.8,0.00881,False,CVE CVE-2025-49742 affects Windows Server 2022. EPSS score 0.0088 indicates low exploitation probability. Not confirmed exploited in the wild.
CVE-2025-49742,Windows 10 Pro,7.8,0.00881,False,CVE CVE-2025-49742 affects Windows 10 Pro. EPSS score 0.0088 indicates low exploitation probability. Not confirmed exploited in the wild.
CVE-2024-43574,Windows Server 2022,8.3,0.00872,False,CVE CVE-2024-43574 affects Windows Server 2022. EPSS score 0.0087 indicates low exploitation probability. Not confirmed exploited in the wild.
CVE-2024-43574,Windows 10 Pro,8.3,0.00872,False,CVE CVE-2024-43574 affects Windows 10 Pro. EPSS score 0.0087 indicates low exploitation probability. Not confirmed exploited in the wild.
CVE-2025-47159,Windows Server 2022,7.8,0.00872,False,CVE CVE-2025-47159 affects Windows Server 2022. EPSS score 0.0087 indicates low exploitation probability. Not confirmed exploited in the wild.
CVE-2025-47159,Windows 10 Pro,7.8,0.00872,False,CVE CVE-2025-47159 affects Windows 10 Pro. EPSS score 0.0087 indicates low exploitation probability. Not confirmed exploited in the wild.
CVE-2025-49686,Windows Server 2022,7.8,0.00872,False,CVE CVE-2025-49686 affects Windows Server 2022. EPSS score 0.0087 indicates low exploitation probability. Not confirmed exploited in the wild.
CVE-2025-49686,Windows 10 Pro,7.8,0.00872,False,CVE CVE-2025-49686 affects Windows 10 Pro. EPSS score 0.0087 indicates low exploitation probability. Not confirmed exploited in the wild.
CVE-2025-49694,Windows Server 2022,7.8,0.00872,False,CVE CVE-2025-49694 affects Windows Server 2022. EPSS score 0.0087 indicates low exploitation probability. Not confirmed exploited in the wild.
CVE-2024-38053,Windows Server 2022,8.8,0.00871,False,CVE CVE-2024-38053 affects Windows Server 2022. EPSS score 0.0087 indicates low exploitation probability. Not confirmed exploited in the wild.
CVE-2024-38053,Windows 10 Pro,8.8,0.00871,False,CVE CVE-2024-38053 affects Windows 10 Pro. EPSS score 0.0087 indicates low exploitation probability. Not confirmed exploited in the wild.
CVE-2025-49689,Windows Server 2022,7.8,0.00871,False,CVE CVE-2025-49689 affects Windows Server 2022. EPSS score 0.0087 indicates low exploitation probability. Not confirmed exploited in the wild.
CVE-2025-49689,Windows 10 Pro,7.8,0.00871,False,CVE CVE-2025-49689 affects Windows 10 Pro. EPSS score 0.0087 indicates low exploitation probability. Not confirmed exploited in the wild.
CVE-2024-43463,Microsoft 365 Apps for Business,7.8,0.0087,False,CVE CVE-2024-43463 affects Microsoft 365 Apps for Business. EPSS score 0.0087 indicates low exploitation probability. Not confirmed exploited in the wild.
CVE-2024-26184,Windows Server 2022,6.8,0.00867,False,CVE CVE-2024-26184 affects Windows Server 2022. EPSS score 0.0087 indicates low exploitation probability. Not confirmed exploited in the wild.
CVE-2024-26184,Windows 10 Pro,6.8,0.00867,False,CVE CVE-2024-26184 affects Windows 10 Pro. EPSS score 0.0087 indicates low exploitation probability. Not confirmed exploited in the wild.
CVE-2024-0056,Windows Server 2022,8.7,0.00864,False,CVE CVE-2024-0056 affects Windows Server 2022. EPSS score 0.0086 indicates low exploitation probability. Not confirmed exploited in the wild.
CVE-2024-0056,Windows 10 Pro,8.7,0.00864,False,CVE CVE-2024-0056 affects Windows 10 Pro. EPSS score 0.0086 indicates low exploitation probability. Not confirmed exploited in the wild.
CVE-2024-20730,Adobe Acrobat Reader DC,7.8,0.00862,False,CVE CVE-2024-20730 affects Adobe Acrobat Reader DC. EPSS score 0.0086 indicates low exploitation probability. Not confirmed exploited in the wild.
CVE-2024-9859,Google Chrome,8.8,0.00862,False,CVE CVE-2024-9859 affects Google Chrome. EPSS score 0.0086 indicates low exploitation probability. Not confirmed exploited in the wild.
CVE-2024-30033,Windows Server 2022,7.0,0.00861,False,CVE CVE-2024-30033 affects Windows Server 2022. EPSS score 0.0086 indicates low exploitation probability. Not confirmed exploited in the wild.
CVE-2024-30033,Windows 10 Pro,7.0,0.00861,False,CVE CVE-2024-30033 affects Windows 10 Pro. EPSS score 0.0086 indicates low exploitation probability. Not confirmed exploited in the wild.
CVE-2025-0612,Google Chrome,7.5,0.00861,False,CVE CVE-2025-0612 affects Google Chrome. EPSS score 0.0086 indicates low exploitation probability. Not confirmed exploited in the wild.
CVE-2025-0443,Google Chrome,8.8,0.00859,False,CVE CVE-2025-0443 affects Google Chrome. EPSS score 0.0086 indicates low exploitation probability. Not confirmed exploited in the wild.
CVE-2025-0447,Google Chrome,8.8,0.00859,False,CVE CVE-2025-0447 affects Google Chrome. EPSS score 0.0086 indicates low exploitation probability. Not confirmed exploited in the wild.
CVE-2024-20700,Windows Server 2022,7.5,0.00856,False,CVE CVE-2024-20700 affects Windows Server 2022. EPSS score 0.0086 indicates low exploitation probability. Not confirmed exploited in the wild.
CVE-2024-20700,Windows 10 Pro,7.5,0.00856,False,CVE CVE-2024-20700 affects Windows 10 Pro. EPSS score 0.0086 indicates low exploitation probability. Not confirmed exploited in the wild.
CVE-2024-7966,Google Chrome,8.8,0.00853,False,CVE CVE-2024-7966 affects Google Chrome. EPSS score 0.0085 indicates low exploitation probability. Not confirmed exploited in the wild.
CVE-2024-21369,Windows Server 2022,8.8,0.00852,False,CVE CVE-2024-21369 affects Windows Server 2022. EPSS score 0.0085 indicates low exploitation probability. Not confirmed exploited in the wild.
CVE-2024-21369,Windows 10 Pro,8.8,0.00852,False,CVE CVE-2024-21369 affects Windows 10 Pro. EPSS score 0.0085 indicates low exploitation probability. Not confirmed exploited in the wild.
CVE-2024-26190,Windows Server 2022,7.5,0.00845,False,CVE CVE-2024-26190 affects Windows Server 2022. EPSS score 0.0084 indicates low exploitation probability. Not confirmed exploited in the wild.
CVE-2024-38102,Windows Server 2022,6.5,0.00845,False,CVE CVE-2024-38102 affects Windows Server 2022. EPSS score 0.0084 indicates low exploitation probability. Not confirmed exploited in the wild.
CVE-2024-38102,Windows 10 Pro,6.5,0.00845,False,CVE CVE-2024-38102 affects Windows 10 Pro. EPSS score 0.0084 indicates low exploitation probability. Not confirmed exploited in the wild.
CVE-2025-33070,Windows Server 2022,8.1,0.00843,False,CVE CVE-2025-33070 affects Windows Server 2022. EPSS score 0.0084 indicates low exploitation probability. Not confirmed exploited in the wild.
CVE-2025-33070,Windows 10 Pro,8.1,0.00843,False,CVE CVE-2025-33070 affects Windows 10 Pro. EPSS score 0.0084 indicates low exploitation probability. Not confirmed exploited in the wild.
CVE-2024-10827,Google Chrome,8.8,0.00839,False,CVE CVE-2024-10827 affects Google Chrome. EPSS score 0.0084 indicates low exploitation probability. Not confirmed exploited in the wild.
CVE-2024-49029,Microsoft 365 Apps for Business,7.8,0.00835,False,CVE CVE-2024-49029 affects Microsoft 365 Apps for Business. EPSS score 0.0083 indicates low exploitation probability. Not confirmed exploited in the wild.
CVE-2024-26232,Windows Server 2022,7.3,0.00831,False,CVE CVE-2024-26232 affects Windows Server 2022. EPSS score 0.0083 indicates low exploitation probability. Not confirmed exploited in the wild.
CVE-2024-26232,Windows 10 Pro,7.3,0.00831,False,CVE CVE-2024-26232 affects Windows 10 Pro. EPSS score 0.0083 indicates low exploitation probability. Not confirmed exploited in the wild.
CVE-2025-21207,Windows Server 2022,7.5,0.00831,False,CVE CVE-2025-21207 affects Windows Server 2022. EPSS score 0.0083 indicates low exploitation probability. Not confirmed exploited in the wild.
CVE-2025-21207,Windows 10 Pro,7.5,0.00831,False,CVE CVE-2025-21207 affects Windows 10 Pro. EPSS score 0.0083 indicates low exploitation probability. Not confirmed exploited in the wild.
CVE-2025-26639,Windows Server 2022,7.8,0.00829,False,CVE CVE-2025-26639 affects Windows Server 2022. EPSS score 0.0083 indicates low exploitation probability. Not confirmed exploited in the wild.
CVE-2025-26639,Windows 10 Pro,7.8,0.00829,False,CVE CVE-2025-26639 affects Windows 10 Pro. EPSS score 0.0083 indicates low exploitation probability. Not confirmed exploited in the wild.
CVE-2025-30375,Microsoft 365 Apps for Business,7.8,0.00824,False,CVE CVE-2025-30375 affects Microsoft 365 Apps for Business. EPSS score 0.0082 indicates low exploitation probability. Not confirmed exploited in the wild.
CVE-2025-30383,Microsoft 365 Apps for Business,7.8,0.00824,False,CVE CVE-2025-30383 affects Microsoft 365 Apps for Business. EPSS score 0.0082 indicates low exploitation probability. Not confirmed exploited in the wild.
CVE-2025-48812,Microsoft 365 Apps for Business,5.5,0.00822,False,CVE CVE-2025-48812 affects Microsoft 365 Apps for Business. EPSS score 0.0082 indicates low exploitation probability. Not confirmed exploited in the wild.
CVE-2024-20311,Cisco IOS XE,8.6,0.00817,False,CVE CVE-2024-20311 affects Cisco IOS XE. EPSS score 0.0082 indicates low exploitation probability. Not confirmed exploited in the wild.
CVE-2024-20314,Cisco IOS XE,8.6,0.00817,False,CVE CVE-2024-20314 affects Cisco IOS XE. EPSS score 0.0082 indicates low exploitation probability. Not confirmed exploited in the wild.
CVE-2024-20662,Windows Server 2022,4.9,0.00817,False,CVE CVE-2024-20662 affects Windows Server 2022. EPSS score 0.0082 indicates low exploitation probability. Not confirmed exploited in the wild.
CVE-2024-38105,Windows Server 2022,6.5,0.00817,False,CVE CVE-2024-38105 affects Windows Server 2022. EPSS score 0.0082 indicates low exploitation probability. Not confirmed exploited in the wild.
CVE-2024-38105,Windows 10 Pro,6.5,0.00817,False,CVE CVE-2024-38105 affects Windows 10 Pro. EPSS score 0.0082 indicates low exploitation probability. Not confirmed exploited in the wild.
CVE-2024-49031,Microsoft 365 Apps for Business,7.8,0.0081,False,CVE CVE-2024-49031 affects Microsoft 365 Apps for Business. EPSS score 0.0081 indicates low exploitation probability. Not confirmed exploited in the wild.
CVE-2024-49032,Microsoft 365 Apps for Business,7.8,0.0081,False,CVE CVE-2024-49032 affects Microsoft 365 Apps for Business. EPSS score 0.0081 indicates low exploitation probability. Not confirmed exploited in the wild.
CVE-2025-32714,Windows Server 2022,7.8,0.00809,False,CVE CVE-2025-32714 affects Windows Server 2022. EPSS score 0.0081 indicates low exploitation probability. Not confirmed exploited in the wild.
CVE-2025-32714,Windows 10 Pro,7.8,0.00809,False,CVE CVE-2025-32714 affects Windows 10 Pro. EPSS score 0.0081 indicates low exploitation probability. Not confirmed exploited in the wild.
CVE-2026-21265,Windows Server 2022,6.4,0.00809,False,CVE CVE-2026-21265 affects Windows Server 2022. EPSS score 0.0081 indicates low exploitation probability. Not confirmed exploited in the wild.
CVE-2026-21265,Windows 10 Pro,6.4,0.00809,False,CVE CVE-2026-21265 affects Windows 10 Pro. EPSS score 0.0081 indicates low exploitation probability. Not confirmed exploited in the wild.
CVE-2024-33999,Moodle,9.8,0.00808,False,CVE CVE-2024-33999 affects Moodle. EPSS score 0.0081 indicates low exploitation probability. Not confirmed exploited in the wild.
CVE-2024-38163,Windows Server 2022,7.8,0.00808,False,CVE CVE-2024-38163 affects Windows Server 2022. EPSS score 0.0081 indicates low exploitation probability. Not confirmed exploited in the wild.
CVE-2024-38163,Windows 10 Pro,7.8,0.00808,False,CVE CVE-2024-38163 affects Windows 10 Pro. EPSS score 0.0081 indicates low exploitation probability. Not confirmed exploited in the wild.
CVE-2025-20174,Cisco IOS XE,7.7,0.00804,False,CVE CVE-2025-20174 affects Cisco IOS XE. EPSS score 0.0080 indicates low exploitation probability. Not confirmed exploited in the wild.
CVE-2024-30067,Windows Server 2022,5.5,0.00802,False,CVE CVE-2024-30067 affects Windows Server 2022. EPSS score 0.0080 indicates low exploitation probability. Not confirmed exploited in the wild.
CVE-2024-30067,Windows 10 Pro,5.5,0.00802,False,CVE CVE-2024-30067 affects Windows 10 Pro. EPSS score 0.0080 indicates low exploitation probability. Not confirmed exploited in the wild.
CVE-2024-20693,Windows Server 2022,7.8,0.008,False,CVE CVE-2024-20693 affects Windows Server 2022. EPSS score 0.0080 indicates low exploitation probability. Not confirmed exploited in the wild.
CVE-2024-20693,Windows 10 Pro,7.8,0.008,False,CVE CVE-2024-20693 affects Windows 10 Pro. EPSS score 0.0080 indicates low exploitation probability. Not confirmed exploited in the wild.
CVE-2024-38070,Windows Server 2022,7.8,0.008,False,CVE CVE-2024-38070 affects Windows Server 2022. EPSS score 0.0080 indicates low exploitation probability. Not confirmed exploited in the wild.
CVE-2024-38070,Windows 10 Pro,7.8,0.008,False,CVE CVE-2024-38070 affects Windows 10 Pro. EPSS score 0.0080 indicates low exploitation probability. Not confirmed exploited in the wild.
CVE-2024-38081,Windows Server 2022,7.3,0.008,False,CVE CVE-2024-38081 affects Windows Server 2022. EPSS score 0.0080 indicates low exploitation probability. Not confirmed exploited in the wild.
CVE-2024-38081,Windows 10 Pro,7.3,0.008,False,CVE CVE-2024-38081 affects Windows 10 Pro. EPSS score 0.0080 indicates low exploitation probability. Not confirmed exploited in the wild.
CVE-2025-49695,Microsoft 365 Apps for Business,8.4,0.00799,False,CVE CVE-2025-49695 affects Microsoft 365 Apps for Business. EPSS score 0.0080 indicates low exploitation probability. Not confirmed exploited in the wild.
CVE-2025-49696,Microsoft 365 Apps for Business,8.4,0.00799,False,CVE CVE-2025-49696 affects Microsoft 365 Apps for Business. EPSS score 0.0080 indicates low exploitation probability. Not confirmed exploited in the wild.
CVE-2024-1077,Google Chrome,8.8,0.00794,False,CVE CVE-2024-1077 affects Google Chrome. EPSS score 0.0079 indicates low exploitation probability. Not confirmed exploited in the wild.
CVE-2025-29811,Windows Server 2022,7.8,0.00794,False,CVE CVE-2025-29811 affects Windows Server 2022. EPSS score 0.0079 indicates low exploitation probability. Not confirmed exploited in the wild.
CVE-2025-49702,Microsoft 365 Apps for Business,7.8,0.00792,False,CVE CVE-2025-49702 affects Microsoft 365 Apps for Business. EPSS score 0.0079 indicates low exploitation probability. Not confirmed exploited in the wild.
CVE-2024-43584,Windows Server 2022,7.7,0.00788,False,CVE CVE-2024-43584 affects Windows Server 2022. EPSS score 0.0079 indicates low exploitation probability. Not confirmed exploited in the wild.
CVE-2025-30388,Windows Server 2022,7.8,0.00788,False,CVE CVE-2025-30388 affects Windows Server 2022. EPSS score 0.0079 indicates low exploitation probability. Not confirmed exploited in the wild.
CVE-2025-30388,Windows 10 Pro,7.8,0.00788,False,CVE CVE-2025-30388 affects Windows 10 Pro. EPSS score 0.0079 indicates low exploitation probability. Not confirmed exploited in the wild.
CVE-2024-7967,Google Chrome,8.8,0.00777,False,CVE CVE-2024-7967 affects Google Chrome. EPSS score 0.0078 indicates low exploitation probability. Not confirmed exploited in the wild.
CVE-2025-29955,Windows Server 2022,6.2,0.00774,False,CVE CVE-2025-29955 affects Windows Server 2022. EPSS score 0.0077 indicates low exploitation probability. Not confirmed exploited in the wild.
CVE-2025-49667,Windows Server 2022,7.8,0.00774,False,CVE CVE-2025-49667 affects Windows Server 2022. EPSS score 0.0077 indicates low exploitation probability. Not confirmed exploited in the wild.
CVE-2025-49667,Windows 10 Pro,7.8,0.00774,False,CVE CVE-2025-49667 affects Windows 10 Pro. EPSS score 0.0077 indicates low exploitation probability. Not confirmed exploited in the wild.
CVE-2024-3172,Google Chrome,8.8,0.0077,False,CVE CVE-2024-3172 affects Google Chrome. EPSS score 0.0077 indicates low exploitation probability. Not confirmed exploited in the wild.
CVE-2025-32722,Windows Server 2022,5.5,0.00767,False,CVE CVE-2025-32722 affects Windows Server 2022. EPSS score 0.0077 indicates low exploitation probability. Not confirmed exploited in the wild.
CVE-2025-32722,Windows 10 Pro,5.5,0.00767,False,CVE CVE-2025-32722 affects Windows 10 Pro. EPSS score 0.0077 indicates low exploitation probability. Not confirmed exploited in the wild.
CVE-2025-47173,Microsoft 365 Apps for Business,7.8,0.00762,False,CVE CVE-2025-47173 affects Microsoft 365 Apps for Business. EPSS score 0.0076 indicates low exploitation probability. Not confirmed exploited in the wild.
CVE-2025-47168,Microsoft 365 Apps for Business,7.8,0.00759,False,CVE CVE-2025-47168 affects Microsoft 365 Apps for Business. EPSS score 0.0076 indicates low exploitation probability. Not confirmed exploited in the wild.
CVE-2025-47169,Microsoft 365 Apps for Business,7.8,0.00759,False,CVE CVE-2025-47169 affects Microsoft 365 Apps for Business. EPSS score 0.0076 indicates low exploitation probability. Not confirmed exploited in the wild.
CVE-2024-21344,Windows Server 2022,5.9,0.00758,False,CVE CVE-2024-21344 affects Windows Server 2022. EPSS score 0.0076 indicates low exploitation probability. Not confirmed exploited in the wild.
CVE-2024-21344,Windows 10 Pro,5.9,0.00758,False,CVE CVE-2024-21344 affects Windows 10 Pro. EPSS score 0.0076 indicates low exploitation probability. Not confirmed exploited in the wild.
CVE-2025-29839,Windows Server 2022,4.0,0.00756,False,CVE CVE-2025-29839 affects Windows Server 2022. EPSS score 0.0076 indicates low exploitation probability. Not confirmed exploited in the wild.
CVE-2025-29839,Windows 10 Pro,4.0,0.00756,False,CVE CVE-2025-29839 affects Windows 10 Pro. EPSS score 0.0076 indicates low exploitation probability. Not confirmed exploited in the wild.
CVE-2025-32710,Windows Server 2022,8.1,0.00756,False,CVE CVE-2025-32710 affects Windows Server 2022. EPSS score 0.0076 indicates low exploitation probability. Not confirmed exploited in the wild.
CVE-2025-47999,Windows Server 2022,6.8,0.00752,False,CVE CVE-2025-47999 affects Windows Server 2022. EPSS score 0.0075 indicates low exploitation probability. Not confirmed exploited in the wild.
CVE-2025-47999,Windows 10 Pro,6.8,0.00752,False,CVE CVE-2025-47999 affects Windows 10 Pro. EPSS score 0.0075 indicates low exploitation probability. Not confirmed exploited in the wild.
CVE-2024-38043,Windows Server 2022,7.8,0.0075,False,CVE CVE-2024-38043 affects Windows Server 2022. EPSS score 0.0075 indicates low exploitation probability. Not confirmed exploited in the wild.
CVE-2024-38043,Windows 10 Pro,7.8,0.0075,False,CVE CVE-2024-38043 affects Windows 10 Pro. EPSS score 0.0075 indicates low exploitation probability. Not confirmed exploited in the wild.
CVE-2024-43641,Windows Server 2022,7.8,0.00749,False,CVE CVE-2024-43641 affects Windows Server 2022. EPSS score 0.0075 indicates low exploitation probability. Not confirmed exploited in the wild.
CVE-2024-43641,Windows 10 Pro,7.8,0.00749,False,CVE CVE-2024-43641 affects Windows 10 Pro. EPSS score 0.0075 indicates low exploitation probability. Not confirmed exploited in the wild.
CVE-2025-29792,Microsoft 365 Apps for Business,7.3,0.00748,False,CVE CVE-2025-29792 affects Microsoft 365 Apps for Business. EPSS score 0.0075 indicates low exploitation probability. Not confirmed exploited in the wild.
CVE-2024-38079,Windows Server 2022,7.8,0.00743,False,CVE CVE-2024-38079 affects Windows Server 2022. EPSS score 0.0074 indicates low exploitation probability. Not confirmed exploited in the wild.
CVE-2024-38079,Windows 10 Pro,7.8,0.00743,False,CVE CVE-2024-38079 affects Windows 10 Pro. EPSS score 0.0074 indicates low exploitation probability. Not confirmed exploited in the wild.
CVE-2025-29977,Microsoft 365 Apps for Business,7.8,0.00742,False,CVE CVE-2025-29977 affects Microsoft 365 Apps for Business. EPSS score 0.0074 indicates low exploitation probability. Not confirmed exploited in the wild.
CVE-2025-29978,Microsoft 365 Apps for Business,7.8,0.00742,False,CVE CVE-2025-29978 affects Microsoft 365 Apps for Business. EPSS score 0.0074 indicates low exploitation probability. Not confirmed exploited in the wild.
CVE-2025-29979,Microsoft 365 Apps for Business,7.8,0.00742,False,CVE CVE-2025-29979 affects Microsoft 365 Apps for Business. EPSS score 0.0074 indicates low exploitation probability. Not confirmed exploited in the wild.
CVE-2025-30376,Microsoft 365 Apps for Business,7.8,0.00742,False,CVE CVE-2025-30376 affects Microsoft 365 Apps for Business. EPSS score 0.0074 indicates low exploitation probability. Not confirmed exploited in the wild.
CVE-2025-30379,Microsoft 365 Apps for Business,7.8,0.00742,False,CVE CVE-2025-30379 affects Microsoft 365 Apps for Business. EPSS score 0.0074 indicates low exploitation probability. Not confirmed exploited in the wild.
CVE-2025-30381,Microsoft 365 Apps for Business,7.8,0.00742,False,CVE CVE-2025-30381 affects Microsoft 365 Apps for Business. EPSS score 0.0074 indicates low exploitation probability. Not confirmed exploited in the wild.
CVE-2025-30393,Microsoft 365 Apps for Business,7.8,0.00742,False,CVE CVE-2025-30393 affects Microsoft 365 Apps for Business. EPSS score 0.0074 indicates low exploitation probability. Not confirmed exploited in the wild.
CVE-2025-32705,Microsoft 365 Apps for Business,7.8,0.00739,False,CVE CVE-2025-32705 affects Microsoft 365 Apps for Business. EPSS score 0.0074 indicates low exploitation probability. Not confirmed exploited in the wild.
CVE-2024-3170,Google Chrome,8.8,0.00738,False,CVE CVE-2024-3170 affects Google Chrome. EPSS score 0.0074 indicates low exploitation probability. Not confirmed exploited in the wild.
CVE-2024-43483,Windows Server 2022,7.5,0.00738,False,CVE CVE-2024-43483 affects Windows Server 2022. EPSS score 0.0074 indicates low exploitation probability. Not confirmed exploited in the wild.
CVE-2024-43483,Windows 10 Pro,7.5,0.00738,False,CVE CVE-2024-43483 affects Windows 10 Pro. EPSS score 0.0074 indicates low exploitation probability. Not confirmed exploited in the wild.
CVE-2025-29820,Microsoft 365 Apps for Business,7.8,0.00736,False,CVE CVE-2025-29820 affects Microsoft 365 Apps for Business. EPSS score 0.0074 indicates low exploitation probability. Not confirmed exploited in the wild.
CVE-2024-40898,Apache HTTP Server,7.5,0.00735,False,CVE CVE-2024-40898 affects Apache HTTP Server. EPSS score 0.0073 indicates low exploitation probability. Not confirmed exploited in the wild.
CVE-2024-21433,Windows Server 2022,7.0,0.00734,False,CVE CVE-2024-21433 affects Windows Server 2022. EPSS score 0.0073 indicates low exploitation probability. Not confirmed exploited in the wild.
CVE-2024-21433,Windows 10 Pro,7.0,0.00734,False,CVE CVE-2024-21433 affects Windows 10 Pro. EPSS score 0.0073 indicates low exploitation probability. Not confirmed exploited in the wild.
CVE-2024-6994,Google Chrome,8.8,0.00732,False,CVE CVE-2024-6994 affects Google Chrome. EPSS score 0.0073 indicates low exploitation probability. Not confirmed exploited in the wild.
CVE-2024-49027,Microsoft 365 Apps for Business,7.8,0.0073,False,CVE CVE-2024-49027 affects Microsoft 365 Apps for Business. EPSS score 0.0073 indicates low exploitation probability. Not confirmed exploited in the wild.
CVE-2024-49028,Microsoft 365 Apps for Business,7.8,0.0073,False,CVE CVE-2024-49028 affects Microsoft 365 Apps for Business. EPSS score 0.0073 indicates low exploitation probability. Not confirmed exploited in the wild.
CVE-2024-49030,Microsoft 365 Apps for Business,7.8,0.0073,False,CVE CVE-2024-49030 affects Microsoft 365 Apps for Business. EPSS score 0.0073 indicates low exploitation probability. Not confirmed exploited in the wild.
CVE-2024-49078,Windows Server 2022,6.8,0.0073,False,CVE CVE-2024-49078 affects Windows Server 2022. EPSS score 0.0073 indicates low exploitation probability. Not confirmed exploited in the wild.
CVE-2024-49078,Windows 10 Pro,6.8,0.0073,False,CVE CVE-2024-49078 affects Windows 10 Pro. EPSS score 0.0073 indicates low exploitation probability. Not confirmed exploited in the wild.
CVE-2024-37984,Windows Server 2022,8.4,0.00728,False,CVE CVE-2024-37984 affects Windows Server 2022. EPSS score 0.0073 indicates low exploitation probability. Not confirmed exploited in the wild.
CVE-2024-37984,Windows 10 Pro,8.4,0.00728,False,CVE CVE-2024-37984 affects Windows 10 Pro. EPSS score 0.0073 indicates low exploitation probability. Not confirmed exploited in the wild.
CVE-2024-38215,Windows Server 2022,7.8,0.00727,False,CVE CVE-2024-38215 affects Windows Server 2022. EPSS score 0.0073 indicates low exploitation probability. Not confirmed exploited in the wild.
CVE-2024-38215,Windows 10 Pro,7.8,0.00727,False,CVE CVE-2024-38215 affects Windows 10 Pro. EPSS score 0.0073 indicates low exploitation probability. Not confirmed exploited in the wild.
CVE-2024-3843,Google Chrome,4.3,0.0072,False,CVE CVE-2024-3843 affects Google Chrome. EPSS score 0.0072 indicates low exploitation probability. Not confirmed exploited in the wild.
CVE-2024-5497,Google Chrome,8.8,0.00719,False,CVE CVE-2024-5497 affects Google Chrome. EPSS score 0.0072 indicates low exploitation probability. Not confirmed exploited in the wild.
CVE-2025-21243,Windows Server 2022,8.8,0.00718,False,CVE CVE-2025-21243 affects Windows Server 2022. EPSS score 0.0072 indicates low exploitation probability. Not confirmed exploited in the wild.
CVE-2025-21243,Windows 10 Pro,8.8,0.00718,False,CVE CVE-2025-21243 affects Windows 10 Pro. EPSS score 0.0072 indicates low exploitation probability. Not confirmed exploited in the wild.
CVE-2025-21244,Windows Server 2022,8.8,0.00718,False,CVE CVE-2025-21244 affects Windows Server 2022. EPSS score 0.0072 indicates low exploitation probability. Not confirmed exploited in the wild.
CVE-2025-21244,Windows 10 Pro,8.8,0.00718,False,CVE CVE-2025-21244 affects Windows 10 Pro. EPSS score 0.0072 indicates low exploitation probability. Not confirmed exploited in the wild.
CVE-2024-5157,Google Chrome,8.8,0.00713,False,CVE CVE-2024-5157 affects Google Chrome. EPSS score 0.0071 indicates low exploitation probability. Not confirmed exploited in the wild.
CVE-2024-43501,Windows Server 2022,7.8,0.0071,False,CVE CVE-2024-43501 affects Windows Server 2022. EPSS score 0.0071 indicates low exploitation probability. Not confirmed exploited in the wild.
CVE-2024-43501,Windows 10 Pro,7.8,0.0071,False,CVE CVE-2024-43501 affects Windows 10 Pro. EPSS score 0.0071 indicates low exploitation probability. Not confirmed exploited in the wild.
CVE-2024-43551,Windows Server 2022,7.8,0.0071,False,CVE CVE-2024-43551 affects Windows Server 2022. EPSS score 0.0071 indicates low exploitation probability. Not confirmed exploited in the wild.
CVE-2024-43551,Windows 10 Pro,7.8,0.0071,False,CVE CVE-2024-43551 affects Windows 10 Pro. EPSS score 0.0071 indicates low exploitation probability. Not confirmed exploited in the wild.
CVE-2025-27488,Windows Server 2022,6.7,0.00707,False,CVE CVE-2025-27488 affects Windows Server 2022. EPSS score 0.0071 indicates low exploitation probability. Not confirmed exploited in the wild.
CVE-2025-27488,Windows 10 Pro,6.7,0.00707,False,CVE CVE-2025-27488 affects Windows 10 Pro. EPSS score 0.0071 indicates low exploitation probability. Not confirmed exploited in the wild.
CVE-2025-47955,Windows Server 2022,7.8,0.00707,False,CVE CVE-2025-47955 affects Windows Server 2022. EPSS score 0.0071 indicates low exploitation probability. Not confirmed exploited in the wild.
CVE-2025-47955,Windows 10 Pro,7.8,0.00707,False,CVE CVE-2025-47955 affects Windows 10 Pro. EPSS score 0.0071 indicates low exploitation probability. Not confirmed exploited in the wild.
CVE-2025-26528,Moodle,3.4,0.00706,False,CVE CVE-2025-26528 affects Moodle. EPSS score 0.0071 indicates low exploitation probability. Not confirmed exploited in the wild.
CVE-2024-42438,Zoom,6.5,0.00705,False,CVE CVE-2024-42438 affects Zoom. EPSS score 0.0070 indicates low exploitation probability. Not confirmed exploited in the wild.
CVE-2025-49691,Windows Server 2022,8.0,0.00704,False,CVE CVE-2025-49691 affects Windows Server 2022. EPSS score 0.0070 indicates low exploitation probability. Not confirmed exploited in the wild.
CVE-2025-49691,Windows 10 Pro,8.0,0.00704,False,CVE CVE-2025-49691 affects Windows 10 Pro. EPSS score 0.0070 indicates low exploitation probability. Not confirmed exploited in the wild.
CVE-2024-6774,Google Chrome,8.8,0.00702,False,CVE CVE-2024-6774 affects Google Chrome. EPSS score 0.0070 indicates low exploitation probability. Not confirmed exploited in the wild.
CVE-2024-6779,Google Chrome,9.6,0.00702,False,CVE CVE-2024-6779 affects Google Chrome. EPSS score 0.0070 indicates low exploitation probability. Not confirmed exploited in the wild.
CVE-2024-3174,Google Chrome,8.8,0.00701,False,CVE CVE-2024-3174 affects Google Chrome. EPSS score 0.0070 indicates low exploitation probability. Not confirmed exploited in the wild.
CVE-2025-24996,Windows Server 2022,6.5,0.007,False,CVE CVE-2025-24996 affects Windows Server 2022. EPSS score 0.0070 indicates low exploitation probability. Not confirmed exploited in the wild.
CVE-2025-24996,Windows 10 Pro,6.5,0.007,False,CVE CVE-2025-24996 affects Windows 10 Pro. EPSS score 0.0070 indicates low exploitation probability. Not confirmed exploited in the wild.
CVE-2024-38172,Microsoft 365 Apps for Business,7.8,0.00699,False,CVE CVE-2024-38172 affects Microsoft 365 Apps for Business. EPSS score 0.0070 indicates low exploitation probability. Not confirmed exploited in the wild.
CVE-2025-47998,Windows Server 2022,8.8,0.00698,False,CVE CVE-2025-47998 affects Windows Server 2022. EPSS score 0.0070 indicates low exploitation probability. Not confirmed exploited in the wild.
CVE-2024-3169,Google Chrome,8.8,0.00697,False,CVE CVE-2024-3169 affects Google Chrome. EPSS score 0.0070 indicates low exploitation probability. Not confirmed exploited in the wild.
CVE-2024-3176,Google Chrome,8.8,0.00697,False,CVE CVE-2024-3176 affects Google Chrome. EPSS score 0.0070 indicates low exploitation probability. Not confirmed exploited in the wild.
CVE-2024-45421,Zoom,8.5,0.00694,False,CVE CVE-2024-45421 affects Zoom. EPSS score 0.0069 indicates low exploitation probability. Not confirmed exploited in the wild.
CVE-2024-7974,Google Chrome,8.8,0.00694,False,CVE CVE-2024-7974 affects Google Chrome. EPSS score 0.0069 indicates low exploitation probability. Not confirmed exploited in the wild.
CVE-2024-20308,Cisco IOS XE,8.6,0.00693,False,CVE CVE-2024-20308 affects Cisco IOS XE. EPSS score 0.0069 indicates low exploitation probability. Not confirmed exploited in the wild.
CVE-2025-24063,Windows Server 2022,7.8,0.00693,False,CVE CVE-2025-24063 affects Windows Server 2022. EPSS score 0.0069 indicates low exploitation probability. Not confirmed exploited in the wild.
CVE-2025-24063,Windows 10 Pro,7.8,0.00693,False,CVE CVE-2025-24063 affects Windows 10 Pro. EPSS score 0.0069 indicates low exploitation probability. Not confirmed exploited in the wild.
CVE-2025-29970,Windows Server 2022,7.8,0.00693,False,CVE CVE-2025-29970 affects Windows Server 2022. EPSS score 0.0069 indicates low exploitation probability. Not confirmed exploited in the wild.
CVE-2025-30377,Microsoft 365 Apps for Business,8.4,0.00693,False,CVE CVE-2025-30377 affects Microsoft 365 Apps for Business. EPSS score 0.0069 indicates low exploitation probability. Not confirmed exploited in the wild.
CVE-2025-32704,Microsoft 365 Apps for Business,8.4,0.00693,False,CVE CVE-2025-32704 affects Microsoft 365 Apps for Business. EPSS score 0.0069 indicates low exploitation probability. Not confirmed exploited in the wild.
CVE-2024-30076,Windows Server 2022,6.8,0.00691,False,CVE CVE-2024-30076 affects Windows Server 2022. EPSS score 0.0069 indicates low exploitation probability. Not confirmed exploited in the wild.
CVE-2024-30076,Windows 10 Pro,6.8,0.00691,False,CVE CVE-2024-30076 affects Windows 10 Pro. EPSS score 0.0069 indicates low exploitation probability. Not confirmed exploited in the wild.
CVE-2025-0999,Google Chrome,8.8,0.00691,False,CVE CVE-2025-0999 affects Google Chrome. EPSS score 0.0069 indicates low exploitation probability. Not confirmed exploited in the wild.
CVE-2025-47971,Windows Server 2022,7.8,0.00689,False,CVE CVE-2025-47971 affects Windows Server 2022. EPSS score 0.0069 indicates low exploitation probability. Not confirmed exploited in the wild.
CVE-2025-47971,Windows 10 Pro,7.8,0.00689,False,CVE CVE-2025-47971 affects Windows 10 Pro. EPSS score 0.0069 indicates low exploitation probability. Not confirmed exploited in the wild.
CVE-2025-47973,Windows Server 2022,7.8,0.00689,False,CVE CVE-2025-47973 affects Windows Server 2022. EPSS score 0.0069 indicates low exploitation probability. Not confirmed exploited in the wild.
CVE-2025-47973,Windows 10 Pro,7.8,0.00689,False,CVE CVE-2025-47973 affects Windows 10 Pro. EPSS score 0.0069 indicates low exploitation probability. Not confirmed exploited in the wild.
CVE-2025-49698,Microsoft 365 Apps for Business,7.8,0.00689,False,CVE CVE-2025-49698 affects Microsoft 365 Apps for Business. EPSS score 0.0069 indicates low exploitation probability. Not confirmed exploited in the wild.
CVE-2025-49700,Microsoft 365 Apps for Business,7.8,0.00689,False,CVE CVE-2025-49700 affects Microsoft 365 Apps for Business. EPSS score 0.0069 indicates low exploitation probability. Not confirmed exploited in the wild.
CVE-2025-49705,Microsoft 365 Apps for Business,7.8,0.00689,False,CVE CVE-2025-49705 affects Microsoft 365 Apps for Business. EPSS score 0.0069 indicates low exploitation probability. Not confirmed exploited in the wild.
CVE-2025-49711,Microsoft 365 Apps for Business,7.8,0.00689,False,CVE CVE-2025-49711 affects Microsoft 365 Apps for Business. EPSS score 0.0069 indicates low exploitation probability. Not confirmed exploited in the wild.
CVE-2025-49721,Windows Server 2022,7.8,0.00689,False,CVE CVE-2025-49721 affects Windows Server 2022. EPSS score 0.0069 indicates low exploitation probability. Not confirmed exploited in the wild.
CVE-2025-49721,Windows 10 Pro,7.8,0.00689,False,CVE CVE-2025-49721 affects Windows 10 Pro. EPSS score 0.0069 indicates low exploitation probability. Not confirmed exploited in the wild.
CVE-2024-34007,Moodle,8.8,0.00688,False,CVE CVE-2024-34007 affects Moodle. EPSS score 0.0069 indicates low exploitation probability. Not confirmed exploited in the wild.
CVE-2024-43204,Apache HTTP Server,7.5,0.00684,False,CVE CVE-2024-43204 affects Apache HTTP Server. EPSS score 0.0068 indicates low exploitation probability. Not confirmed exploited in the wild.
CVE-2024-43465,Microsoft 365 Apps for Business,7.8,0.00684,False,CVE CVE-2024-43465 affects Microsoft 365 Apps for Business. EPSS score 0.0068 indicates low exploitation probability. Not confirmed exploited in the wild.
CVE-2024-38057,Windows Server 2022,7.8,0.00683,False,CVE CVE-2024-38057 affects Windows Server 2022. EPSS score 0.0068 indicates low exploitation probability. Not confirmed exploited in the wild.
CVE-2024-38057,Windows 10 Pro,7.8,0.00683,False,CVE CVE-2024-38057 affects Windows 10 Pro. EPSS score 0.0068 indicates low exploitation probability. Not confirmed exploited in the wild.
CVE-2024-26255,Windows Server 2022,5.5,0.00681,False,CVE CVE-2024-26255 affects Windows Server 2022. EPSS score 0.0068 indicates low exploitation probability. Not confirmed exploited in the wild.
CVE-2024-26255,Windows 10 Pro,5.5,0.00681,False,CVE CVE-2024-26255 affects Windows 10 Pro. EPSS score 0.0068 indicates low exploitation probability. Not confirmed exploited in the wild.
CVE-2024-3516,Google Chrome,6.5,0.00681,False,CVE CVE-2024-3516 affects Google Chrome. EPSS score 0.0068 indicates low exploitation probability. Not confirmed exploited in the wild.
CVE-2025-59254,Windows Server 2022,7.8,0.00679,False,CVE CVE-2025-59254 affects Windows Server 2022. EPSS score 0.0068 indicates low exploitation probability. Not confirmed exploited in the wild.
CVE-2025-59254,Windows 10 Pro,7.8,0.00679,False,CVE CVE-2025-59254 affects Windows 10 Pro. EPSS score 0.0068 indicates low exploitation probability. Not confirmed exploited in the wild.
CVE-2024-11115,Google Chrome,8.8,0.00677,False,CVE CVE-2024-11115 affects Google Chrome. EPSS score 0.0068 indicates low exploitation probability. Not confirmed exploited in the wild.
CVE-2024-30093,Windows Server 2022,7.3,0.00677,False,CVE CVE-2024-30093 affects Windows Server 2022. EPSS score 0.0068 indicates low exploitation probability. Not confirmed exploited in the wild.
CVE-2024-30093,Windows 10 Pro,7.3,0.00677,False,CVE CVE-2024-30093 affects Windows 10 Pro. EPSS score 0.0068 indicates low exploitation probability. Not confirmed exploited in the wild.
CVE-2024-3837,Google Chrome,8.8,0.00674,False,CVE CVE-2024-3837 affects Google Chrome. EPSS score 0.0067 indicates low exploitation probability. Not confirmed exploited in the wild.
CVE-2025-47170,Microsoft 365 Apps for Business,7.8,0.00673,False,CVE CVE-2025-47170 affects Microsoft 365 Apps for Business. EPSS score 0.0067 indicates low exploitation probability. Not confirmed exploited in the wild.
CVE-2025-47174,Microsoft 365 Apps for Business,7.8,0.00673,False,CVE CVE-2025-47174 affects Microsoft 365 Apps for Business. EPSS score 0.0067 indicates low exploitation probability. Not confirmed exploited in the wild.
CVE-2024-28905,Windows Server 2022,7.8,0.00672,False,CVE CVE-2024-28905 affects Windows Server 2022. EPSS score 0.0067 indicates low exploitation probability. Not confirmed exploited in the wild.
CVE-2024-42436,Zoom,6.5,0.00671,False,CVE CVE-2024-42436 affects Zoom. EPSS score 0.0067 indicates low exploitation probability. Not confirmed exploited in the wild.
CVE-2025-21223,Windows Server 2022,8.8,0.00667,False,CVE CVE-2025-21223 affects Windows Server 2022. EPSS score 0.0067 indicates low exploitation probability. Not confirmed exploited in the wild.
CVE-2025-21223,Windows 10 Pro,8.8,0.00667,False,CVE CVE-2025-21223 affects Windows 10 Pro. EPSS score 0.0067 indicates low exploitation probability. Not confirmed exploited in the wild.
CVE-2025-21233,Windows Server 2022,8.8,0.00667,False,CVE CVE-2025-21233 affects Windows Server 2022. EPSS score 0.0067 indicates low exploitation probability. Not confirmed exploited in the wild.
CVE-2025-21233,Windows 10 Pro,8.8,0.00667,False,CVE CVE-2025-21233 affects Windows 10 Pro. EPSS score 0.0067 indicates low exploitation probability. Not confirmed exploited in the wild.
CVE-2025-21236,Windows Server 2022,8.8,0.00667,False,CVE CVE-2025-21236 affects Windows Server 2022. EPSS score 0.0067 indicates low exploitation probability. Not confirmed exploited in the wild.
CVE-2025-21236,Windows 10 Pro,8.8,0.00667,False,CVE CVE-2025-21236 affects Windows 10 Pro. EPSS score 0.0067 indicates low exploitation probability. Not confirmed exploited in the wild.
CVE-2025-21237,Windows Server 2022,8.8,0.00667,False,CVE CVE-2025-21237 affects Windows Server 2022. EPSS score 0.0067 indicates low exploitation probability. Not confirmed exploited in the wild.
CVE-2025-21237,Windows 10 Pro,8.8,0.00667,False,CVE CVE-2025-21237 affects Windows 10 Pro. EPSS score 0.0067 indicates low exploitation probability. Not confirmed exploited in the wild.
CVE-2025-21238,Windows Server 2022,8.8,0.00667,False,CVE CVE-2025-21238 affects Windows Server 2022. EPSS score 0.0067 indicates low exploitation probability. Not confirmed exploited in the wild.
CVE-2025-21238,Windows 10 Pro,8.8,0.00667,False,CVE CVE-2025-21238 affects Windows 10 Pro. EPSS score 0.0067 indicates low exploitation probability. Not confirmed exploited in the wild.
CVE-2025-21239,Windows Server 2022,8.8,0.00667,False,CVE CVE-2025-21239 affects Windows Server 2022. EPSS score 0.0067 indicates low exploitation probability. Not confirmed exploited in the wild.
CVE-2025-21239,Windows 10 Pro,8.8,0.00667,False,CVE CVE-2025-21239 affects Windows 10 Pro. EPSS score 0.0067 indicates low exploitation probability. Not confirmed exploited in the wild.
CVE-2025-21245,Windows Server 2022,8.8,0.00667,False,CVE CVE-2025-21245 affects Windows Server 2022. EPSS score 0.0067 indicates low exploitation probability. Not confirmed exploited in the wild.
CVE-2025-21245,Windows 10 Pro,8.8,0.00667,False,CVE CVE-2025-21245 affects Windows 10 Pro. EPSS score 0.0067 indicates low exploitation probability. Not confirmed exploited in the wild.
CVE-2025-21246,Windows Server 2022,8.8,0.00667,False,CVE CVE-2025-21246 affects Windows Server 2022. EPSS score 0.0067 indicates low exploitation probability. Not confirmed exploited in the wild.
CVE-2025-21246,Windows 10 Pro,8.8,0.00667,False,CVE CVE-2025-21246 affects Windows 10 Pro. EPSS score 0.0067 indicates low exploitation probability. Not confirmed exploited in the wild.
CVE-2025-21248,Windows Server 2022,8.8,0.00667,False,CVE CVE-2025-21248 affects Windows Server 2022. EPSS score 0.0067 indicates low exploitation probability. Not confirmed exploited in the wild.
CVE-2025-21248,Windows 10 Pro,8.8,0.00667,False,CVE CVE-2025-21248 affects Windows 10 Pro. EPSS score 0.0067 indicates low exploitation probability. Not confirmed exploited in the wild.
CVE-2024-28904,Windows Server 2022,7.8,0.00666,False,CVE CVE-2024-28904 affects Windows Server 2022. EPSS score 0.0067 indicates low exploitation probability. Not confirmed exploited in the wild.
CVE-2025-1914,Google Chrome,8.8,0.00665,False,CVE CVE-2025-1914 affects Google Chrome. EPSS score 0.0066 indicates low exploitation probability. Not confirmed exploited in the wild.
CVE-2025-1918,Google Chrome,8.8,0.00665,False,CVE CVE-2025-1918 affects Google Chrome. EPSS score 0.0066 indicates low exploitation probability. Not confirmed exploited in the wild.
CVE-2025-1919,Google Chrome,8.8,0.00665,False,CVE CVE-2025-1919 affects Google Chrome. EPSS score 0.0066 indicates low exploitation probability. Not confirmed exploited in the wild.
CVE-2024-26216,Windows Server 2022,7.3,0.00664,False,CVE CVE-2024-26216 affects Windows Server 2022. EPSS score 0.0066 indicates low exploitation probability. Not confirmed exploited in the wild.
CVE-2024-8193,Google Chrome,8.8,0.00663,False,CVE CVE-2024-8193 affects Google Chrome. EPSS score 0.0066 indicates low exploitation probability. Not confirmed exploited in the wild.
CVE-2024-49107,Windows Server 2022,7.3,0.00659,False,CVE CVE-2024-49107 affects Windows Server 2022. EPSS score 0.0066 indicates low exploitation probability. Not confirmed exploited in the wild.
CVE-2024-49107,Windows 10 Pro,7.3,0.00659,False,CVE CVE-2024-49107 affects Windows 10 Pro. EPSS score 0.0066 indicates low exploitation probability. Not confirmed exploited in the wild.
CVE-2024-6100,Google Chrome,8.8,0.00658,False,CVE CVE-2024-6100 affects Google Chrome. EPSS score 0.0066 indicates low exploitation probability. Not confirmed exploited in the wild.
CVE-2025-32721,Windows Server 2022,7.3,0.00658,False,CVE CVE-2025-32721 affects Windows Server 2022. EPSS score 0.0066 indicates low exploitation probability. Not confirmed exploited in the wild.
CVE-2025-32721,Windows 10 Pro,7.3,0.00658,False,CVE CVE-2025-32721 affects Windows 10 Pro. EPSS score 0.0066 indicates low exploitation probability. Not confirmed exploited in the wild.
CVE-2024-7023,Google Chrome,8.8,0.00655,False,CVE CVE-2024-7023 affects Google Chrome. EPSS score 0.0066 indicates low exploitation probability. Not confirmed exploited in the wild.
CVE-2024-3157,Google Chrome,9.6,0.00652,False,CVE CVE-2024-3157 affects Google Chrome. EPSS score 0.0065 indicates low exploitation probability. Not confirmed exploited in the wild.
CVE-2024-47252,Apache HTTP Server,7.5,0.00651,False,CVE CVE-2024-47252 affects Apache HTTP Server. EPSS score 0.0065 indicates low exploitation probability. Not confirmed exploited in the wild.
CVE-2024-26217,Windows Server 2022,5.5,0.00644,False,CVE CVE-2024-26217 affects Windows Server 2022. EPSS score 0.0064 indicates low exploitation probability. Not confirmed exploited in the wild.
CVE-2024-26217,Windows 10 Pro,5.5,0.00644,False,CVE CVE-2024-26217 affects Windows 10 Pro. EPSS score 0.0064 indicates low exploitation probability. Not confirmed exploited in the wild.
CVE-2024-38258,Windows Server 2022,6.5,0.00644,False,CVE CVE-2024-38258 affects Windows Server 2022. EPSS score 0.0064 indicates low exploitation probability. Not confirmed exploited in the wild.
CVE-2024-0225,Google Chrome,8.8,0.00643,False,CVE CVE-2024-0225 affects Google Chrome. EPSS score 0.0064 indicates low exploitation probability. Not confirmed exploited in the wild.
CVE-2025-47976,Windows Server 2022,7.8,0.00643,False,CVE CVE-2025-47976 affects Windows Server 2022. EPSS score 0.0064 indicates low exploitation probability. Not confirmed exploited in the wild.
CVE-2025-47976,Windows 10 Pro,7.8,0.00643,False,CVE CVE-2025-47976 affects Windows 10 Pro. EPSS score 0.0064 indicates low exploitation probability. Not confirmed exploited in the wild.
CVE-2025-47982,Windows Server 2022,7.8,0.00643,False,CVE CVE-2025-47982 affects Windows Server 2022. EPSS score 0.0064 indicates low exploitation probability. Not confirmed exploited in the wild.
CVE-2025-47982,Windows 10 Pro,7.8,0.00643,False,CVE CVE-2025-47982 affects Windows 10 Pro. EPSS score 0.0064 indicates low exploitation probability. Not confirmed exploited in the wild.
CVE-2025-47985,Windows Server 2022,7.8,0.00643,False,CVE CVE-2025-47985 affects Windows Server 2022. EPSS score 0.0064 indicates low exploitation probability. Not confirmed exploited in the wild.
CVE-2025-47985,Windows 10 Pro,7.8,0.00643,False,CVE CVE-2025-47985 affects Windows 10 Pro. EPSS score 0.0064 indicates low exploitation probability. Not confirmed exploited in the wild.
CVE-2025-48805,Windows Server 2022,7.8,0.00643,False,CVE CVE-2025-48805 affects Windows Server 2022. EPSS score 0.0064 indicates low exploitation probability. Not confirmed exploited in the wild.
CVE-2025-48805,Windows 10 Pro,7.8,0.00643,False,CVE CVE-2025-48805 affects Windows 10 Pro. EPSS score 0.0064 indicates low exploitation probability. Not confirmed exploited in the wild.
CVE-2025-48806,Windows Server 2022,7.8,0.00643,False,CVE CVE-2025-48806 affects Windows Server 2022. EPSS score 0.0064 indicates low exploitation probability. Not confirmed exploited in the wild.
CVE-2025-48806,Windows 10 Pro,7.8,0.00643,False,CVE CVE-2025-48806 affects Windows 10 Pro. EPSS score 0.0064 indicates low exploitation probability. Not confirmed exploited in the wild.
CVE-2025-49659,Windows Server 2022,7.8,0.00643,False,CVE CVE-2025-49659 affects Windows Server 2022. EPSS score 0.0064 indicates low exploitation probability. Not confirmed exploited in the wild.
CVE-2025-49659,Windows 10 Pro,7.8,0.00643,False,CVE CVE-2025-49659 affects Windows 10 Pro. EPSS score 0.0064 indicates low exploitation probability. Not confirmed exploited in the wild.
CVE-2025-49660,Windows Server 2022,7.8,0.00643,False,CVE CVE-2025-49660 affects Windows Server 2022. EPSS score 0.0064 indicates low exploitation probability. Not confirmed exploited in the wild.
CVE-2025-49660,Windows 10 Pro,7.8,0.00643,False,CVE CVE-2025-49660 affects Windows 10 Pro. EPSS score 0.0064 indicates low exploitation probability. Not confirmed exploited in the wild.
CVE-2025-49661,Windows Server 2022,7.8,0.00643,False,CVE CVE-2025-49661 affects Windows Server 2022. EPSS score 0.0064 indicates low exploitation probability. Not confirmed exploited in the wild.
CVE-2025-49661,Windows 10 Pro,7.8,0.00643,False,CVE CVE-2025-49661 affects Windows 10 Pro. EPSS score 0.0064 indicates low exploitation probability. Not confirmed exploited in the wild.
CVE-2025-49675,Windows Server 2022,7.8,0.00643,False,CVE CVE-2025-49675 affects Windows Server 2022. EPSS score 0.0064 indicates low exploitation probability. Not confirmed exploited in the wild.
CVE-2025-49675,Windows 10 Pro,7.8,0.00643,False,CVE CVE-2025-49675 affects Windows 10 Pro. EPSS score 0.0064 indicates low exploitation probability. Not confirmed exploited in the wild.
CVE-2025-49693,Windows Server 2022,7.8,0.00643,False,CVE CVE-2025-49693 affects Windows Server 2022. EPSS score 0.0064 indicates low exploitation probability. Not confirmed exploited in the wild.
CVE-2025-49725,Windows Server 2022,7.8,0.00643,False,CVE CVE-2025-49725 affects Windows Server 2022. EPSS score 0.0064 indicates low exploitation probability. Not confirmed exploited in the wild.
CVE-2025-49725,Windows 10 Pro,7.8,0.00643,False,CVE CVE-2025-49725 affects Windows 10 Pro. EPSS score 0.0064 indicates low exploitation probability. Not confirmed exploited in the wild.
CVE-2025-49726,Windows Server 2022,7.8,0.00643,False,CVE CVE-2025-49726 affects Windows Server 2022. EPSS score 0.0064 indicates low exploitation probability. Not confirmed exploited in the wild.
CVE-2025-49726,Windows 10 Pro,7.8,0.00643,False,CVE CVE-2025-49726 affects Windows 10 Pro. EPSS score 0.0064 indicates low exploitation probability. Not confirmed exploited in the wild.
CVE-2025-49732,Windows Server 2022,7.8,0.00643,False,CVE CVE-2025-49732 affects Windows Server 2022. EPSS score 0.0064 indicates low exploitation probability. Not confirmed exploited in the wild.
CVE-2025-49732,Windows 10 Pro,7.8,0.00643,False,CVE CVE-2025-49732 affects Windows 10 Pro. EPSS score 0.0064 indicates low exploitation probability. Not confirmed exploited in the wild.
CVE-2025-49733,Windows Server 2022,7.8,0.00643,False,CVE CVE-2025-49733 affects Windows Server 2022. EPSS score 0.0064 indicates low exploitation probability. Not confirmed exploited in the wild.
CVE-2025-49733,Windows 10 Pro,7.8,0.00643,False,CVE CVE-2025-49733 affects Windows 10 Pro. EPSS score 0.0064 indicates low exploitation probability. Not confirmed exploited in the wild.
CVE-2025-5280,Google Chrome,8.8,0.00641,False,CVE CVE-2025-5280 affects Google Chrome. EPSS score 0.0064 indicates low exploitation probability. Not confirmed exploited in the wild.
CVE-2024-30049,Windows Server 2022,7.8,0.0064,False,CVE CVE-2024-30049 affects Windows Server 2022. EPSS score 0.0064 indicates low exploitation probability. Not confirmed exploited in the wild.
CVE-2024-30049,Windows 10 Pro,7.8,0.0064,False,CVE CVE-2024-30049 affects Windows 10 Pro. EPSS score 0.0064 indicates low exploitation probability. Not confirmed exploited in the wild.
CVE-2025-48824,Windows Server 2022,8.8,0.0064,False,CVE CVE-2025-48824 affects Windows Server 2022. EPSS score 0.0064 indicates low exploitation probability. Not confirmed exploited in the wild.
CVE-2025-49657,Windows Server 2022,8.8,0.0064,False,CVE CVE-2025-49657 affects Windows Server 2022. EPSS score 0.0064 indicates low exploitation probability. Not confirmed exploited in the wild.
CVE-2025-49663,Windows Server 2022,8.8,0.0064,False,CVE CVE-2025-49663 affects Windows Server 2022. EPSS score 0.0064 indicates low exploitation probability. Not confirmed exploited in the wild.
CVE-2025-49668,Windows Server 2022,8.8,0.0064,False,CVE CVE-2025-49668 affects Windows Server 2022. EPSS score 0.0064 indicates low exploitation probability. Not confirmed exploited in the wild.
CVE-2025-49669,Windows Server 2022,8.8,0.0064,False,CVE CVE-2025-49669 affects Windows Server 2022. EPSS score 0.0064 indicates low exploitation probability. Not confirmed exploited in the wild.
CVE-2025-49672,Windows Server 2022,8.8,0.0064,False,CVE CVE-2025-49672 affects Windows Server 2022. EPSS score 0.0064 indicates low exploitation probability. Not confirmed exploited in the wild.
CVE-2025-49673,Windows Server 2022,8.8,0.0064,False,CVE CVE-2025-49673 affects Windows Server 2022. EPSS score 0.0064 indicates low exploitation probability. Not confirmed exploited in the wild.
CVE-2025-49674,Windows Server 2022,8.8,0.0064,False,CVE CVE-2025-49674 affects Windows Server 2022. EPSS score 0.0064 indicates low exploitation probability. Not confirmed exploited in the wild.
CVE-2025-49676,Windows Server 2022,8.8,0.0064,False,CVE CVE-2025-49676 affects Windows Server 2022. EPSS score 0.0064 indicates low exploitation probability. Not confirmed exploited in the wild.
CVE-2025-49688,Windows Server 2022,8.8,0.0064,False,CVE CVE-2025-49688 affects Windows Server 2022. EPSS score 0.0064 indicates low exploitation probability. Not confirmed exploited in the wild.
CVE-2025-49729,Windows Server 2022,8.8,0.0064,False,CVE CVE-2025-49729 affects Windows Server 2022. EPSS score 0.0064 indicates low exploitation probability. Not confirmed exploited in the wild.
CVE-2025-49753,Windows Server 2022,8.8,0.0064,False,CVE CVE-2025-49753 affects Windows Server 2022. EPSS score 0.0064 indicates low exploitation probability. Not confirmed exploited in the wild.
CVE-2025-21299,Windows Server 2022,7.1,0.00639,False,CVE CVE-2025-21299 affects Windows Server 2022. EPSS score 0.0064 indicates low exploitation probability. Not confirmed exploited in the wild.
CVE-2025-21299,Windows 10 Pro,7.1,0.00639,False,CVE CVE-2025-21299 affects Windows 10 Pro. EPSS score 0.0064 indicates low exploitation probability. Not confirmed exploited in the wild.
CVE-2024-28899,Windows Server 2022,8.8,0.00637,False,CVE CVE-2024-28899 affects Windows Server 2022. EPSS score 0.0064 indicates low exploitation probability. Not confirmed exploited in the wild.
CVE-2024-28899,Windows 10 Pro,8.8,0.00637,False,CVE CVE-2024-28899 affects Windows 10 Pro. EPSS score 0.0064 indicates low exploitation probability. Not confirmed exploited in the wild.
CVE-2024-37087,VMware vSphere,5.3,0.00637,False,CVE CVE-2024-37087 affects VMware vSphere. EPSS score 0.0064 indicates low exploitation probability. Not confirmed exploited in the wild.
CVE-2025-0611,Google Chrome,8.2,0.00637,False,CVE CVE-2025-0611 affects Google Chrome. EPSS score 0.0064 indicates low exploitation probability. Not confirmed exploited in the wild.
CVE-2024-26180,Windows Server 2022,8.0,0.00636,False,CVE CVE-2024-26180 affects Windows Server 2022. EPSS score 0.0064 indicates low exploitation probability. Not confirmed exploited in the wild.
CVE-2024-26180,Windows 10 Pro,8.0,0.00636,False,CVE CVE-2024-26180 affects Windows 10 Pro. EPSS score 0.0064 indicates low exploitation probability. Not confirmed exploited in the wild.
CVE-2024-28925,Windows Server 2022,8.0,0.00636,False,CVE CVE-2024-28925 affects Windows Server 2022. EPSS score 0.0064 indicates low exploitation probability. Not confirmed exploited in the wild.
CVE-2024-28925,Windows 10 Pro,8.0,0.00636,False,CVE CVE-2024-28925 affects Windows 10 Pro. EPSS score 0.0064 indicates low exploitation probability. Not confirmed exploited in the wild.
CVE-2024-38101,Windows Server 2022,6.5,0.00635,False,CVE CVE-2024-38101 affects Windows Server 2022. EPSS score 0.0063 indicates low exploitation probability. Not confirmed exploited in the wild.
CVE-2024-38101,Windows 10 Pro,6.5,0.00635,False,CVE CVE-2024-38101 affects Windows 10 Pro. EPSS score 0.0063 indicates low exploitation probability. Not confirmed exploited in the wild.
CVE-2025-29823,Microsoft 365 Apps for Business,7.8,0.00633,False,CVE CVE-2025-29823 affects Microsoft 365 Apps for Business. EPSS score 0.0063 indicates low exploitation probability. Not confirmed exploited in the wild.
CVE-2024-43427,Moodle,3.7,0.00632,False,CVE CVE-2024-43427 affects Moodle. EPSS score 0.0063 indicates low exploitation probability. Not confirmed exploited in the wild.
CVE-2024-7972,Google Chrome,8.8,0.00631,False,CVE CVE-2024-7972 affects Google Chrome. EPSS score 0.0063 indicates low exploitation probability. Not confirmed exploited in the wild.
CVE-2025-21362,Microsoft 365 Apps for Business,8.4,0.00631,False,CVE CVE-2025-21362 affects Microsoft 365 Apps for Business. EPSS score 0.0063 indicates low exploitation probability. Not confirmed exploited in the wild.
CVE-2025-27731,Windows Server 2022,7.8,0.0063,False,CVE CVE-2025-27731 affects Windows Server 2022. EPSS score 0.0063 indicates low exploitation probability. Not confirmed exploited in the wild.
CVE-2025-27731,Windows 10 Pro,7.8,0.0063,False,CVE CVE-2025-27731 affects Windows 10 Pro. EPSS score 0.0063 indicates low exploitation probability. Not confirmed exploited in the wild.
CVE-2025-27440,Zoom,8.5,0.00629,False,CVE CVE-2025-27440 affects Zoom. EPSS score 0.0063 indicates low exploitation probability. Not confirmed exploited in the wild.
CVE-2024-26237,Windows Server 2022,7.8,0.00628,False,CVE CVE-2024-26237 affects Windows Server 2022. EPSS score 0.0063 indicates low exploitation probability. Not confirmed exploited in the wild.
CVE-2024-26237,Windows 10 Pro,7.8,0.00628,False,CVE CVE-2024-26237 affects Windows 10 Pro. EPSS score 0.0063 indicates low exploitation probability. Not confirmed exploited in the wild.
CVE-2024-26241,Windows Server 2022,7.8,0.00628,False,CVE CVE-2024-26241 affects Windows Server 2022. EPSS score 0.0063 indicates low exploitation probability. Not confirmed exploited in the wild.
CVE-2024-26241,Windows 10 Pro,7.8,0.00628,False,CVE CVE-2024-26241 affects Windows 10 Pro. EPSS score 0.0063 indicates low exploitation probability. Not confirmed exploited in the wild.
CVE-2024-38117,Windows Server 2022,7.8,0.00628,False,CVE CVE-2024-38117 affects Windows Server 2022. EPSS score 0.0063 indicates low exploitation probability. Not confirmed exploited in the wild.
CVE-2024-38117,Windows 10 Pro,7.8,0.00628,False,CVE CVE-2024-38117 affects Windows 10 Pro. EPSS score 0.0063 indicates low exploitation probability. Not confirmed exploited in the wild.
CVE-2024-38134,Windows Server 2022,7.8,0.00628,False,CVE CVE-2024-38134 affects Windows Server 2022. EPSS score 0.0063 indicates low exploitation probability. Not confirmed exploited in the wild.
CVE-2024-38134,Windows 10 Pro,7.8,0.00628,False,CVE CVE-2024-38134 affects Windows 10 Pro. EPSS score 0.0063 indicates low exploitation probability. Not confirmed exploited in the wild.
CVE-2024-38135,Windows Server 2022,7.8,0.00628,False,CVE CVE-2024-38135 affects Windows Server 2022. EPSS score 0.0063 indicates low exploitation probability. Not confirmed exploited in the wild.
CVE-2024-43509,Windows Server 2022,7.8,0.00628,False,CVE CVE-2024-43509 affects Windows Server 2022. EPSS score 0.0063 indicates low exploitation probability. Not confirmed exploited in the wild.
CVE-2024-43509,Windows 10 Pro,7.8,0.00628,False,CVE CVE-2024-43509 affects Windows 10 Pro. EPSS score 0.0063 indicates low exploitation probability. Not confirmed exploited in the wild.
CVE-2024-43514,Windows Server 2022,7.8,0.00628,False,CVE CVE-2024-43514 affects Windows Server 2022. EPSS score 0.0063 indicates low exploitation probability. Not confirmed exploited in the wild.
CVE-2024-43514,Windows 10 Pro,7.8,0.00628,False,CVE CVE-2024-43514 affects Windows 10 Pro. EPSS score 0.0063 indicates low exploitation probability. Not confirmed exploited in the wild.
CVE-2024-43516,Windows Server 2022,7.8,0.00628,False,CVE CVE-2024-43516 affects Windows Server 2022. EPSS score 0.0063 indicates low exploitation probability. Not confirmed exploited in the wild.
CVE-2024-43516,Windows 10 Pro,7.8,0.00628,False,CVE CVE-2024-43516 affects Windows 10 Pro. EPSS score 0.0063 indicates low exploitation probability. Not confirmed exploited in the wild.
CVE-2024-43528,Windows Server 2022,7.8,0.00628,False,CVE CVE-2024-43528 affects Windows Server 2022. EPSS score 0.0063 indicates low exploitation probability. Not confirmed exploited in the wild.
CVE-2024-43528,Windows 10 Pro,7.8,0.00628,False,CVE CVE-2024-43528 affects Windows 10 Pro. EPSS score 0.0063 indicates low exploitation probability. Not confirmed exploited in the wild.
CVE-2024-43556,Windows Server 2022,7.8,0.00628,False,CVE CVE-2024-43556 affects Windows Server 2022. EPSS score 0.0063 indicates low exploitation probability. Not confirmed exploited in the wild.
CVE-2024-43556,Windows 10 Pro,7.8,0.00628,False,CVE CVE-2024-43556 affects Windows 10 Pro. EPSS score 0.0063 indicates low exploitation probability. Not confirmed exploited in the wild.
CVE-2026-21250,Windows Server 2022,7.8,0.00627,False,CVE CVE-2026-21250 affects Windows Server 2022. EPSS score 0.0063 indicates low exploitation probability. Not confirmed exploited in the wild.
CVE-2024-38249,Windows Server 2022,7.8,0.00626,False,CVE CVE-2024-38249 affects Windows Server 2022. EPSS score 0.0063 indicates low exploitation probability. Not confirmed exploited in the wild.
CVE-2024-38249,Windows 10 Pro,7.8,0.00626,False,CVE CVE-2024-38249 affects Windows 10 Pro. EPSS score 0.0063 indicates low exploitation probability. Not confirmed exploited in the wild.
CVE-2025-48802,Windows Server 2022,6.5,0.00626,False,CVE CVE-2025-48802 affects Windows Server 2022. EPSS score 0.0063 indicates low exploitation probability. Not confirmed exploited in the wild.
CVE-2024-39822,Zoom,6.5,0.00623,False,CVE CVE-2024-39822 affects Zoom. EPSS score 0.0062 indicates low exploitation probability. Not confirmed exploited in the wild.
CVE-2024-28907,Windows Server 2022,7.8,0.00621,False,CVE CVE-2024-28907 affects Windows Server 2022. EPSS score 0.0062 indicates low exploitation probability. Not confirmed exploited in the wild.
CVE-2024-42437,Zoom,6.5,0.00616,False,CVE CVE-2024-42437 affects Zoom. EPSS score 0.0062 indicates low exploitation probability. Not confirmed exploited in the wild.
CVE-2024-7255,Google Chrome,8.8,0.00616,False,CVE CVE-2024-7255 affects Google Chrome. EPSS score 0.0062 indicates low exploitation probability. Not confirmed exploited in the wild.
CVE-2025-49697,Microsoft 365 Apps for Business,8.4,0.00615,False,CVE CVE-2025-49697 affects Microsoft 365 Apps for Business. EPSS score 0.0062 indicates low exploitation probability. Not confirmed exploited in the wild.
CVE-2024-21350,Windows Server 2022,8.8,0.0061,False,CVE CVE-2024-21350 affects Windows Server 2022. EPSS score 0.0061 indicates low exploitation probability. Not confirmed exploited in the wild.
CVE-2024-21350,Windows 10 Pro,8.8,0.0061,False,CVE CVE-2024-21350 affects Windows 10 Pro. EPSS score 0.0061 indicates low exploitation probability. Not confirmed exploited in the wild.
CVE-2025-49658,Windows Server 2022,5.5,0.00609,False,CVE CVE-2025-49658 affects Windows Server 2022. EPSS score 0.0061 indicates low exploitation probability. Not confirmed exploited in the wild.
CVE-2025-49658,Windows 10 Pro,5.5,0.00609,False,CVE CVE-2025-49658 affects Windows 10 Pro. EPSS score 0.0061 indicates low exploitation probability. Not confirmed exploited in the wild.
CVE-2025-49684,Windows Server 2022,5.5,0.00609,False,CVE CVE-2025-49684 affects Windows Server 2022. EPSS score 0.0061 indicates low exploitation probability. Not confirmed exploited in the wild.
CVE-2025-49684,Windows 10 Pro,5.5,0.00609,False,CVE CVE-2025-49684 affects Windows 10 Pro. EPSS score 0.0061 indicates low exploitation probability. Not confirmed exploited in the wild.
CVE-2025-29954,Windows Server 2022,5.9,0.00608,False,CVE CVE-2025-29954 affects Windows Server 2022. EPSS score 0.0061 indicates low exploitation probability. Not confirmed exploited in the wild.
CVE-2025-29954,Windows 10 Pro,5.9,0.00608,False,CVE CVE-2025-29954 affects Windows 10 Pro. EPSS score 0.0061 indicates low exploitation probability. Not confirmed exploited in the wild.
CVE-2024-43534,Windows Server 2022,6.5,0.00607,False,CVE CVE-2024-43534 affects Windows Server 2022. EPSS score 0.0061 indicates low exploitation probability. Not confirmed exploited in the wild.
CVE-2024-43534,Windows 10 Pro,6.5,0.00607,False,CVE CVE-2024-43534 affects Windows 10 Pro. EPSS score 0.0061 indicates low exploitation probability. Not confirmed exploited in the wild.
CVE-2025-53156,Windows Server 2022,5.5,0.00607,False,CVE CVE-2025-53156 affects Windows Server 2022. EPSS score 0.0061 indicates low exploitation probability. Not confirmed exploited in the wild.
CVE-2025-30385,Windows Server 2022,7.8,0.00605,False,CVE CVE-2025-30385 affects Windows Server 2022. EPSS score 0.0060 indicates low exploitation probability. Not confirmed exploited in the wild.
CVE-2025-30385,Windows 10 Pro,7.8,0.00605,False,CVE CVE-2025-30385 affects Windows 10 Pro. EPSS score 0.0060 indicates low exploitation probability. Not confirmed exploited in the wild.
CVE-2024-6772,Google Chrome,8.8,0.00603,False,CVE CVE-2024-6772 affects Google Chrome. EPSS score 0.0060 indicates low exploitation probability. Not confirmed exploited in the wild.
CVE-2025-53733,Microsoft 365 Apps for Business,8.4,0.00603,False,CVE CVE-2025-53733 affects Microsoft 365 Apps for Business. EPSS score 0.0060 indicates low exploitation probability. Not confirmed exploited in the wild.
CVE-2024-26238,Windows 10 Pro,7.8,0.00599,False,CVE CVE-2024-26238 affects Windows 10 Pro. EPSS score 0.0060 indicates low exploitation probability. Not confirmed exploited in the wild.
CVE-2024-1673,Google Chrome,8.8,0.00597,False,CVE CVE-2024-1673 affects Google Chrome. EPSS score 0.0060 indicates low exploitation probability. Not confirmed exploited in the wild.
CVE-2024-38017,Windows Server 2022,5.5,0.00597,False,CVE CVE-2024-38017 affects Windows Server 2022. EPSS score 0.0060 indicates low exploitation probability. Not confirmed exploited in the wild.
CVE-2024-38017,Windows 10 Pro,5.5,0.00597,False,CVE CVE-2024-38017 affects Windows 10 Pro. EPSS score 0.0060 indicates low exploitation probability. Not confirmed exploited in the wild.
CVE-2025-26678,Windows Server 2022,8.4,0.00595,False,CVE CVE-2025-26678 affects Windows Server 2022. EPSS score 0.0060 indicates low exploitation probability. Not confirmed exploited in the wild.
CVE-2025-26678,Windows 10 Pro,8.4,0.00595,False,CVE CVE-2025-26678 affects Windows 10 Pro. EPSS score 0.0060 indicates low exploitation probability. Not confirmed exploited in the wild.
CVE-2025-24058,Windows Server 2022,7.8,0.00594,False,CVE CVE-2025-24058 affects Windows Server 2022. EPSS score 0.0059 indicates low exploitation probability. Not confirmed exploited in the wild.
CVE-2025-24058,Windows 10 Pro,7.8,0.00594,False,CVE CVE-2025-24058 affects Windows 10 Pro. EPSS score 0.0059 indicates low exploitation probability. Not confirmed exploited in the wild.
CVE-2025-24073,Windows Server 2022,7.8,0.00594,False,CVE CVE-2025-24073 affects Windows Server 2022. EPSS score 0.0059 indicates low exploitation probability. Not confirmed exploited in the wild.
CVE-2025-24073,Windows 10 Pro,7.8,0.00594,False,CVE CVE-2025-24073 affects Windows 10 Pro. EPSS score 0.0059 indicates low exploitation probability. Not confirmed exploited in the wild.
CVE-2025-24074,Windows Server 2022,7.8,0.00594,False,CVE CVE-2025-24074 affects Windows Server 2022. EPSS score 0.0059 indicates low exploitation probability. Not confirmed exploited in the wild.
CVE-2025-24074,Windows 10 Pro,7.8,0.00594,False,CVE CVE-2025-24074 affects Windows 10 Pro. EPSS score 0.0059 indicates low exploitation probability. Not confirmed exploited in the wild.
CVE-2025-26666,Windows Server 2022,7.8,0.00594,False,CVE CVE-2025-26666 affects Windows Server 2022. EPSS score 0.0059 indicates low exploitation probability. Not confirmed exploited in the wild.
CVE-2025-26666,Windows 10 Pro,7.8,0.00594,False,CVE CVE-2025-26666 affects Windows 10 Pro. EPSS score 0.0059 indicates low exploitation probability. Not confirmed exploited in the wild.
CVE-2025-26674,Windows Server 2022,7.8,0.00594,False,CVE CVE-2025-26674 affects Windows Server 2022. EPSS score 0.0059 indicates low exploitation probability. Not confirmed exploited in the wild.
CVE-2025-26674,Windows 10 Pro,7.8,0.00594,False,CVE CVE-2025-26674 affects Windows 10 Pro. EPSS score 0.0059 indicates low exploitation probability. Not confirmed exploited in the wild.
CVE-2025-30386,Microsoft 365 Apps for Business,8.4,0.00593,False,CVE CVE-2025-30386 affects Microsoft 365 Apps for Business. EPSS score 0.0059 indicates low exploitation probability. Not confirmed exploited in the wild.
CVE-2025-53731,Microsoft 365 Apps for Business,8.4,0.00593,False,CVE CVE-2025-53731 affects Microsoft 365 Apps for Business. EPSS score 0.0059 indicates low exploitation probability. Not confirmed exploited in the wild.
CVE-2025-53740,Microsoft 365 Apps for Business,8.4,0.00593,False,CVE CVE-2025-53740 affects Microsoft 365 Apps for Business. EPSS score 0.0059 indicates low exploitation probability. Not confirmed exploited in the wild.
CVE-2024-38170,Microsoft 365 Apps for Business,7.1,0.00592,False,CVE CVE-2024-38170 affects Microsoft 365 Apps for Business. EPSS score 0.0059 indicates low exploitation probability. Not confirmed exploited in the wild.
CVE-2025-29956,Windows Server 2022,5.4,0.00592,False,CVE CVE-2025-29956 affects Windows Server 2022. EPSS score 0.0059 indicates low exploitation probability. Not confirmed exploited in the wild.
CVE-2025-29956,Windows 10 Pro,5.4,0.00592,False,CVE CVE-2025-29956 affects Windows 10 Pro. EPSS score 0.0059 indicates low exploitation probability. Not confirmed exploited in the wild.
CVE-2024-38245,Windows Server 2022,7.8,0.0059,False,CVE CVE-2024-38245 affects Windows Server 2022. EPSS score 0.0059 indicates low exploitation probability. Not confirmed exploited in the wild.
CVE-2024-38245,Windows 10 Pro,7.8,0.0059,False,CVE CVE-2024-38245 affects Windows 10 Pro. EPSS score 0.0059 indicates low exploitation probability. Not confirmed exploited in the wild.
CVE-2025-49680,Windows Server 2022,7.3,0.00588,False,CVE CVE-2025-49680 affects Windows Server 2022. EPSS score 0.0059 indicates low exploitation probability. Not confirmed exploited in the wild.
CVE-2025-49680,Windows 10 Pro,7.3,0.00588,False,CVE CVE-2025-49680 affects Windows 10 Pro. EPSS score 0.0059 indicates low exploitation probability. Not confirmed exploited in the wild.
CVE-2024-20659,Windows Server 2022,7.1,0.00585,False,CVE CVE-2024-20659 affects Windows Server 2022. EPSS score 0.0059 indicates low exploitation probability. Not confirmed exploited in the wild.
CVE-2024-20659,Windows 10 Pro,7.1,0.00585,False,CVE CVE-2024-20659 affects Windows 10 Pro. EPSS score 0.0059 indicates low exploitation probability. Not confirmed exploited in the wild.
CVE-2025-21365,Microsoft 365 Apps for Business,7.8,0.00585,False,CVE CVE-2025-21365 affects Microsoft 365 Apps for Business. EPSS score 0.0059 indicates low exploitation probability. Not confirmed exploited in the wild.
CVE-2024-30104,Microsoft 365 Apps for Business,7.8,0.00583,False,CVE CVE-2024-30104 affects Microsoft 365 Apps for Business. EPSS score 0.0058 indicates low exploitation probability. Not confirmed exploited in the wild.
CVE-2026-25166,Windows Server 2022,7.8,0.00579,False,CVE CVE-2026-25166 affects Windows Server 2022. EPSS score 0.0058 indicates low exploitation probability. Not confirmed exploited in the wild.
CVE-2026-25166,Windows 10 Pro,7.8,0.00579,False,CVE CVE-2026-25166 affects Windows 10 Pro. EPSS score 0.0058 indicates low exploitation probability. Not confirmed exploited in the wild.
CVE-2024-7018,Google Chrome,7.8,0.00578,False,CVE CVE-2024-7018 affects Google Chrome. EPSS score 0.0058 indicates low exploitation probability. Not confirmed exploited in the wild.
CVE-2025-1006,Google Chrome,8.8,0.00578,False,CVE CVE-2025-1006 affects Google Chrome. EPSS score 0.0058 indicates low exploitation probability. Not confirmed exploited in the wild.
CVE-2025-29812,Windows Server 2022,7.8,0.00578,False,CVE CVE-2025-29812 affects Windows Server 2022. EPSS score 0.0058 indicates low exploitation probability. Not confirmed exploited in the wild.
CVE-2025-50168,Windows Server 2022,7.8,0.00577,False,CVE CVE-2025-50168 affects Windows Server 2022. EPSS score 0.0058 indicates low exploitation probability. Not confirmed exploited in the wild.
CVE-2024-30096,Windows Server 2022,5.5,0.00576,False,CVE CVE-2024-30096 affects Windows Server 2022. EPSS score 0.0058 indicates low exploitation probability. Not confirmed exploited in the wild.
CVE-2024-30096,Windows 10 Pro,5.5,0.00576,False,CVE CVE-2024-30096 affects Windows 10 Pro. EPSS score 0.0058 indicates low exploitation probability. Not confirmed exploited in the wild.
CVE-2025-21217,Windows Server 2022,6.5,0.00575,False,CVE CVE-2025-21217 affects Windows Server 2022. EPSS score 0.0057 indicates low exploitation probability. Not confirmed exploited in the wild.
CVE-2025-21217,Windows 10 Pro,6.5,0.00575,False,CVE CVE-2025-21217 affects Windows 10 Pro. EPSS score 0.0057 indicates low exploitation probability. Not confirmed exploited in the wild.
CVE-2024-38050,Windows Server 2022,7.8,0.00574,False,CVE CVE-2024-38050 affects Windows Server 2022. EPSS score 0.0057 indicates low exploitation probability. Not confirmed exploited in the wild.
CVE-2024-38050,Windows 10 Pro,7.8,0.00574,False,CVE CVE-2024-38050 affects Windows 10 Pro. EPSS score 0.0057 indicates low exploitation probability. Not confirmed exploited in the wild.
CVE-2024-38118,Windows Server 2022,5.5,0.00574,False,CVE CVE-2024-38118 affects Windows Server 2022. EPSS score 0.0057 indicates low exploitation probability. Not confirmed exploited in the wild.
CVE-2024-38118,Windows 10 Pro,5.5,0.00574,False,CVE CVE-2024-38118 affects Windows 10 Pro. EPSS score 0.0057 indicates low exploitation probability. Not confirmed exploited in the wild.
CVE-2025-29791,Microsoft 365 Apps for Business,7.8,0.00574,False,CVE CVE-2025-29791 affects Microsoft 365 Apps for Business. EPSS score 0.0057 indicates low exploitation probability. Not confirmed exploited in the wild.
CVE-2024-43530,Windows Server 2022,7.8,0.00569,False,CVE CVE-2024-43530 affects Windows Server 2022. EPSS score 0.0057 indicates low exploitation probability. Not confirmed exploited in the wild.
CVE-2024-43530,Windows 10 Pro,7.8,0.00569,False,CVE CVE-2024-43530 affects Windows 10 Pro. EPSS score 0.0057 indicates low exploitation probability. Not confirmed exploited in the wild.
CVE-2024-26177,Windows Server 2022,5.5,0.00565,False,CVE CVE-2024-26177 affects Windows Server 2022. EPSS score 0.0056 indicates low exploitation probability. Not confirmed exploited in the wild.
CVE-2026-27912,Windows Server 2022,8.0,0.00565,False,CVE CVE-2026-27912 affects Windows Server 2022. EPSS score 0.0056 indicates low exploitation probability. Not confirmed exploited in the wild.
CVE-2025-27727,Windows Server 2022,7.8,0.00563,False,CVE CVE-2025-27727 affects Windows Server 2022. EPSS score 0.0056 indicates low exploitation probability. Not confirmed exploited in the wild.
CVE-2025-27727,Windows 10 Pro,7.8,0.00563,False,CVE CVE-2025-27727 affects Windows 10 Pro. EPSS score 0.0056 indicates low exploitation probability. Not confirmed exploited in the wild.
CVE-2024-4559,Google Chrome,6.5,0.00561,False,CVE CVE-2024-4559 affects Google Chrome. EPSS score 0.0056 indicates low exploitation probability. Not confirmed exploited in the wild.
CVE-2025-26637,Windows Server 2022,6.8,0.0056,False,CVE CVE-2025-26637 affects Windows Server 2022. EPSS score 0.0056 indicates low exploitation probability. Not confirmed exploited in the wild.
CVE-2025-26637,Windows 10 Pro,6.8,0.0056,False,CVE CVE-2025-26637 affects Windows 10 Pro. EPSS score 0.0056 indicates low exploitation probability. Not confirmed exploited in the wild.
CVE-2024-6102,Google Chrome,8.8,0.00557,False,CVE CVE-2024-6102 affects Google Chrome. EPSS score 0.0056 indicates low exploitation probability. Not confirmed exploited in the wild.
CVE-2024-6103,Google Chrome,8.8,0.00557,False,CVE CVE-2024-6103 affects Google Chrome. EPSS score 0.0056 indicates low exploitation probability. Not confirmed exploited in the wild.
CVE-2025-27742,Windows Server 2022,5.5,0.00556,False,CVE CVE-2025-27742 affects Windows Server 2022. EPSS score 0.0056 indicates low exploitation probability. Not confirmed exploited in the wild.
CVE-2025-27742,Windows 10 Pro,5.5,0.00556,False,CVE CVE-2025-27742 affects Windows 10 Pro. EPSS score 0.0056 indicates low exploitation probability. Not confirmed exploited in the wild.
CVE-2025-21197,Windows Server 2022,6.5,0.00555,False,CVE CVE-2025-21197 affects Windows Server 2022. EPSS score 0.0056 indicates low exploitation probability. Not confirmed exploited in the wild.
CVE-2025-21197,Windows 10 Pro,6.5,0.00555,False,CVE CVE-2025-21197 affects Windows 10 Pro. EPSS score 0.0056 indicates low exploitation probability. Not confirmed exploited in the wild.
CVE-2025-47993,Windows Server 2022,7.8,0.00554,False,CVE CVE-2025-47993 affects Windows Server 2022. EPSS score 0.0055 indicates low exploitation probability. Not confirmed exploited in the wild.
CVE-2025-50171,Windows Server 2022,9.1,0.00554,False,CVE CVE-2025-50171 affects Windows Server 2022. EPSS score 0.0055 indicates low exploitation probability. Not confirmed exploited in the wild.
CVE-2024-1059,Google Chrome,8.8,0.00553,False,CVE CVE-2024-1059 affects Google Chrome. EPSS score 0.0055 indicates low exploitation probability. Not confirmed exploited in the wild.
CVE-2024-49077,Windows Server 2022,6.8,0.00553,False,CVE CVE-2024-49077 affects Windows Server 2022. EPSS score 0.0055 indicates low exploitation probability. Not confirmed exploited in the wild.
CVE-2024-49077,Windows 10 Pro,6.8,0.00553,False,CVE CVE-2024-49077 affects Windows 10 Pro. EPSS score 0.0055 indicates low exploitation probability. Not confirmed exploited in the wild.
CVE-2025-26630,Microsoft 365 Apps for Business,7.8,0.00553,False,CVE CVE-2025-26630 affects Microsoft 365 Apps for Business. EPSS score 0.0055 indicates low exploitation probability. Not confirmed exploited in the wild.
CVE-2024-38275,Moodle,7.5,0.00546,False,CVE CVE-2024-38275 affects Moodle. EPSS score 0.0055 indicates low exploitation probability. Not confirmed exploited in the wild.
CVE-2025-21292,Windows Server 2022,8.8,0.00545,False,CVE CVE-2025-21292 affects Windows Server 2022. EPSS score 0.0054 indicates low exploitation probability. Not confirmed exploited in the wild.
CVE-2025-21292,Windows 10 Pro,8.8,0.00545,False,CVE CVE-2025-21292 affects Windows 10 Pro. EPSS score 0.0054 indicates low exploitation probability. Not confirmed exploited in the wild.
CVE-2025-27745,Microsoft 365 Apps for Business,7.8,0.00545,False,CVE CVE-2025-27745 affects Microsoft 365 Apps for Business. EPSS score 0.0054 indicates low exploitation probability. Not confirmed exploited in the wild.
CVE-2025-27748,Microsoft 365 Apps for Business,7.8,0.00545,False,CVE CVE-2025-27748 affects Microsoft 365 Apps for Business. EPSS score 0.0054 indicates low exploitation probability. Not confirmed exploited in the wild.
CVE-2025-27749,Microsoft 365 Apps for Business,7.8,0.00545,False,CVE CVE-2025-27749 affects Microsoft 365 Apps for Business. EPSS score 0.0054 indicates low exploitation probability. Not confirmed exploited in the wild.
CVE-2024-49126,Windows Server 2022,8.1,0.00544,False,CVE CVE-2024-49126 affects Windows Server 2022. EPSS score 0.0054 indicates low exploitation probability. Not confirmed exploited in the wild.
CVE-2024-49126,Windows 10 Pro,8.1,0.00544,False,CVE CVE-2024-49126 affects Windows 10 Pro. EPSS score 0.0054 indicates low exploitation probability. Not confirmed exploited in the wild.
CVE-2024-49127,Windows Server 2022,8.1,0.00544,False,CVE CVE-2024-49127 affects Windows Server 2022. EPSS score 0.0054 indicates low exploitation probability. Not confirmed exploited in the wild.
CVE-2024-49127,Windows 10 Pro,8.1,0.00544,False,CVE CVE-2024-49127 affects Windows 10 Pro. EPSS score 0.0054 indicates low exploitation probability. Not confirmed exploited in the wild.
CVE-2024-38047,Windows Server 2022,7.8,0.00543,False,CVE CVE-2024-38047 affects Windows Server 2022. EPSS score 0.0054 indicates low exploitation probability. Not confirmed exploited in the wild.
CVE-2024-38047,Windows 10 Pro,7.8,0.00543,False,CVE CVE-2024-38047 affects Windows 10 Pro. EPSS score 0.0054 indicates low exploitation probability. Not confirmed exploited in the wild.
CVE-2025-21326,Windows Server 2022,7.8,0.0054,False,CVE CVE-2025-21326 affects Windows Server 2022. EPSS score 0.0054 indicates low exploitation probability. Not confirmed exploited in the wild.
CVE-2025-24992,Windows Server 2022,5.5,0.0054,False,CVE CVE-2025-24992 affects Windows Server 2022. EPSS score 0.0054 indicates low exploitation probability. Not confirmed exploited in the wild.
CVE-2025-24992,Windows 10 Pro,5.5,0.0054,False,CVE CVE-2025-24992 affects Windows 10 Pro. EPSS score 0.0054 indicates low exploitation probability. Not confirmed exploited in the wild.
CVE-2025-24060,Windows Server 2022,7.8,0.00538,False,CVE CVE-2025-24060 affects Windows Server 2022. EPSS score 0.0054 indicates low exploitation probability. Not confirmed exploited in the wild.
CVE-2025-24060,Windows 10 Pro,7.8,0.00538,False,CVE CVE-2025-24060 affects Windows 10 Pro. EPSS score 0.0054 indicates low exploitation probability. Not confirmed exploited in the wild.
CVE-2025-24062,Windows Server 2022,7.8,0.00538,False,CVE CVE-2025-24062 affects Windows Server 2022. EPSS score 0.0054 indicates low exploitation probability. Not confirmed exploited in the wild.
CVE-2025-24062,Windows 10 Pro,7.8,0.00538,False,CVE CVE-2025-24062 affects Windows 10 Pro. EPSS score 0.0054 indicates low exploitation probability. Not confirmed exploited in the wild.
CVE-2024-30018,Windows Server 2022,7.8,0.00533,False,CVE CVE-2024-30018 affects Windows Server 2022. EPSS score 0.0053 indicates low exploitation probability. Not confirmed exploited in the wild.
CVE-2024-30018,Windows 10 Pro,7.8,0.00533,False,CVE CVE-2024-30018 affects Windows 10 Pro. EPSS score 0.0053 indicates low exploitation probability. Not confirmed exploited in the wild.
CVE-2024-30071,Windows Server 2022,4.7,0.00533,False,CVE CVE-2024-30071 affects Windows Server 2022. EPSS score 0.0053 indicates low exploitation probability. Not confirmed exploited in the wild.
CVE-2024-30071,Windows 10 Pro,4.7,0.00533,False,CVE CVE-2024-30071 affects Windows 10 Pro. EPSS score 0.0053 indicates low exploitation probability. Not confirmed exploited in the wild.
CVE-2025-20169,Cisco IOS XE,7.7,0.00533,False,CVE CVE-2025-20169 affects Cisco IOS XE. EPSS score 0.0053 indicates low exploitation probability. Not confirmed exploited in the wild.
CVE-2025-20170,Cisco IOS XE,7.7,0.00533,False,CVE CVE-2025-20170 affects Cisco IOS XE. EPSS score 0.0053 indicates low exploitation probability. Not confirmed exploited in the wild.
CVE-2025-20175,Cisco IOS XE,7.7,0.00533,False,CVE CVE-2025-20175 affects Cisco IOS XE. EPSS score 0.0053 indicates low exploitation probability. Not confirmed exploited in the wild.
CVE-2025-49682,Windows Server 2022,7.3,0.00533,False,CVE CVE-2025-49682 affects Windows Server 2022. EPSS score 0.0053 indicates low exploitation probability. Not confirmed exploited in the wild.
CVE-2025-49682,Windows 10 Pro,7.3,0.00533,False,CVE CVE-2025-49682 affects Windows 10 Pro. EPSS score 0.0053 indicates low exploitation probability. Not confirmed exploited in the wild.
CVE-2025-21338,Windows Server 2022,7.8,0.00532,False,CVE CVE-2025-21338 affects Windows Server 2022. EPSS score 0.0053 indicates low exploitation probability. Not confirmed exploited in the wild.
CVE-2025-21338,Windows 10 Pro,7.8,0.00532,False,CVE CVE-2025-21338 affects Windows 10 Pro. EPSS score 0.0053 indicates low exploitation probability. Not confirmed exploited in the wild.
CVE-2024-21444,Windows Server 2022,8.8,0.00531,False,CVE CVE-2024-21444 affects Windows Server 2022. EPSS score 0.0053 indicates low exploitation probability. Not confirmed exploited in the wild.
CVE-2024-21444,Windows 10 Pro,8.8,0.00531,False,CVE CVE-2024-21444 affects Windows 10 Pro. EPSS score 0.0053 indicates low exploitation probability. Not confirmed exploited in the wild.
CVE-2024-43435,Moodle,5.3,0.00529,False,CVE CVE-2024-43435 affects Moodle. EPSS score 0.0053 indicates low exploitation probability. Not confirmed exploited in the wild.
CVE-2025-49751,Windows Server 2022,6.8,0.00529,False,CVE CVE-2025-49751 affects Windows Server 2022. EPSS score 0.0053 indicates low exploitation probability. Not confirmed exploited in the wild.
CVE-2025-49751,Windows 10 Pro,6.8,0.00529,False,CVE CVE-2025-49751 affects Windows 10 Pro. EPSS score 0.0053 indicates low exploitation probability. Not confirmed exploited in the wild.
CVE-2024-21379,Microsoft 365 Apps for Business,7.8,0.00528,False,CVE CVE-2024-21379 affects Microsoft 365 Apps for Business. EPSS score 0.0053 indicates low exploitation probability. Not confirmed exploited in the wild.
CVE-2024-21384,Microsoft 365 Apps for Business,7.8,0.00525,False,CVE CVE-2024-21384 affects Microsoft 365 Apps for Business. EPSS score 0.0053 indicates low exploitation probability. Not confirmed exploited in the wild.
CVE-2025-53724,Windows Server 2022,7.8,0.00523,False,CVE CVE-2025-53724 affects Windows Server 2022. EPSS score 0.0052 indicates low exploitation probability. Not confirmed exploited in the wild.
CVE-2025-53724,Windows 10 Pro,7.8,0.00523,False,CVE CVE-2025-53724 affects Windows 10 Pro. EPSS score 0.0052 indicates low exploitation probability. Not confirmed exploited in the wild.
CVE-2025-53725,Windows Server 2022,7.8,0.00523,False,CVE CVE-2025-53725 affects Windows Server 2022. EPSS score 0.0052 indicates low exploitation probability. Not confirmed exploited in the wild.
CVE-2025-53725,Windows 10 Pro,7.8,0.00523,False,CVE CVE-2025-53725 affects Windows 10 Pro. EPSS score 0.0052 indicates low exploitation probability. Not confirmed exploited in the wild.
CVE-2025-53726,Windows Server 2022,7.8,0.00523,False,CVE CVE-2025-53726 affects Windows Server 2022. EPSS score 0.0052 indicates low exploitation probability. Not confirmed exploited in the wild.
CVE-2025-53726,Windows 10 Pro,7.8,0.00523,False,CVE CVE-2025-53726 affects Windows 10 Pro. EPSS score 0.0052 indicates low exploitation probability. Not confirmed exploited in the wild.
CVE-2024-43434,Moodle,8.1,0.00522,False,CVE CVE-2024-43434 affects Moodle. EPSS score 0.0052 indicates low exploitation probability. Not confirmed exploited in the wild.
CVE-2024-20694,Windows Server 2022,5.5,0.00521,False,CVE CVE-2024-20694 affects Windows Server 2022. EPSS score 0.0052 indicates low exploitation probability. Not confirmed exploited in the wild.
CVE-2024-20694,Windows 10 Pro,5.5,0.00521,False,CVE CVE-2024-20694 affects Windows 10 Pro. EPSS score 0.0052 indicates low exploitation probability. Not confirmed exploited in the wild.
CVE-2024-5494,Google Chrome,8.8,0.00521,False,CVE CVE-2024-5494 affects Google Chrome. EPSS score 0.0052 indicates low exploitation probability. Not confirmed exploited in the wild.
CVE-2024-20665,Windows Server 2022,6.1,0.0052,False,CVE CVE-2024-20665 affects Windows Server 2022. EPSS score 0.0052 indicates low exploitation probability. Not confirmed exploited in the wild.
CVE-2024-20665,Windows 10 Pro,6.1,0.0052,False,CVE CVE-2024-20665 affects Windows 10 Pro. EPSS score 0.0052 indicates low exploitation probability. Not confirmed exploited in the wild.
CVE-2024-38169,Microsoft 365 Apps for Business,7.8,0.0052,False,CVE CVE-2024-38169 affects Microsoft 365 Apps for Business. EPSS score 0.0052 indicates low exploitation probability. Not confirmed exploited in the wild.
CVE-2024-12694,Google Chrome,8.8,0.00519,False,CVE CVE-2024-12694 affects Google Chrome. EPSS score 0.0052 indicates low exploitation probability. Not confirmed exploited in the wild.
CVE-2024-1670,Google Chrome,8.8,0.00519,False,CVE CVE-2024-1670 affects Google Chrome. EPSS score 0.0052 indicates low exploitation probability. Not confirmed exploited in the wild.
CVE-2024-38066,Windows 10 Pro,7.8,0.00519,False,CVE CVE-2024-38066 affects Windows 10 Pro. EPSS score 0.0052 indicates low exploitation probability. Not confirmed exploited in the wild.
CVE-2025-26679,Windows Server 2022,7.8,0.00519,False,CVE CVE-2025-26679 affects Windows Server 2022. EPSS score 0.0052 indicates low exploitation probability. Not confirmed exploited in the wild.
CVE-2025-26679,Windows 10 Pro,7.8,0.00519,False,CVE CVE-2025-26679 affects Windows 10 Pro. EPSS score 0.0052 indicates low exploitation probability. Not confirmed exploited in the wild.
CVE-2025-26688,Windows Server 2022,7.8,0.00519,False,CVE CVE-2025-26688 affects Windows Server 2022. EPSS score 0.0052 indicates low exploitation probability. Not confirmed exploited in the wild.
CVE-2025-26688,Windows 10 Pro,7.8,0.00519,False,CVE CVE-2025-26688 affects Windows 10 Pro. EPSS score 0.0052 indicates low exploitation probability. Not confirmed exploited in the wild.
CVE-2025-27467,Windows Server 2022,7.8,0.00519,False,CVE CVE-2025-27467 affects Windows Server 2022. EPSS score 0.0052 indicates low exploitation probability. Not confirmed exploited in the wild.
CVE-2025-27467,Windows 10 Pro,7.8,0.00519,False,CVE CVE-2025-27467 affects Windows 10 Pro. EPSS score 0.0052 indicates low exploitation probability. Not confirmed exploited in the wild.
CVE-2025-27476,Windows Server 2022,7.8,0.00519,False,CVE CVE-2025-27476 affects Windows Server 2022. EPSS score 0.0052 indicates low exploitation probability. Not confirmed exploited in the wild.
CVE-2025-27476,Windows 10 Pro,7.8,0.00519,False,CVE CVE-2025-27476 affects Windows 10 Pro. EPSS score 0.0052 indicates low exploitation probability. Not confirmed exploited in the wild.
CVE-2025-27730,Windows Server 2022,7.8,0.00519,False,CVE CVE-2025-27730 affects Windows Server 2022. EPSS score 0.0052 indicates low exploitation probability. Not confirmed exploited in the wild.
CVE-2025-27730,Windows 10 Pro,7.8,0.00519,False,CVE CVE-2025-27730 affects Windows 10 Pro. EPSS score 0.0052 indicates low exploitation probability. Not confirmed exploited in the wild.
CVE-2024-38122,Windows Server 2022,5.5,0.00516,False,CVE CVE-2024-38122 affects Windows Server 2022. EPSS score 0.0052 indicates low exploitation probability. Not confirmed exploited in the wild.
CVE-2024-38122,Windows 10 Pro,5.5,0.00516,False,CVE CVE-2024-38122 affects Windows 10 Pro. EPSS score 0.0052 indicates low exploitation probability. Not confirmed exploited in the wild.
CVE-2024-6997,Google Chrome,8.8,0.00516,False,CVE CVE-2024-6997 affects Google Chrome. EPSS score 0.0052 indicates low exploitation probability. Not confirmed exploited in the wild.
CVE-2024-6998,Google Chrome,8.8,0.00516,False,CVE CVE-2024-6998 affects Google Chrome. EPSS score 0.0052 indicates low exploitation probability. Not confirmed exploited in the wild.
CVE-2024-7535,Google Chrome,8.8,0.00516,False,CVE CVE-2024-7535 affects Google Chrome. EPSS score 0.0052 indicates low exploitation probability. Not confirmed exploited in the wild.
CVE-2024-7981,Google Chrome,4.3,0.00516,False,CVE CVE-2024-7981 affects Google Chrome. EPSS score 0.0052 indicates low exploitation probability. Not confirmed exploited in the wild.
CVE-2024-26257,Microsoft 365 Apps for Business,7.8,0.00515,False,CVE CVE-2024-26257 affects Microsoft 365 Apps for Business. EPSS score 0.0052 indicates low exploitation probability. Not confirmed exploited in the wild.
CVE-2024-38065,Windows Server 2022,6.8,0.00514,False,CVE CVE-2024-38065 affects Windows Server 2022. EPSS score 0.0051 indicates low exploitation probability. Not confirmed exploited in the wild.
CVE-2024-38065,Windows 10 Pro,6.8,0.00514,False,CVE CVE-2024-38065 affects Windows 10 Pro. EPSS score 0.0051 indicates low exploitation probability. Not confirmed exploited in the wild.
CVE-2024-43535,Windows Server 2022,7.0,0.00514,False,CVE CVE-2024-43535 affects Windows Server 2022. EPSS score 0.0051 indicates low exploitation probability. Not confirmed exploited in the wild.
CVE-2024-43535,Windows 10 Pro,7.0,0.00514,False,CVE CVE-2024-43535 affects Windows 10 Pro. EPSS score 0.0051 indicates low exploitation probability. Not confirmed exploited in the wild.
CVE-2025-27481,Windows Server 2022,8.8,0.00514,False,CVE CVE-2025-27481 affects Windows Server 2022. EPSS score 0.0051 indicates low exploitation probability. Not confirmed exploited in the wild.
CVE-2025-27481,Windows 10 Pro,8.8,0.00514,False,CVE CVE-2025-27481 affects Windows 10 Pro. EPSS score 0.0051 indicates low exploitation probability. Not confirmed exploited in the wild.
CVE-2024-8035,Google Chrome,4.3,0.00513,False,CVE CVE-2024-8035 affects Google Chrome. EPSS score 0.0051 indicates low exploitation probability. Not confirmed exploited in the wild.
CVE-2025-48822,Windows Server 2022,8.6,0.0051,False,CVE CVE-2025-48822 affects Windows Server 2022. EPSS score 0.0051 indicates low exploitation probability. Not confirmed exploited in the wild.
CVE-2025-48822,Windows 10 Pro,8.6,0.0051,False,CVE CVE-2025-48822 affects Windows 10 Pro. EPSS score 0.0051 indicates low exploitation probability. Not confirmed exploited in the wild.
CVE-2025-0436,Google Chrome,8.8,0.00509,False,CVE CVE-2025-0436 affects Google Chrome. EPSS score 0.0051 indicates low exploitation probability. Not confirmed exploited in the wild.
CVE-2024-38046,Windows Server 2022,7.8,0.00508,False,CVE CVE-2024-38046 affects Windows Server 2022. EPSS score 0.0051 indicates low exploitation probability. Not confirmed exploited in the wild.
CVE-2024-38046,Windows 10 Pro,7.8,0.00508,False,CVE CVE-2024-38046 affects Windows 10 Pro. EPSS score 0.0051 indicates low exploitation probability. Not confirmed exploited in the wild.
CVE-2024-8033,Google Chrome,4.3,0.00508,False,CVE CVE-2024-8033 affects Google Chrome. EPSS score 0.0051 indicates low exploitation probability. Not confirmed exploited in the wild.
CVE-2025-27750,Microsoft 365 Apps for Business,7.8,0.00508,False,CVE CVE-2025-27750 affects Microsoft 365 Apps for Business. EPSS score 0.0051 indicates low exploitation probability. Not confirmed exploited in the wild.
CVE-2025-21193,Windows Server 2022,6.5,0.00507,False,CVE CVE-2025-21193 affects Windows Server 2022. EPSS score 0.0051 indicates low exploitation probability. Not confirmed exploited in the wild.
CVE-2024-26240,Windows Server 2022,8.0,0.00506,False,CVE CVE-2024-26240 affects Windows Server 2022. EPSS score 0.0051 indicates low exploitation probability. Not confirmed exploited in the wild.
CVE-2024-26240,Windows 10 Pro,8.0,0.00506,False,CVE CVE-2024-26240 affects Windows 10 Pro. EPSS score 0.0051 indicates low exploitation probability. Not confirmed exploited in the wild.
CVE-2024-38055,Windows Server 2022,5.5,0.00505,False,CVE CVE-2024-38055 affects Windows Server 2022. EPSS score 0.0050 indicates low exploitation probability. Not confirmed exploited in the wild.
CVE-2024-38055,Windows 10 Pro,5.5,0.00505,False,CVE CVE-2024-38055 affects Windows 10 Pro. EPSS score 0.0050 indicates low exploitation probability. Not confirmed exploited in the wild.
CVE-2024-49117,Windows Server 2022,8.8,0.00505,False,CVE CVE-2024-49117 affects Windows Server 2022. EPSS score 0.0050 indicates low exploitation probability. Not confirmed exploited in the wild.
CVE-2024-7534,Google Chrome,8.8,0.00505,False,CVE CVE-2024-7534 affects Google Chrome. EPSS score 0.0050 indicates low exploitation probability. Not confirmed exploited in the wild.
CVE-2025-50155,Windows Server 2022,7.8,0.00505,False,CVE CVE-2025-50155 affects Windows Server 2022. EPSS score 0.0050 indicates low exploitation probability. Not confirmed exploited in the wild.
CVE-2025-50155,Windows 10 Pro,7.8,0.00505,False,CVE CVE-2025-50155 affects Windows 10 Pro. EPSS score 0.0050 indicates low exploitation probability. Not confirmed exploited in the wild.
CVE-2025-50176,Windows Server 2022,7.8,0.00505,False,CVE CVE-2025-50176 affects Windows Server 2022. EPSS score 0.0050 indicates low exploitation probability. Not confirmed exploited in the wild.
CVE-2024-3173,Google Chrome,8.8,0.00504,False,CVE CVE-2024-3173 affects Google Chrome. EPSS score 0.0050 indicates low exploitation probability. Not confirmed exploited in the wild.
CVE-2025-21224,Windows Server 2022,8.1,0.00504,False,CVE CVE-2025-21224 affects Windows Server 2022. EPSS score 0.0050 indicates low exploitation probability. Not confirmed exploited in the wild.
CVE-2025-21224,Windows 10 Pro,8.1,0.00504,False,CVE CVE-2025-21224 affects Windows 10 Pro. EPSS score 0.0050 indicates low exploitation probability. Not confirmed exploited in the wild.
CVE-2025-27439,Zoom,8.5,0.00503,False,CVE CVE-2025-27439 affects Zoom. EPSS score 0.0050 indicates low exploitation probability. Not confirmed exploited in the wild.
CVE-2024-49103,Windows Server 2022,4.3,0.00502,False,CVE CVE-2024-49103 affects Windows Server 2022. EPSS score 0.0050 indicates low exploitation probability. Not confirmed exploited in the wild.
CVE-2024-49103,Windows 10 Pro,4.3,0.00502,False,CVE CVE-2024-49103 affects Windows 10 Pro. EPSS score 0.0050 indicates low exploitation probability. Not confirmed exploited in the wild.
CVE-2025-27491,Windows Server 2022,7.1,0.00502,False,CVE CVE-2025-27491 affects Windows Server 2022. EPSS score 0.0050 indicates low exploitation probability. Not confirmed exploited in the wild.
CVE-2025-27491,Windows 10 Pro,7.1,0.00502,False,CVE CVE-2025-27491 affects Windows 10 Pro. EPSS score 0.0050 indicates low exploitation probability. Not confirmed exploited in the wild.
CVE-2025-43579,Adobe Acrobat Reader DC,5.5,0.005,False,CVE CVE-2025-43579 affects Adobe Acrobat Reader DC. EPSS score 0.0050 indicates low exploitation probability. Not confirmed exploited in the wild.
CVE-2025-69420,OpenSSL,7.5,0.005,False,CVE CVE-2025-69420 affects OpenSSL. EPSS score 0.0050 indicates low exploitation probability. Not confirmed exploited in the wild.
CVE-2024-49079,Windows Server 2022,7.8,0.00498,False,CVE CVE-2024-49079 affects Windows Server 2022. EPSS score 0.0050 indicates low exploitation probability. Not confirmed exploited in the wild.
CVE-2024-49079,Windows 10 Pro,7.8,0.00498,False,CVE CVE-2024-49079 affects Windows 10 Pro. EPSS score 0.0050 indicates low exploitation probability. Not confirmed exploited in the wild.
CVE-2025-48000,Windows Server 2022,7.8,0.00498,False,CVE CVE-2025-48000 affects Windows Server 2022. EPSS score 0.0050 indicates low exploitation probability. Not confirmed exploited in the wild.
CVE-2025-48000,Windows 10 Pro,7.8,0.00498,False,CVE CVE-2025-48000 affects Windows 10 Pro. EPSS score 0.0050 indicates low exploitation probability. Not confirmed exploited in the wild.
CVE-2025-49665,Windows Server 2022,7.8,0.00498,False,CVE CVE-2025-49665 affects Windows Server 2022. EPSS score 0.0050 indicates low exploitation probability. Not confirmed exploited in the wild.
CVE-2025-49665,Windows 10 Pro,7.8,0.00498,False,CVE CVE-2025-49665 affects Windows 10 Pro. EPSS score 0.0050 indicates low exploitation probability. Not confirmed exploited in the wild.
CVE-2024-43524,Windows Server 2022,6.8,0.00497,False,CVE CVE-2024-43524 affects Windows Server 2022. EPSS score 0.0050 indicates low exploitation probability. Not confirmed exploited in the wild.
CVE-2024-43524,Windows 10 Pro,6.8,0.00497,False,CVE CVE-2024-43524 affects Windows 10 Pro. EPSS score 0.0050 indicates low exploitation probability. Not confirmed exploited in the wild.
CVE-2024-43436,Moodle,7.2,0.00496,False,CVE CVE-2024-43436 affects Moodle. EPSS score 0.0050 indicates low exploitation probability. Not confirmed exploited in the wild.
CVE-2024-8636,Google Chrome,8.8,0.00495,False,CVE CVE-2024-8636 affects Google Chrome. EPSS score 0.0050 indicates low exploitation probability. Not confirmed exploited in the wild.
CVE-2025-62199,Microsoft 365 Apps for Business,7.8,0.00491,False,CVE CVE-2025-62199 affects Microsoft 365 Apps for Business. EPSS score 0.0049 indicates low exploitation probability. Not confirmed exploited in the wild.
CVE-2024-38173,Microsoft 365 Apps for Business,6.7,0.00488,False,CVE CVE-2024-38173 affects Microsoft 365 Apps for Business. EPSS score 0.0049 indicates low exploitation probability. Not confirmed exploited in the wild.
CVE-2025-53021,Moodle,4.2,0.00486,False,CVE CVE-2025-53021 affects Moodle. EPSS score 0.0049 indicates low exploitation probability. Not confirmed exploited in the wild.
CVE-2024-5831,Google Chrome,8.8,0.00485,False,CVE CVE-2024-5831 affects Google Chrome. EPSS score 0.0049 indicates low exploitation probability. Not confirmed exploited in the wild.
CVE-2024-5846,Google Chrome,8.8,0.00485,False,CVE CVE-2024-5846 affects Google Chrome. EPSS score 0.0049 indicates low exploitation probability. Not confirmed exploited in the wild.
CVE-2024-5847,Google Chrome,8.8,0.00485,False,CVE CVE-2024-5847 affects Google Chrome. EPSS score 0.0049 indicates low exploitation probability. Not confirmed exploited in the wild.
CVE-2025-24064,Windows Server 2022,8.1,0.00485,False,CVE CVE-2025-24064 affects Windows Server 2022. EPSS score 0.0049 indicates low exploitation probability. Not confirmed exploited in the wild.
CVE-2024-38058,Windows Server 2022,6.8,0.00484,False,CVE CVE-2024-38058 affects Windows Server 2022. EPSS score 0.0048 indicates low exploitation probability. Not confirmed exploited in the wild.
CVE-2024-38058,Windows 10 Pro,6.8,0.00484,False,CVE CVE-2024-38058 affects Windows 10 Pro. EPSS score 0.0048 indicates low exploitation probability. Not confirmed exploited in the wild.
CVE-2025-21387,Microsoft 365 Apps for Business,7.8,0.00484,False,CVE CVE-2025-21387 affects Microsoft 365 Apps for Business. EPSS score 0.0048 indicates low exploitation probability. Not confirmed exploited in the wild.
CVE-2025-26634,Windows Server 2022,7.5,0.00483,False,CVE CVE-2025-26634 affects Windows Server 2022. EPSS score 0.0048 indicates low exploitation probability. Not confirmed exploited in the wild.
CVE-2025-26634,Windows 10 Pro,7.5,0.00483,False,CVE CVE-2025-26634 affects Windows 10 Pro. EPSS score 0.0048 indicates low exploitation probability. Not confirmed exploited in the wild.
CVE-2024-30021,Windows Server 2022,6.8,0.00482,False,CVE CVE-2024-30021 affects Windows Server 2022. EPSS score 0.0048 indicates low exploitation probability. Not confirmed exploited in the wild.
CVE-2024-30021,Windows 10 Pro,6.8,0.00482,False,CVE CVE-2024-30021 affects Windows 10 Pro. EPSS score 0.0048 indicates low exploitation probability. Not confirmed exploited in the wild.
CVE-2024-11114,Google Chrome,8.3,0.0048,False,CVE CVE-2024-11114 affects Google Chrome. EPSS score 0.0048 indicates low exploitation probability. Not confirmed exploited in the wild.
CVE-2024-6991,Google Chrome,8.8,0.0048,False,CVE CVE-2024-6991 affects Google Chrome. EPSS score 0.0048 indicates low exploitation probability. Not confirmed exploited in the wild.
CVE-2024-30086,Windows Server 2022,7.8,0.00479,False,CVE CVE-2024-30086 affects Windows Server 2022. EPSS score 0.0048 indicates low exploitation probability. Not confirmed exploited in the wild.
CVE-2024-30086,Windows 10 Pro,7.8,0.00479,False,CVE CVE-2024-30086 affects Windows 10 Pro. EPSS score 0.0048 indicates low exploitation probability. Not confirmed exploited in the wild.
CVE-2024-20464,Cisco IOS XE,8.6,0.00477,False,CVE CVE-2024-20464 affects Cisco IOS XE. EPSS score 0.0048 indicates low exploitation probability. Not confirmed exploited in the wild.
CVE-2024-8362,Google Chrome,8.8,0.00477,False,CVE CVE-2024-8362 affects Google Chrome. EPSS score 0.0048 indicates low exploitation probability. Not confirmed exploited in the wild.
CVE-2024-35270,Windows Server 2022,5.3,0.00476,False,CVE CVE-2024-35270 affects Windows Server 2022. EPSS score 0.0048 indicates low exploitation probability. Not confirmed exploited in the wild.
CVE-2024-35270,Windows 10 Pro,5.3,0.00476,False,CVE CVE-2024-35270 affects Windows 10 Pro. EPSS score 0.0048 indicates low exploitation probability. Not confirmed exploited in the wild.
CVE-2025-21301,Windows Server 2022,6.5,0.00476,False,CVE CVE-2025-21301 affects Windows Server 2022. EPSS score 0.0048 indicates low exploitation probability. Not confirmed exploited in the wild.
CVE-2025-21301,Windows 10 Pro,6.5,0.00476,False,CVE CVE-2025-21301 affects Windows 10 Pro. EPSS score 0.0048 indicates low exploitation probability. Not confirmed exploited in the wild.
CVE-2025-47986,Windows Server 2022,8.8,0.00476,False,CVE CVE-2025-47986 affects Windows Server 2022. EPSS score 0.0048 indicates low exploitation probability. Not confirmed exploited in the wild.
CVE-2025-47986,Windows 10 Pro,8.8,0.00476,False,CVE CVE-2025-47986 affects Windows 10 Pro. EPSS score 0.0048 indicates low exploitation probability. Not confirmed exploited in the wild.
CVE-2025-49687,Windows Server 2022,8.8,0.00476,False,CVE CVE-2025-49687 affects Windows Server 2022. EPSS score 0.0048 indicates low exploitation probability. Not confirmed exploited in the wild.
CVE-2025-49687,Windows 10 Pro,8.8,0.00476,False,CVE CVE-2025-49687 affects Windows 10 Pro. EPSS score 0.0048 indicates low exploitation probability. Not confirmed exploited in the wild.
CVE-2024-5493,Google Chrome,8.8,0.00475,False,CVE CVE-2024-5493 affects Google Chrome. EPSS score 0.0047 indicates low exploitation probability. Not confirmed exploited in the wild.
CVE-2024-6101,Google Chrome,8.8,0.00475,False,CVE CVE-2024-6101 affects Google Chrome. EPSS score 0.0047 indicates low exploitation probability. Not confirmed exploited in the wild.
CVE-2025-48817,Windows Server 2022,8.8,0.00475,False,CVE CVE-2025-48817 affects Windows Server 2022. EPSS score 0.0047 indicates low exploitation probability. Not confirmed exploited in the wild.
CVE-2025-48817,Windows 10 Pro,8.8,0.00475,False,CVE CVE-2025-48817 affects Windows 10 Pro. EPSS score 0.0047 indicates low exploitation probability. Not confirmed exploited in the wild.
CVE-2025-27740,Windows Server 2022,8.8,0.00472,False,CVE CVE-2025-27740 affects Windows Server 2022. EPSS score 0.0047 indicates low exploitation probability. Not confirmed exploited in the wild.
CVE-2026-20860,Windows Server 2022,7.8,0.00472,False,CVE CVE-2026-20860 affects Windows Server 2022. EPSS score 0.0047 indicates low exploitation probability. Not confirmed exploited in the wild.
CVE-2026-20860,Windows 10 Pro,7.8,0.00472,False,CVE CVE-2026-20860 affects Windows 10 Pro. EPSS score 0.0047 indicates low exploitation probability. Not confirmed exploited in the wild.
CVE-2024-49087,Windows Server 2022,4.6,0.00471,False,CVE CVE-2024-49087 affects Windows Server 2022. EPSS score 0.0047 indicates low exploitation probability. Not confirmed exploited in the wild.
CVE-2024-49087,Windows 10 Pro,4.6,0.00471,False,CVE CVE-2024-49087 affects Windows 10 Pro. EPSS score 0.0047 indicates low exploitation probability. Not confirmed exploited in the wild.
CVE-2024-30039,Windows Server 2022,5.5,0.00469,False,CVE CVE-2024-30039 affects Windows Server 2022. EPSS score 0.0047 indicates low exploitation probability. Not confirmed exploited in the wild.
CVE-2024-30039,Windows 10 Pro,5.5,0.00469,False,CVE CVE-2024-30039 affects Windows 10 Pro. EPSS score 0.0047 indicates low exploitation probability. Not confirmed exploited in the wild.
CVE-2024-38171,Microsoft 365 Apps for Business,7.8,0.00468,False,CVE CVE-2024-38171 affects Microsoft 365 Apps for Business. EPSS score 0.0047 indicates low exploitation probability. Not confirmed exploited in the wild.
CVE-2025-50173,Windows Server 2022,7.8,0.00468,False,CVE CVE-2025-50173 affects Windows Server 2022. EPSS score 0.0047 indicates low exploitation probability. Not confirmed exploited in the wild.
CVE-2025-50173,Windows 10 Pro,7.8,0.00468,False,CVE CVE-2025-50173 affects Windows 10 Pro. EPSS score 0.0047 indicates low exploitation probability. Not confirmed exploited in the wild.
CVE-2025-53141,Windows Server 2022,7.8,0.00468,False,CVE CVE-2025-53141 affects Windows Server 2022. EPSS score 0.0047 indicates low exploitation probability. Not confirmed exploited in the wild.
CVE-2025-53141,Windows 10 Pro,7.8,0.00468,False,CVE CVE-2025-53141 affects Windows 10 Pro. EPSS score 0.0047 indicates low exploitation probability. Not confirmed exploited in the wild.
CVE-2025-53154,Windows Server 2022,7.8,0.00468,False,CVE CVE-2025-53154 affects Windows Server 2022. EPSS score 0.0047 indicates low exploitation probability. Not confirmed exploited in the wild.
CVE-2025-53154,Windows 10 Pro,7.8,0.00468,False,CVE CVE-2025-53154 affects Windows 10 Pro. EPSS score 0.0047 indicates low exploitation probability. Not confirmed exploited in the wild.
CVE-2024-38252,Windows Server 2022,7.8,0.00467,False,CVE CVE-2024-38252 affects Windows Server 2022. EPSS score 0.0047 indicates low exploitation probability. Not confirmed exploited in the wild.
CVE-2024-38252,Windows 10 Pro,7.8,0.00467,False,CVE CVE-2024-38252 affects Windows 10 Pro. EPSS score 0.0047 indicates low exploitation probability. Not confirmed exploited in the wild.
CVE-2024-38253,Windows Server 2022,7.8,0.00467,False,CVE CVE-2024-38253 affects Windows Server 2022. EPSS score 0.0047 indicates low exploitation probability. Not confirmed exploited in the wild.
CVE-2024-5836,Google Chrome,8.8,0.00467,False,CVE CVE-2024-5836 affects Google Chrome. EPSS score 0.0047 indicates low exploitation probability. Not confirmed exploited in the wild.
CVE-2024-26207,Windows Server 2022,5.5,0.00465,False,CVE CVE-2024-26207 affects Windows Server 2022. EPSS score 0.0046 indicates low exploitation probability. Not confirmed exploited in the wild.
CVE-2024-26207,Windows 10 Pro,5.5,0.00465,False,CVE CVE-2024-26207 affects Windows 10 Pro. EPSS score 0.0046 indicates low exploitation probability. Not confirmed exploited in the wild.
CVE-2024-26213,Windows Server 2022,7.0,0.00463,False,CVE CVE-2024-26213 affects Windows Server 2022. EPSS score 0.0046 indicates low exploitation probability. Not confirmed exploited in the wild.
CVE-2024-26239,Windows Server 2022,7.8,0.00463,False,CVE CVE-2024-26239 affects Windows Server 2022. EPSS score 0.0046 indicates low exploitation probability. Not confirmed exploited in the wild.
CVE-2024-26239,Windows 10 Pro,7.8,0.00463,False,CVE CVE-2024-26239 affects Windows 10 Pro. EPSS score 0.0046 indicates low exploitation probability. Not confirmed exploited in the wild.
CVE-2024-43553,Windows Server 2022,7.4,0.00463,False,CVE CVE-2024-43553 affects Windows Server 2022. EPSS score 0.0046 indicates low exploitation probability. Not confirmed exploited in the wild.
CVE-2024-43553,Windows 10 Pro,7.4,0.00463,False,CVE CVE-2024-43553 affects Windows 10 Pro. EPSS score 0.0046 indicates low exploitation probability. Not confirmed exploited in the wild.
CVE-2025-21378,Windows Server 2022,7.8,0.00463,False,CVE CVE-2025-21378 affects Windows Server 2022. EPSS score 0.0046 indicates low exploitation probability. Not confirmed exploited in the wild.
CVE-2025-21378,Windows 10 Pro,7.8,0.00463,False,CVE CVE-2025-21378 affects Windows 10 Pro. EPSS score 0.0046 indicates low exploitation probability. Not confirmed exploited in the wild.
CVE-2026-33007,Apache HTTP Server,5.3,0.00463,False,CVE CVE-2026-33007 affects Apache HTTP Server. EPSS score 0.0046 indicates low exploitation probability. Not confirmed exploited in the wild.
CVE-2024-7256,Google Chrome,8.8,0.00462,False,CVE CVE-2024-7256 affects Google Chrome. EPSS score 0.0046 indicates low exploitation probability. Not confirmed exploited in the wild.
CVE-2024-29061,Windows Server 2022,7.8,0.0046,False,CVE CVE-2024-29061 affects Windows Server 2022. EPSS score 0.0046 indicates low exploitation probability. Not confirmed exploited in the wild.
CVE-2024-29061,Windows 10 Pro,7.8,0.0046,False,CVE CVE-2024-29061 affects Windows 10 Pro. EPSS score 0.0046 indicates low exploitation probability. Not confirmed exploited in the wild.
CVE-2024-45112,Adobe Acrobat Reader DC,7.8,0.00458,False,CVE CVE-2024-45112 affects Adobe Acrobat Reader DC. EPSS score 0.0046 indicates low exploitation probability. Not confirmed exploited in the wild.
CVE-2024-3175,Google Chrome,6.3,0.00457,False,CVE CVE-2024-3175 affects Google Chrome. EPSS score 0.0046 indicates low exploitation probability. Not confirmed exploited in the wild.
CVE-2025-20162,Cisco IOS XE,8.6,0.00457,False,CVE CVE-2025-20162 affects Cisco IOS XE. EPSS score 0.0046 indicates low exploitation probability. Not confirmed exploited in the wild.
CVE-2025-5063,Google Chrome,8.8,0.00457,False,CVE CVE-2025-5063 affects Google Chrome. EPSS score 0.0046 indicates low exploitation probability. Not confirmed exploited in the wild.
CVE-2025-48804,Windows Server 2022,6.8,0.00455,False,CVE CVE-2025-48804 affects Windows Server 2022. EPSS score 0.0046 indicates low exploitation probability. Not confirmed exploited in the wild.
CVE-2025-48804,Windows 10 Pro,6.8,0.00455,False,CVE CVE-2025-48804 affects Windows 10 Pro. EPSS score 0.0046 indicates low exploitation probability. Not confirmed exploited in the wild.
CVE-2024-21402,Microsoft 365 Apps for Business,7.1,0.00453,False,CVE CVE-2024-21402 affects Microsoft 365 Apps for Business. EPSS score 0.0045 indicates low exploitation probability. Not confirmed exploited in the wild.
CVE-2024-21443,Windows Server 2022,7.3,0.00453,False,CVE CVE-2024-21443 affects Windows Server 2022. EPSS score 0.0045 indicates low exploitation probability. Not confirmed exploited in the wild.
CVE-2024-21443,Windows 10 Pro,7.3,0.00453,False,CVE CVE-2024-21443 affects Windows 10 Pro. EPSS score 0.0045 indicates low exploitation probability. Not confirmed exploited in the wild.
CVE-2024-43523,Windows Server 2022,6.8,0.00452,False,CVE CVE-2024-43523 affects Windows Server 2022. EPSS score 0.0045 indicates low exploitation probability. Not confirmed exploited in the wild.
CVE-2024-43523,Windows 10 Pro,6.8,0.00452,False,CVE CVE-2024-43523 affects Windows 10 Pro. EPSS score 0.0045 indicates low exploitation probability. Not confirmed exploited in the wild.
CVE-2024-43525,Windows Server 2022,6.8,0.00452,False,CVE CVE-2024-43525 affects Windows Server 2022. EPSS score 0.0045 indicates low exploitation probability. Not confirmed exploited in the wild.
CVE-2024-43525,Windows 10 Pro,6.8,0.00452,False,CVE CVE-2024-43525 affects Windows 10 Pro. EPSS score 0.0045 indicates low exploitation probability. Not confirmed exploited in the wild.
CVE-2024-43526,Windows Server 2022,6.8,0.00452,False,CVE CVE-2024-43526 affects Windows Server 2022. EPSS score 0.0045 indicates low exploitation probability. Not confirmed exploited in the wild.
CVE-2024-43526,Windows 10 Pro,6.8,0.00452,False,CVE CVE-2024-43526 affects Windows 10 Pro. EPSS score 0.0045 indicates low exploitation probability. Not confirmed exploited in the wild.
CVE-2025-49761,Windows Server 2022,7.8,0.00452,False,CVE CVE-2025-49761 affects Windows Server 2022. EPSS score 0.0045 indicates low exploitation probability. Not confirmed exploited in the wild.
CVE-2025-49761,Windows 10 Pro,7.8,0.00452,False,CVE CVE-2025-49761 affects Windows 10 Pro. EPSS score 0.0045 indicates low exploitation probability. Not confirmed exploited in the wild.
CVE-2025-50153,Windows Server 2022,7.8,0.00452,False,CVE CVE-2025-50153 affects Windows Server 2022. EPSS score 0.0045 indicates low exploitation probability. Not confirmed exploited in the wild.
CVE-2025-50153,Windows 10 Pro,7.8,0.00452,False,CVE CVE-2025-50153 affects Windows 10 Pro. EPSS score 0.0045 indicates low exploitation probability. Not confirmed exploited in the wild.
CVE-2025-21331,Windows Server 2022,7.3,0.00451,False,CVE CVE-2025-21331 affects Windows Server 2022. EPSS score 0.0045 indicates low exploitation probability. Not confirmed exploited in the wild.
CVE-2025-21331,Windows 10 Pro,7.3,0.00451,False,CVE CVE-2025-21331 affects Windows 10 Pro. EPSS score 0.0045 indicates low exploitation probability. Not confirmed exploited in the wild.
CVE-2025-21352,Windows Server 2022,6.5,0.00451,False,CVE CVE-2025-21352 affects Windows Server 2022. EPSS score 0.0045 indicates low exploitation probability. Not confirmed exploited in the wild.
CVE-2025-21352,Windows 10 Pro,6.5,0.00451,False,CVE CVE-2025-21352 affects Windows 10 Pro. EPSS score 0.0045 indicates low exploitation probability. Not confirmed exploited in the wild.
CVE-2025-24987,Windows Server 2022,6.6,0.00451,False,CVE CVE-2025-24987 affects Windows Server 2022. EPSS score 0.0045 indicates low exploitation probability. Not confirmed exploited in the wild.
CVE-2025-24987,Windows 10 Pro,6.6,0.00451,False,CVE CVE-2025-24987 affects Windows 10 Pro. EPSS score 0.0045 indicates low exploitation probability. Not confirmed exploited in the wild.
CVE-2025-20154,Cisco IOS XE,8.6,0.0045,False,CVE CVE-2025-20154 affects Cisco IOS XE. EPSS score 0.0045 indicates low exploitation probability. Not confirmed exploited in the wild.
CVE-2024-43520,Windows Server 2022,5.0,0.00449,False,CVE CVE-2024-43520 affects Windows Server 2022. EPSS score 0.0045 indicates low exploitation probability. Not confirmed exploited in the wild.
CVE-2024-43520,Windows 10 Pro,5.0,0.00449,False,CVE CVE-2024-43520 affects Windows 10 Pro. EPSS score 0.0045 indicates low exploitation probability. Not confirmed exploited in the wild.
CVE-2025-5068,Google Chrome,8.8,0.00449,False,CVE CVE-2025-5068 affects Google Chrome. EPSS score 0.0045 indicates low exploitation probability. Not confirmed exploited in the wild.
CVE-2024-43546,Windows Server 2022,5.6,0.00448,False,CVE CVE-2024-43546 affects Windows Server 2022. EPSS score 0.0045 indicates low exploitation probability. Not confirmed exploited in the wild.
CVE-2024-43546,Windows 10 Pro,5.6,0.00448,False,CVE CVE-2024-43546 affects Windows 10 Pro. EPSS score 0.0045 indicates low exploitation probability. Not confirmed exploited in the wild.
CVE-2024-49142,Microsoft 365 Apps for Business,7.8,0.00448,False,CVE CVE-2024-49142 affects Microsoft 365 Apps for Business. EPSS score 0.0045 indicates low exploitation probability. Not confirmed exploited in the wild.
CVE-2024-0224,Google Chrome,8.8,0.00447,False,CVE CVE-2024-0224 affects Google Chrome. EPSS score 0.0045 indicates low exploitation probability. Not confirmed exploited in the wild.
CVE-2025-49812,Apache HTTP Server,7.4,0.00446,False,CVE CVE-2025-49812 affects Apache HTTP Server. EPSS score 0.0045 indicates low exploitation probability. Not confirmed exploited in the wild.
CVE-2024-34002,Moodle,6.5,0.00445,False,CVE CVE-2024-34002 affects Moodle. EPSS score 0.0044 indicates low exploitation probability. Not confirmed exploited in the wild.
CVE-2024-34005,Moodle,6.5,0.00445,False,CVE CVE-2024-34005 affects Moodle. EPSS score 0.0044 indicates low exploitation probability. Not confirmed exploited in the wild.
CVE-2024-20733,Adobe Acrobat Reader DC,5.5,0.00444,False,CVE CVE-2024-20733 affects Adobe Acrobat Reader DC. EPSS score 0.0044 indicates low exploitation probability. Not confirmed exploited in the wild.
CVE-2025-27746,Microsoft 365 Apps for Business,7.8,0.00444,False,CVE CVE-2025-27746 affects Microsoft 365 Apps for Business. EPSS score 0.0044 indicates low exploitation probability. Not confirmed exploited in the wild.
CVE-2024-0222,Google Chrome,8.8,0.00443,False,CVE CVE-2024-0222 affects Google Chrome. EPSS score 0.0044 indicates low exploitation probability. Not confirmed exploited in the wild.
CVE-2025-0434,Google Chrome,8.8,0.00438,False,CVE CVE-2025-0434 affects Google Chrome. EPSS score 0.0044 indicates low exploitation probability. Not confirmed exploited in the wild.
CVE-2025-53136,Windows Server 2022,5.5,0.00432,False,CVE CVE-2025-53136 affects Windows Server 2022. EPSS score 0.0043 indicates low exploitation probability. Not confirmed exploited in the wild.
CVE-2025-53136,Windows 10 Pro,5.5,0.00432,False,CVE CVE-2025-53136 affects Windows 10 Pro. EPSS score 0.0043 indicates low exploitation probability. Not confirmed exploited in the wild.
CVE-2024-6290,Google Chrome,8.8,0.00431,False,CVE CVE-2024-6290 affects Google Chrome. EPSS score 0.0043 indicates low exploitation probability. Not confirmed exploited in the wild.
CVE-2024-21442,Windows Server 2022,7.8,0.0043,False,CVE CVE-2024-21442 affects Windows Server 2022. EPSS score 0.0043 indicates low exploitation probability. Not confirmed exploited in the wild.
CVE-2024-21442,Windows 10 Pro,7.8,0.0043,False,CVE CVE-2024-21442 affects Windows 10 Pro. EPSS score 0.0043 indicates low exploitation probability. Not confirmed exploited in the wild.
CVE-2025-21381,Microsoft 365 Apps for Business,7.8,0.00429,False,CVE CVE-2025-21381 affects Microsoft 365 Apps for Business. EPSS score 0.0043 indicates low exploitation probability. Not confirmed exploited in the wild.
CVE-2024-29064,Windows Server 2022,6.2,0.00428,False,CVE CVE-2024-29064 affects Windows Server 2022. EPSS score 0.0043 indicates low exploitation probability. Not confirmed exploited in the wild.
CVE-2024-29064,Windows 10 Pro,6.2,0.00428,False,CVE CVE-2024-29064 affects Windows 10 Pro. EPSS score 0.0043 indicates low exploitation probability. Not confirmed exploited in the wild.
CVE-2024-43430,Moodle,5.3,0.00428,False,CVE CVE-2024-43430 affects Moodle. EPSS score 0.0043 indicates low exploitation probability. Not confirmed exploited in the wild.
CVE-2024-43433,Moodle,5.3,0.00428,False,CVE CVE-2024-43433 affects Moodle. EPSS score 0.0043 indicates low exploitation probability. Not confirmed exploited in the wild.
CVE-2025-59282,Windows Server 2022,7.0,0.00428,False,CVE CVE-2025-59282 affects Windows Server 2022. EPSS score 0.0043 indicates low exploitation probability. Not confirmed exploited in the wild.
CVE-2025-59282,Windows 10 Pro,7.0,0.00428,False,CVE CVE-2025-59282 affects Windows 10 Pro. EPSS score 0.0043 indicates low exploitation probability. Not confirmed exploited in the wild.
CVE-2024-21363,Windows Server 2022,7.8,0.00427,False,CVE CVE-2024-21363 affects Windows Server 2022. EPSS score 0.0043 indicates low exploitation probability. Not confirmed exploited in the wild.
CVE-2024-21363,Windows 10 Pro,7.8,0.00427,False,CVE CVE-2024-21363 affects Windows 10 Pro. EPSS score 0.0043 indicates low exploitation probability. Not confirmed exploited in the wild.
CVE-2024-4368,Google Chrome,8.8,0.00426,False,CVE CVE-2024-4368 affects Google Chrome. EPSS score 0.0043 indicates low exploitation probability. Not confirmed exploited in the wild.
CVE-2024-34006,Moodle,4.3,0.00424,False,CVE CVE-2024-34006 affects Moodle. EPSS score 0.0042 indicates low exploitation probability. Not confirmed exploited in the wild.
CVE-2025-26663,Windows Server 2022,8.1,0.00424,False,CVE CVE-2025-26663 affects Windows Server 2022. EPSS score 0.0042 indicates low exploitation probability. Not confirmed exploited in the wild.
CVE-2025-26663,Windows 10 Pro,8.1,0.00424,False,CVE CVE-2025-26663 affects Windows 10 Pro. EPSS score 0.0042 indicates low exploitation probability. Not confirmed exploited in the wild.
CVE-2025-48803,Windows Server 2022,6.7,0.00424,False,CVE CVE-2025-48803 affects Windows Server 2022. EPSS score 0.0042 indicates low exploitation probability. Not confirmed exploited in the wild.
CVE-2025-48803,Windows 10 Pro,6.7,0.00424,False,CVE CVE-2025-48803 affects Windows 10 Pro. EPSS score 0.0042 indicates low exploitation probability. Not confirmed exploited in the wild.
CVE-2025-48811,Windows Server 2022,6.7,0.00424,False,CVE CVE-2025-48811 affects Windows Server 2022. EPSS score 0.0042 indicates low exploitation probability. Not confirmed exploited in the wild.
CVE-2025-48811,Windows 10 Pro,6.7,0.00424,False,CVE CVE-2025-48811 affects Windows 10 Pro. EPSS score 0.0042 indicates low exploitation probability. Not confirmed exploited in the wild.
CVE-2024-21434,Windows Server 2022,7.8,0.00423,False,CVE CVE-2024-21434 affects Windows Server 2022. EPSS score 0.0042 indicates low exploitation probability. Not confirmed exploited in the wild.
CVE-2024-21434,Windows 10 Pro,7.8,0.00423,False,CVE CVE-2024-21434 affects Windows 10 Pro. EPSS score 0.0042 indicates low exploitation probability. Not confirmed exploited in the wild.
CVE-2025-27739,Windows Server 2022,7.8,0.00423,False,CVE CVE-2025-27739 affects Windows Server 2022. EPSS score 0.0042 indicates low exploitation probability. Not confirmed exploited in the wild.
CVE-2025-27739,Windows 10 Pro,7.8,0.00423,False,CVE CVE-2025-27739 affects Windows 10 Pro. EPSS score 0.0042 indicates low exploitation probability. Not confirmed exploited in the wild.
CVE-2024-3841,Google Chrome,6.1,0.00421,False,CVE CVE-2024-3841 affects Google Chrome. EPSS score 0.0042 indicates low exploitation probability. Not confirmed exploited in the wild.
CVE-2024-11112,Google Chrome,8.8,0.0042,False,CVE CVE-2024-11112 affects Google Chrome. EPSS score 0.0042 indicates low exploitation probability. Not confirmed exploited in the wild.
CVE-2024-11113,Google Chrome,8.8,0.0042,False,CVE CVE-2024-11113 affects Google Chrome. EPSS score 0.0042 indicates low exploitation probability. Not confirmed exploited in the wild.
CVE-2024-9602,Google Chrome,8.8,0.0042,False,CVE CVE-2024-9602 affects Google Chrome. EPSS score 0.0042 indicates low exploitation probability. Not confirmed exploited in the wild.
CVE-2024-38238,Windows Server 2022,7.8,0.00418,False,CVE CVE-2024-38238 affects Windows Server 2022. EPSS score 0.0042 indicates low exploitation probability. Not confirmed exploited in the wild.
CVE-2024-38238,Windows 10 Pro,7.8,0.00418,False,CVE CVE-2024-38238 affects Windows 10 Pro. EPSS score 0.0042 indicates low exploitation probability. Not confirmed exploited in the wild.
CVE-2024-6773,Google Chrome,8.8,0.00417,False,CVE CVE-2024-6773 affects Google Chrome. EPSS score 0.0042 indicates low exploitation probability. Not confirmed exploited in the wild.
CVE-2024-20655,Windows Server 2022,6.6,0.00416,False,CVE CVE-2024-20655 affects Windows Server 2022. EPSS score 0.0042 indicates low exploitation probability. Not confirmed exploited in the wild.
CVE-2024-5844,Google Chrome,8.8,0.00416,False,CVE CVE-2024-5844 affects Google Chrome. EPSS score 0.0042 indicates low exploitation probability. Not confirmed exploited in the wild.
CVE-2025-21234,Windows Server 2022,7.8,0.00414,False,CVE CVE-2025-21234 affects Windows Server 2022. EPSS score 0.0041 indicates low exploitation probability. Not confirmed exploited in the wild.
CVE-2025-21234,Windows 10 Pro,7.8,0.00414,False,CVE CVE-2025-21234 affects Windows 10 Pro. EPSS score 0.0041 indicates low exploitation probability. Not confirmed exploited in the wild.
CVE-2025-49723,Windows Server 2022,8.8,0.0041,False,CVE CVE-2025-49723 affects Windows Server 2022. EPSS score 0.0041 indicates low exploitation probability. Not confirmed exploited in the wild.
CVE-2025-49723,Windows 10 Pro,8.8,0.0041,False,CVE CVE-2025-49723 affects Windows 10 Pro. EPSS score 0.0041 indicates low exploitation probability. Not confirmed exploited in the wild.
CVE-2024-6775,Google Chrome,8.8,0.00409,False,CVE CVE-2024-6775 affects Google Chrome. EPSS score 0.0041 indicates low exploitation probability. Not confirmed exploited in the wild.
CVE-2024-6776,Google Chrome,8.8,0.00409,False,CVE CVE-2024-6776 affects Google Chrome. EPSS score 0.0041 indicates low exploitation probability. Not confirmed exploited in the wild.
CVE-2025-49757,Windows Server 2022,8.8,0.00409,False,CVE CVE-2025-49757 affects Windows Server 2022. EPSS score 0.0041 indicates low exploitation probability. Not confirmed exploited in the wild.
CVE-2025-50163,Windows Server 2022,8.8,0.00409,False,CVE CVE-2025-50163 affects Windows Server 2022. EPSS score 0.0041 indicates low exploitation probability. Not confirmed exploited in the wild.
CVE-2025-53131,Windows Server 2022,8.8,0.00409,False,CVE CVE-2025-53131 affects Windows Server 2022. EPSS score 0.0041 indicates low exploitation probability. Not confirmed exploited in the wild.
CVE-2025-53131,Windows 10 Pro,8.8,0.00409,False,CVE CVE-2025-53131 affects Windows 10 Pro. EPSS score 0.0041 indicates low exploitation probability. Not confirmed exploited in the wild.
CVE-2025-50160,Windows Server 2022,8.0,0.00406,False,CVE CVE-2025-50160 affects Windows Server 2022. EPSS score 0.0041 indicates low exploitation probability. Not confirmed exploited in the wild.
CVE-2025-50162,Windows Server 2022,8.0,0.00406,False,CVE CVE-2025-50162 affects Windows Server 2022. EPSS score 0.0041 indicates low exploitation probability. Not confirmed exploited in the wild.
CVE-2025-50164,Windows Server 2022,8.0,0.00406,False,CVE CVE-2025-50164 affects Windows Server 2022. EPSS score 0.0041 indicates low exploitation probability. Not confirmed exploited in the wild.
CVE-2024-38243,Windows Server 2022,7.8,0.00403,False,CVE CVE-2024-38243 affects Windows Server 2022. EPSS score 0.0040 indicates low exploitation probability. Not confirmed exploited in the wild.
CVE-2024-38243,Windows 10 Pro,7.8,0.00403,False,CVE CVE-2024-38243 affects Windows 10 Pro. EPSS score 0.0040 indicates low exploitation probability. Not confirmed exploited in the wild.
CVE-2024-38262,Windows Server 2022,7.5,0.00402,False,CVE CVE-2024-38262 affects Windows Server 2022. EPSS score 0.0040 indicates low exploitation probability. Not confirmed exploited in the wild.
CVE-2024-5842,Google Chrome,8.8,0.00402,False,CVE CVE-2024-5842 affects Google Chrome. EPSS score 0.0040 indicates low exploitation probability. Not confirmed exploited in the wild.
CVE-2025-26533,Moodle,8.1,0.00402,False,CVE CVE-2025-26533 affects Moodle. EPSS score 0.0040 indicates low exploitation probability. Not confirmed exploited in the wild.
CVE-2025-26648,Windows Server 2022,7.8,0.00402,False,CVE CVE-2025-26648 affects Windows Server 2022. EPSS score 0.0040 indicates low exploitation probability. Not confirmed exploited in the wild.
CVE-2025-26648,Windows 10 Pro,7.8,0.00402,False,CVE CVE-2025-26648 affects Windows 10 Pro. EPSS score 0.0040 indicates low exploitation probability. Not confirmed exploited in the wild.
CVE-2025-27490,Windows Server 2022,7.8,0.00402,False,CVE CVE-2025-27490 affects Windows Server 2022. EPSS score 0.0040 indicates low exploitation probability. Not confirmed exploited in the wild.
CVE-2025-27490,Windows 10 Pro,7.8,0.00402,False,CVE CVE-2025-27490 affects Windows 10 Pro. EPSS score 0.0040 indicates low exploitation probability. Not confirmed exploited in the wild.
CVE-2024-21431,Windows Server 2022,7.8,0.00401,False,CVE CVE-2024-21431 affects Windows Server 2022. EPSS score 0.0040 indicates low exploitation probability. Not confirmed exploited in the wild.
CVE-2024-21431,Windows 10 Pro,7.8,0.00401,False,CVE CVE-2024-21431 affects Windows 10 Pro. EPSS score 0.0040 indicates low exploitation probability. Not confirmed exploited in the wild.
CVE-2024-43559,Windows Server 2022,6.5,0.00401,False,CVE CVE-2024-43559 affects Windows Server 2022. EPSS score 0.0040 indicates low exploitation probability. Not confirmed exploited in the wild.
CVE-2024-43559,Windows 10 Pro,6.5,0.00401,False,CVE CVE-2024-43559 affects Windows 10 Pro. EPSS score 0.0040 indicates low exploitation probability. Not confirmed exploited in the wild.
CVE-2025-21180,Windows Server 2022,7.8,0.00401,False,CVE CVE-2025-21180 affects Windows Server 2022. EPSS score 0.0040 indicates low exploitation probability. Not confirmed exploited in the wild.
CVE-2025-21180,Windows 10 Pro,7.8,0.00401,False,CVE CVE-2025-21180 affects Windows 10 Pro. EPSS score 0.0040 indicates low exploitation probability. Not confirmed exploited in the wild.
CVE-2024-30092,Windows Server 2022,8.0,0.00399,False,CVE CVE-2024-30092 affects Windows Server 2022. EPSS score 0.0040 indicates low exploitation probability. Not confirmed exploited in the wild.
CVE-2024-30092,Windows 10 Pro,8.0,0.00399,False,CVE CVE-2024-30092 affects Windows 10 Pro. EPSS score 0.0040 indicates low exploitation probability. Not confirmed exploited in the wild.
CVE-2025-59295,Windows Server 2022,8.8,0.00398,False,CVE CVE-2025-59295 affects Windows Server 2022. EPSS score 0.0040 indicates low exploitation probability. Not confirmed exploited in the wild.
CVE-2025-59295,Windows 10 Pro,8.8,0.00398,False,CVE CVE-2025-59295 affects Windows 10 Pro. EPSS score 0.0040 indicates low exploitation probability. Not confirmed exploited in the wild.
CVE-2024-9121,Google Chrome,8.8,0.00397,False,CVE CVE-2024-9121 affects Google Chrome. EPSS score 0.0040 indicates low exploitation probability. Not confirmed exploited in the wild.
CVE-2025-26668,Windows Server 2022,7.5,0.00397,False,CVE CVE-2025-26668 affects Windows Server 2022. EPSS score 0.0040 indicates low exploitation probability. Not confirmed exploited in the wild.
CVE-2025-26668,Windows 10 Pro,7.5,0.00397,False,CVE CVE-2025-26668 affects Windows 10 Pro. EPSS score 0.0040 indicates low exploitation probability. Not confirmed exploited in the wild.
CVE-2024-30004,Windows Server 2022,6.8,0.00396,False,CVE CVE-2024-30004 affects Windows Server 2022. EPSS score 0.0040 indicates low exploitation probability. Not confirmed exploited in the wild.
CVE-2024-30004,Windows 10 Pro,6.8,0.00396,False,CVE CVE-2024-30004 affects Windows 10 Pro. EPSS score 0.0040 indicates low exploitation probability. Not confirmed exploited in the wild.
CVE-2024-21432,Windows Server 2022,7.0,0.00395,False,CVE CVE-2024-21432 affects Windows Server 2022. EPSS score 0.0040 indicates low exploitation probability. Not confirmed exploited in the wild.
CVE-2024-21432,Windows 10 Pro,7.0,0.00395,False,CVE CVE-2024-21432 affects Windows 10 Pro. EPSS score 0.0040 indicates low exploitation probability. Not confirmed exploited in the wild.
CVE-2024-49124,Windows Server 2022,8.1,0.00394,False,CVE CVE-2024-49124 affects Windows Server 2022. EPSS score 0.0039 indicates low exploitation probability. Not confirmed exploited in the wild.
CVE-2024-49124,Windows 10 Pro,8.1,0.00394,False,CVE CVE-2024-49124 affects Windows 10 Pro. EPSS score 0.0039 indicates low exploitation probability. Not confirmed exploited in the wild.
CVE-2024-45690,Moodle,7.5,0.00393,False,CVE CVE-2024-45690 affects Moodle. EPSS score 0.0039 indicates low exploitation probability. Not confirmed exploited in the wild.
CVE-2024-20677,Microsoft 365 Apps for Business,7.8,0.00392,False,CVE CVE-2024-20677 affects Microsoft 365 Apps for Business. EPSS score 0.0039 indicates low exploitation probability. Not confirmed exploited in the wild.
CVE-2024-5159,Google Chrome,8.8,0.00392,False,CVE CVE-2024-5159 affects Google Chrome. EPSS score 0.0039 indicates low exploitation probability. Not confirmed exploited in the wild.
CVE-2024-5160,Google Chrome,8.8,0.00392,False,CVE CVE-2024-5160 affects Google Chrome. EPSS score 0.0039 indicates low exploitation probability. Not confirmed exploited in the wild.
CVE-2025-1426,Google Chrome,8.8,0.00391,False,CVE CVE-2025-1426 affects Google Chrome. EPSS score 0.0039 indicates low exploitation probability. Not confirmed exploited in the wild.
CVE-2025-50170,Windows Server 2022,7.8,0.0039,False,CVE CVE-2025-50170 affects Windows Server 2022. EPSS score 0.0039 indicates low exploitation probability. Not confirmed exploited in the wild.
CVE-2025-50170,Windows 10 Pro,7.8,0.0039,False,CVE CVE-2025-50170 affects Windows 10 Pro. EPSS score 0.0039 indicates low exploitation probability. Not confirmed exploited in the wild.
CVE-2026-21244,Windows Server 2022,7.3,0.0039,False,CVE CVE-2026-21244 affects Windows Server 2022. EPSS score 0.0039 indicates low exploitation probability. Not confirmed exploited in the wild.
CVE-2026-21244,Windows 10 Pro,7.3,0.0039,False,CVE CVE-2026-21244 affects Windows 10 Pro. EPSS score 0.0039 indicates low exploitation probability. Not confirmed exploited in the wild.
CVE-2026-21248,Windows Server 2022,7.3,0.0039,False,CVE CVE-2026-21248 affects Windows Server 2022. EPSS score 0.0039 indicates low exploitation probability. Not confirmed exploited in the wild.
CVE-2026-21248,Windows 10 Pro,7.3,0.0039,False,CVE CVE-2026-21248 affects Windows 10 Pro. EPSS score 0.0039 indicates low exploitation probability. Not confirmed exploited in the wild.
CVE-2025-50177,Windows Server 2022,8.1,0.00388,False,CVE CVE-2025-50177 affects Windows Server 2022. EPSS score 0.0039 indicates low exploitation probability. Not confirmed exploited in the wild.
CVE-2025-50177,Windows 10 Pro,8.1,0.00388,False,CVE CVE-2025-50177 affects Windows 10 Pro. EPSS score 0.0039 indicates low exploitation probability. Not confirmed exploited in the wild.
CVE-2024-1938,Google Chrome,8.8,0.00387,False,CVE CVE-2024-1938 affects Google Chrome. EPSS score 0.0039 indicates low exploitation probability. Not confirmed exploited in the wild.
CVE-2024-45691,Moodle,5.4,0.00387,False,CVE CVE-2024-45691 affects Moodle. EPSS score 0.0039 indicates low exploitation probability. Not confirmed exploited in the wild.
CVE-2024-9959,Google Chrome,8.8,0.00387,False,CVE CVE-2024-9959 affects Google Chrome. EPSS score 0.0039 indicates low exploitation probability. Not confirmed exploited in the wild.
CVE-2026-29169,Apache HTTP Server,7.5,0.00386,False,CVE CVE-2026-29169 affects Apache HTTP Server. EPSS score 0.0039 indicates low exploitation probability. Not confirmed exploited in the wild.
CVE-2024-20259,Cisco IOS XE,8.6,0.00385,False,CVE CVE-2024-20259 affects Cisco IOS XE. EPSS score 0.0039 indicates low exploitation probability. Not confirmed exploited in the wild.
CVE-2024-7973,Google Chrome,8.8,0.00385,False,CVE CVE-2024-7973 affects Google Chrome. EPSS score 0.0039 indicates low exploitation probability. Not confirmed exploited in the wild.
CVE-2025-53723,Windows Server 2022,7.8,0.00385,False,CVE CVE-2025-53723 affects Windows Server 2022. EPSS score 0.0039 indicates low exploitation probability. Not confirmed exploited in the wild.
CVE-2025-53723,Windows 10 Pro,7.8,0.00385,False,CVE CVE-2025-53723 affects Windows 10 Pro. EPSS score 0.0039 indicates low exploitation probability. Not confirmed exploited in the wild.
CVE-2024-10488,Google Chrome,8.8,0.00381,False,CVE CVE-2024-10488 affects Google Chrome. EPSS score 0.0038 indicates low exploitation probability. Not confirmed exploited in the wild.
CVE-2024-38234,Windows Server 2022,6.5,0.00381,False,CVE CVE-2024-38234 affects Windows Server 2022. EPSS score 0.0038 indicates low exploitation probability. Not confirmed exploited in the wild.
CVE-2024-38234,Windows 10 Pro,6.5,0.00381,False,CVE CVE-2024-38234 affects Windows 10 Pro. EPSS score 0.0038 indicates low exploitation probability. Not confirmed exploited in the wild.
CVE-2025-26526,Moodle,6.5,0.00381,False,CVE CVE-2025-26526 affects Moodle. EPSS score 0.0038 indicates low exploitation probability. Not confirmed exploited in the wild.
CVE-2024-25982,Moodle,4.3,0.0038,False,CVE CVE-2024-25982 affects Moodle. EPSS score 0.0038 indicates low exploitation probability. Not confirmed exploited in the wild.
CVE-2024-30066,Windows Server 2022,5.5,0.00378,False,CVE CVE-2024-30066 affects Windows Server 2022. EPSS score 0.0038 indicates low exploitation probability. Not confirmed exploited in the wild.
CVE-2024-30066,Windows 10 Pro,5.5,0.00378,False,CVE CVE-2024-30066 affects Windows 10 Pro. EPSS score 0.0038 indicates low exploitation probability. Not confirmed exploited in the wild.
CVE-2024-38027,Windows Server 2022,6.5,0.00376,False,CVE CVE-2024-38027 affects Windows Server 2022. EPSS score 0.0038 indicates low exploitation probability. Not confirmed exploited in the wild.
CVE-2024-38027,Windows 10 Pro,6.5,0.00376,False,CVE CVE-2024-38027 affects Windows 10 Pro. EPSS score 0.0038 indicates low exploitation probability. Not confirmed exploited in the wild.
CVE-2024-38187,Windows Server 2022,7.8,0.00376,False,CVE CVE-2024-38187 affects Windows Server 2022. EPSS score 0.0038 indicates low exploitation probability. Not confirmed exploited in the wild.
CVE-2024-38187,Windows 10 Pro,7.8,0.00376,False,CVE CVE-2024-38187 affects Windows 10 Pro. EPSS score 0.0038 indicates low exploitation probability. Not confirmed exploited in the wild.
CVE-2024-49091,Windows Server 2022,7.2,0.00373,False,CVE CVE-2024-49091 affects Windows Server 2022. EPSS score 0.0037 indicates low exploitation probability. Not confirmed exploited in the wild.
CVE-2025-0762,Google Chrome,8.8,0.00373,False,CVE CVE-2025-0762 affects Google Chrome. EPSS score 0.0037 indicates low exploitation probability. Not confirmed exploited in the wild.
CVE-2024-49111,Windows Server 2022,6.6,0.00372,False,CVE CVE-2024-49111 affects Windows Server 2022. EPSS score 0.0037 indicates low exploitation probability. Not confirmed exploited in the wild.
CVE-2024-49111,Windows 10 Pro,6.6,0.00372,False,CVE CVE-2024-49111 affects Windows 10 Pro. EPSS score 0.0037 indicates low exploitation probability. Not confirmed exploited in the wild.
CVE-2025-53739,Microsoft 365 Apps for Business,7.8,0.00372,False,CVE CVE-2025-53739 affects Microsoft 365 Apps for Business. EPSS score 0.0037 indicates low exploitation probability. Not confirmed exploited in the wild.
CVE-2025-53759,Microsoft 365 Apps for Business,7.8,0.00372,False,CVE CVE-2025-53759 affects Microsoft 365 Apps for Business. EPSS score 0.0037 indicates low exploitation probability. Not confirmed exploited in the wild.
CVE-2024-38049,Windows Server 2022,6.6,0.0037,False,CVE CVE-2024-38049 affects Windows Server 2022. EPSS score 0.0037 indicates low exploitation probability. Not confirmed exploited in the wild.
CVE-2024-38049,Windows 10 Pro,6.6,0.0037,False,CVE CVE-2024-38049 affects Windows 10 Pro. EPSS score 0.0037 indicates low exploitation probability. Not confirmed exploited in the wild.
CVE-2024-28920,Windows Server 2022,7.8,0.00368,False,CVE CVE-2024-28920 affects Windows Server 2022. EPSS score 0.0037 indicates low exploitation probability. Not confirmed exploited in the wild.
CVE-2024-28920,Windows 10 Pro,7.8,0.00368,False,CVE CVE-2024-28920 affects Windows 10 Pro. EPSS score 0.0037 indicates low exploitation probability. Not confirmed exploited in the wild.
CVE-2024-8034,Google Chrome,4.3,0.00368,False,CVE CVE-2024-8034 affects Google Chrome. EPSS score 0.0037 indicates low exploitation probability. Not confirmed exploited in the wild.
CVE-2025-30670,Zoom,6.5,0.00368,False,CVE CVE-2025-30670 affects Zoom. EPSS score 0.0037 indicates low exploitation probability. Not confirmed exploited in the wild.
CVE-2024-21311,Windows Server 2022,5.5,0.00367,False,CVE CVE-2024-21311 affects Windows Server 2022. EPSS score 0.0037 indicates low exploitation probability. Not confirmed exploited in the wild.
CVE-2024-21311,Windows 10 Pro,5.5,0.00367,False,CVE CVE-2024-21311 affects Windows 10 Pro. EPSS score 0.0037 indicates low exploitation probability. Not confirmed exploited in the wild.
CVE-2024-43456,Windows Server 2022,4.8,0.00367,False,CVE CVE-2024-43456 affects Windows Server 2022. EPSS score 0.0037 indicates low exploitation probability. Not confirmed exploited in the wild.
CVE-2024-45419,Zoom,8.1,0.00367,False,CVE CVE-2024-45419 affects Zoom. EPSS score 0.0037 indicates low exploitation probability. Not confirmed exploited in the wild.
CVE-2024-49123,Windows Server 2022,8.1,0.00366,False,CVE CVE-2024-49123 affects Windows Server 2022. EPSS score 0.0037 indicates low exploitation probability. Not confirmed exploited in the wild.
CVE-2024-49123,Windows 10 Pro,8.1,0.00366,False,CVE CVE-2024-49123 affects Windows 10 Pro. EPSS score 0.0037 indicates low exploitation probability. Not confirmed exploited in the wild.
CVE-2025-26527,Moodle,5.3,0.00365,False,CVE CVE-2025-26527 affects Moodle. EPSS score 0.0037 indicates low exploitation probability. Not confirmed exploited in the wild.
CVE-2024-42435,Zoom,4.9,0.00364,False,CVE CVE-2024-42435 affects Zoom. EPSS score 0.0036 indicates low exploitation probability. Not confirmed exploited in the wild.
CVE-2024-0811,Google Chrome,4.3,0.00363,False,CVE CVE-2024-0811 affects Google Chrome. EPSS score 0.0036 indicates low exploitation probability. Not confirmed exploited in the wild.
CVE-2024-34008,Moodle,8.8,0.00361,False,CVE CVE-2024-34008 affects Moodle. EPSS score 0.0036 indicates low exploitation probability. Not confirmed exploited in the wild.
CVE-2025-3628,Moodle,4.3,0.00361,False,CVE CVE-2025-3628 affects Moodle. EPSS score 0.0036 indicates low exploitation probability. Not confirmed exploited in the wild.
CVE-2025-49699,Microsoft 365 Apps for Business,7.0,0.00361,False,CVE CVE-2025-49699 affects Microsoft 365 Apps for Business. EPSS score 0.0036 indicates low exploitation probability. Not confirmed exploited in the wild.
CVE-2025-26681,Windows Server 2022,6.7,0.0036,False,CVE CVE-2025-26681 affects Windows Server 2022. EPSS score 0.0036 indicates low exploitation probability. Not confirmed exploited in the wild.
CVE-2025-26681,Windows 10 Pro,6.7,0.0036,False,CVE CVE-2025-26681 affects Windows 10 Pro. EPSS score 0.0036 indicates low exploitation probability. Not confirmed exploited in the wild.
CVE-2024-49081,Windows Server 2022,6.6,0.00358,False,CVE CVE-2024-49081 affects Windows Server 2022. EPSS score 0.0036 indicates low exploitation probability. Not confirmed exploited in the wild.
CVE-2024-49081,Windows 10 Pro,6.6,0.00358,False,CVE CVE-2024-49081 affects Windows 10 Pro. EPSS score 0.0036 indicates low exploitation probability. Not confirmed exploited in the wild.
CVE-2024-38247,Windows Server 2022,7.8,0.00357,False,CVE CVE-2024-38247 affects Windows Server 2022. EPSS score 0.0036 indicates low exploitation probability. Not confirmed exploited in the wild.
CVE-2024-38247,Windows 10 Pro,7.8,0.00357,False,CVE CVE-2024-38247 affects Windows 10 Pro. EPSS score 0.0036 indicates low exploitation probability. Not confirmed exploited in the wild.
CVE-2024-5837,Google Chrome,8.8,0.00357,False,CVE CVE-2024-5837 affects Google Chrome. EPSS score 0.0036 indicates low exploitation probability. Not confirmed exploited in the wild.
CVE-2025-0438,Google Chrome,8.8,0.00357,False,CVE CVE-2025-0438 affects Google Chrome. EPSS score 0.0036 indicates low exploitation probability. Not confirmed exploited in the wild.
CVE-2024-30064,Windows Server 2022,8.8,0.00355,False,CVE CVE-2024-30064 affects Windows Server 2022. EPSS score 0.0036 indicates low exploitation probability. Not confirmed exploited in the wild.
CVE-2025-55229,Windows Server 2022,5.3,0.00355,False,CVE CVE-2025-55229 affects Windows Server 2022. EPSS score 0.0036 indicates low exploitation probability. Not confirmed exploited in the wild.
CVE-2025-55229,Windows 10 Pro,5.3,0.00355,False,CVE CVE-2025-55229 affects Windows 10 Pro. EPSS score 0.0036 indicates low exploitation probability. Not confirmed exploited in the wild.
CVE-2024-34099,Adobe Acrobat Reader DC,7.8,0.00354,False,CVE CVE-2024-34099 affects Adobe Acrobat Reader DC. EPSS score 0.0035 indicates low exploitation probability. Not confirmed exploited in the wild.
CVE-2024-21305,Windows Server 2022,4.4,0.00353,False,CVE CVE-2024-21305 affects Windows Server 2022. EPSS score 0.0035 indicates low exploitation probability. Not confirmed exploited in the wild.
CVE-2024-21305,Windows 10 Pro,4.4,0.00353,False,CVE CVE-2024-21305 affects Windows 10 Pro. EPSS score 0.0035 indicates low exploitation probability. Not confirmed exploited in the wild.
CVE-2024-49073,Windows Server 2022,6.8,0.00353,False,CVE CVE-2024-49073 affects Windows Server 2022. EPSS score 0.0035 indicates low exploitation probability. Not confirmed exploited in the wild.
CVE-2024-49073,Windows 10 Pro,6.8,0.00353,False,CVE CVE-2024-49073 affects Windows 10 Pro. EPSS score 0.0035 indicates low exploitation probability. Not confirmed exploited in the wild.
CVE-2024-29374,Moodle,6.1,0.00351,False,CVE CVE-2024-29374 affects Moodle. EPSS score 0.0035 indicates low exploitation probability. Not confirmed exploited in the wild.
CVE-2024-34094,Adobe Acrobat Reader DC,7.8,0.00351,False,CVE CVE-2024-34094 affects Adobe Acrobat Reader DC. EPSS score 0.0035 indicates low exploitation probability. Not confirmed exploited in the wild.
CVE-2024-38161,Windows 10 Pro,6.8,0.00351,False,CVE CVE-2024-38161 affects Windows 10 Pro. EPSS score 0.0035 indicates low exploitation probability. Not confirmed exploited in the wild.
CVE-2024-10826,Google Chrome,8.8,0.0035,False,CVE CVE-2024-10826 affects Google Chrome. EPSS score 0.0035 indicates low exploitation probability. Not confirmed exploited in the wild.
CVE-2024-34097,Adobe Acrobat Reader DC,7.8,0.0035,False,CVE CVE-2024-34097 affects Adobe Acrobat Reader DC. EPSS score 0.0035 indicates low exploitation probability. Not confirmed exploited in the wild.
CVE-2024-3845,Google Chrome,4.3,0.0035,False,CVE CVE-2024-3845 affects Google Chrome. EPSS score 0.0035 indicates low exploitation probability. Not confirmed exploited in the wild.
CVE-2024-7536,Google Chrome,8.8,0.0035,False,CVE CVE-2024-7536 affects Google Chrome. EPSS score 0.0035 indicates low exploitation probability. Not confirmed exploited in the wild.
CVE-2025-1920,Google Chrome,8.8,0.0035,False,CVE CVE-2025-1920 affects Google Chrome. EPSS score 0.0035 indicates low exploitation probability. Not confirmed exploited in the wild.
CVE-2025-2136,Google Chrome,8.8,0.0035,False,CVE CVE-2025-2136 affects Google Chrome. EPSS score 0.0035 indicates low exploitation probability. Not confirmed exploited in the wild.
CVE-2025-26686,Windows Server 2022,7.5,0.0035,False,CVE CVE-2025-26686 affects Windows Server 2022. EPSS score 0.0035 indicates low exploitation probability. Not confirmed exploited in the wild.
CVE-2025-26686,Windows 10 Pro,7.5,0.0035,False,CVE CVE-2025-26686 affects Windows 10 Pro. EPSS score 0.0035 indicates low exploitation probability. Not confirmed exploited in the wild.
CVE-2025-53132,Windows Server 2022,7.8,0.0035,False,CVE CVE-2025-53132 affects Windows Server 2022. EPSS score 0.0035 indicates low exploitation probability. Not confirmed exploited in the wild.
CVE-2025-53132,Windows 10 Pro,7.8,0.0035,False,CVE CVE-2025-53132 affects Windows 10 Pro. EPSS score 0.0035 indicates low exploitation probability. Not confirmed exploited in the wild.
CVE-2025-21386,Microsoft 365 Apps for Business,7.8,0.00349,False,CVE CVE-2025-21386 affects Microsoft 365 Apps for Business. EPSS score 0.0035 indicates low exploitation probability. Not confirmed exploited in the wild.
CVE-2025-21390,Microsoft 365 Apps for Business,7.8,0.00349,False,CVE CVE-2025-21390 affects Microsoft 365 Apps for Business. EPSS score 0.0035 indicates low exploitation probability. Not confirmed exploited in the wild.
CVE-2025-21392,Microsoft 365 Apps for Business,7.8,0.00349,False,CVE CVE-2025-21392 affects Microsoft 365 Apps for Business. EPSS score 0.0035 indicates low exploitation probability. Not confirmed exploited in the wild.
CVE-2025-21394,Microsoft 365 Apps for Business,7.8,0.00349,False,CVE CVE-2025-21394 affects Microsoft 365 Apps for Business. EPSS score 0.0035 indicates low exploitation probability. Not confirmed exploited in the wild.
CVE-2025-21397,Microsoft 365 Apps for Business,7.8,0.00349,False,CVE CVE-2025-21397 affects Microsoft 365 Apps for Business. EPSS score 0.0035 indicates low exploitation probability. Not confirmed exploited in the wild.
CVE-2025-53784,Microsoft 365 Apps for Business,8.4,0.00348,False,CVE CVE-2025-53784 affects Microsoft 365 Apps for Business. EPSS score 0.0035 indicates low exploitation probability. Not confirmed exploited in the wild.
CVE-2024-30028,Windows Server 2022,7.8,0.00347,False,CVE CVE-2024-30028 affects Windows Server 2022. EPSS score 0.0035 indicates low exploitation probability. Not confirmed exploited in the wild.
CVE-2024-30028,Windows 10 Pro,7.8,0.00347,False,CVE CVE-2024-30028 affects Windows 10 Pro. EPSS score 0.0035 indicates low exploitation probability. Not confirmed exploited in the wild.
CVE-2026-21511,Microsoft 365 Apps for Business,7.5,0.00347,False,CVE CVE-2026-21511 affects Microsoft 365 Apps for Business. EPSS score 0.0035 indicates low exploitation probability. Not confirmed exploited in the wild.
CVE-2024-26174,Windows Server 2022,5.5,0.00346,False,CVE CVE-2024-26174 affects Windows Server 2022. EPSS score 0.0035 indicates low exploitation probability. Not confirmed exploited in the wild.
CVE-2024-26174,Windows 10 Pro,5.5,0.00346,False,CVE CVE-2024-26174 affects Windows 10 Pro. EPSS score 0.0035 indicates low exploitation probability. Not confirmed exploited in the wild.
CVE-2024-49115,Windows Server 2022,8.1,0.00346,False,CVE CVE-2024-49115 affects Windows Server 2022. EPSS score 0.0035 indicates low exploitation probability. Not confirmed exploited in the wild.
CVE-2024-49132,Windows Server 2022,8.1,0.00346,False,CVE CVE-2024-49132 affects Windows Server 2022. EPSS score 0.0035 indicates low exploitation probability. Not confirmed exploited in the wild.
CVE-2024-49132,Windows 10 Pro,8.1,0.00346,False,CVE CVE-2024-49132 affects Windows 10 Pro. EPSS score 0.0035 indicates low exploitation probability. Not confirmed exploited in the wild.
CVE-2025-20193,Cisco IOS XE,6.5,0.00346,False,CVE CVE-2025-20193 affects Cisco IOS XE. EPSS score 0.0035 indicates low exploitation probability. Not confirmed exploited in the wild.
CVE-2024-20690,Windows 10 Pro,6.5,0.00345,False,CVE CVE-2024-20690 affects Windows 10 Pro. EPSS score 0.0034 indicates low exploitation probability. Not confirmed exploited in the wild.
CVE-2024-28901,Windows Server 2022,5.5,0.00345,False,CVE CVE-2024-28901 affects Windows Server 2022. EPSS score 0.0034 indicates low exploitation probability. Not confirmed exploited in the wild.
CVE-2024-28901,Windows 10 Pro,5.5,0.00345,False,CVE CVE-2024-28901 affects Windows 10 Pro. EPSS score 0.0034 indicates low exploitation probability. Not confirmed exploited in the wild.
CVE-2024-38151,Windows Server 2022,5.5,0.00345,False,CVE CVE-2024-38151 affects Windows Server 2022. EPSS score 0.0034 indicates low exploitation probability. Not confirmed exploited in the wild.
CVE-2024-38151,Windows 10 Pro,5.5,0.00345,False,CVE CVE-2024-38151 affects Windows 10 Pro. EPSS score 0.0034 indicates low exploitation probability. Not confirmed exploited in the wild.
CVE-2024-43513,Windows Server 2022,6.4,0.00345,False,CVE CVE-2024-43513 affects Windows Server 2022. EPSS score 0.0034 indicates low exploitation probability. Not confirmed exploited in the wild.
CVE-2024-43513,Windows 10 Pro,6.4,0.00345,False,CVE CVE-2024-43513 affects Windows 10 Pro. EPSS score 0.0034 indicates low exploitation probability. Not confirmed exploited in the wild.
CVE-2025-26531,Moodle,3.1,0.00345,False,CVE CVE-2025-26531 affects Moodle. EPSS score 0.0034 indicates low exploitation probability. Not confirmed exploited in the wild.
CVE-2025-26532,Moodle,3.1,0.00345,False,CVE CVE-2025-26532 affects Moodle. EPSS score 0.0034 indicates low exploitation probability. Not confirmed exploited in the wild.
CVE-2025-53151,Windows Server 2022,7.8,0.00345,False,CVE CVE-2025-53151 affects Windows Server 2022. EPSS score 0.0034 indicates low exploitation probability. Not confirmed exploited in the wild.
CVE-2025-53151,Windows 10 Pro,7.8,0.00345,False,CVE CVE-2025-53151 affects Windows 10 Pro. EPSS score 0.0034 indicates low exploitation probability. Not confirmed exploited in the wild.
CVE-2025-53152,Windows Server 2022,7.8,0.00345,False,CVE CVE-2025-53152 affects Windows Server 2022. EPSS score 0.0034 indicates low exploitation probability. Not confirmed exploited in the wild.
CVE-2025-53152,Windows 10 Pro,7.8,0.00345,False,CVE CVE-2025-53152 affects Windows 10 Pro. EPSS score 0.0034 indicates low exploitation probability. Not confirmed exploited in the wild.
CVE-2025-53155,Windows Server 2022,7.8,0.00345,False,CVE CVE-2025-53155 affects Windows Server 2022. EPSS score 0.0034 indicates low exploitation probability. Not confirmed exploited in the wild.
CVE-2025-53155,Windows 10 Pro,7.8,0.00345,False,CVE CVE-2025-53155 affects Windows 10 Pro. EPSS score 0.0034 indicates low exploitation probability. Not confirmed exploited in the wild.
CVE-2024-0808,Google Chrome,9.8,0.00344,False,CVE CVE-2024-0808 affects Google Chrome. EPSS score 0.0034 indicates low exploitation probability. Not confirmed exploited in the wild.
CVE-2024-1669,Google Chrome,8.8,0.00344,False,CVE CVE-2024-1669 affects Google Chrome. EPSS score 0.0034 indicates low exploitation probability. Not confirmed exploited in the wild.
CVE-2024-29994,Windows Server 2022,7.8,0.00344,False,CVE CVE-2024-29994 affects Windows Server 2022. EPSS score 0.0034 indicates low exploitation probability. Not confirmed exploited in the wild.
CVE-2024-29994,Windows 10 Pro,7.8,0.00344,False,CVE CVE-2024-29994 affects Windows 10 Pro. EPSS score 0.0034 indicates low exploitation probability. Not confirmed exploited in the wild.
CVE-2024-30027,Windows Server 2022,7.8,0.00344,False,CVE CVE-2024-30027 affects Windows Server 2022. EPSS score 0.0034 indicates low exploitation probability. Not confirmed exploited in the wild.
CVE-2024-30027,Windows 10 Pro,7.8,0.00344,False,CVE CVE-2024-30027 affects Windows 10 Pro. EPSS score 0.0034 indicates low exploitation probability. Not confirmed exploited in the wild.
CVE-2024-49083,Windows Server 2022,6.8,0.00344,False,CVE CVE-2024-49083 affects Windows Server 2022. EPSS score 0.0034 indicates low exploitation probability. Not confirmed exploited in the wild.
CVE-2024-49083,Windows 10 Pro,6.8,0.00344,False,CVE CVE-2024-49083 affects Windows 10 Pro. EPSS score 0.0034 indicates low exploitation probability. Not confirmed exploited in the wild.
CVE-2025-21357,Microsoft 365 Apps for Business,6.7,0.00344,False,CVE CVE-2025-21357 affects Microsoft 365 Apps for Business. EPSS score 0.0034 indicates low exploitation probability. Not confirmed exploited in the wild.
CVE-2025-55338,Windows Server 2022,6.1,0.00344,False,CVE CVE-2025-55338 affects Windows Server 2022. EPSS score 0.0034 indicates low exploitation probability. Not confirmed exploited in the wild.
CVE-2025-55338,Windows 10 Pro,6.1,0.00344,False,CVE CVE-2025-55338 affects Windows 10 Pro. EPSS score 0.0034 indicates low exploitation probability. Not confirmed exploited in the wild.
CVE-2024-49129,Windows Server 2022,7.5,0.00343,False,CVE CVE-2024-49129 affects Windows Server 2022. EPSS score 0.0034 indicates low exploitation probability. Not confirmed exploited in the wild.
CVE-2025-21383,Microsoft 365 Apps for Business,7.8,0.00343,False,CVE CVE-2025-21383 affects Microsoft 365 Apps for Business. EPSS score 0.0034 indicates low exploitation probability. Not confirmed exploited in the wild.
CVE-2024-28900,Windows Server 2022,5.5,0.00342,False,CVE CVE-2024-28900 affects Windows Server 2022. EPSS score 0.0034 indicates low exploitation probability. Not confirmed exploited in the wild.
CVE-2024-28900,Windows 10 Pro,5.5,0.00342,False,CVE CVE-2024-28900 affects Windows 10 Pro. EPSS score 0.0034 indicates low exploitation probability. Not confirmed exploited in the wild.
CVE-2024-43536,Windows Server 2022,6.8,0.00342,False,CVE CVE-2024-43536 affects Windows Server 2022. EPSS score 0.0034 indicates low exploitation probability. Not confirmed exploited in the wild.
CVE-2024-43536,Windows 10 Pro,6.8,0.00342,False,CVE CVE-2024-43536 affects Windows 10 Pro. EPSS score 0.0034 indicates low exploitation probability. Not confirmed exploited in the wild.
CVE-2024-43543,Windows Server 2022,6.8,0.00342,False,CVE CVE-2024-43543 affects Windows Server 2022. EPSS score 0.0034 indicates low exploitation probability. Not confirmed exploited in the wild.
CVE-2024-43543,Windows 10 Pro,6.8,0.00342,False,CVE CVE-2024-43543 affects Windows 10 Pro. EPSS score 0.0034 indicates low exploitation probability. Not confirmed exploited in the wild.
CVE-2024-21341,Windows Server 2022,6.8,0.00341,False,CVE CVE-2024-21341 affects Windows Server 2022. EPSS score 0.0034 indicates low exploitation probability. Not confirmed exploited in the wild.
CVE-2024-21341,Windows 10 Pro,6.8,0.00341,False,CVE CVE-2024-21341 affects Windows 10 Pro. EPSS score 0.0034 indicates low exploitation probability. Not confirmed exploited in the wild.
CVE-2024-38214,Windows Server 2022,6.5,0.00341,False,CVE CVE-2024-38214 affects Windows Server 2022. EPSS score 0.0034 indicates low exploitation probability. Not confirmed exploited in the wild.
CVE-2024-6990,Google Chrome,8.8,0.00341,False,CVE CVE-2024-6990 affects Google Chrome. EPSS score 0.0034 indicates low exploitation probability. Not confirmed exploited in the wild.
CVE-2025-24988,Windows Server 2022,6.6,0.00341,False,CVE CVE-2025-24988 affects Windows Server 2022. EPSS score 0.0034 indicates low exploitation probability. Not confirmed exploited in the wild.
CVE-2025-24988,Windows 10 Pro,6.6,0.00341,False,CVE CVE-2025-24988 affects Windows 10 Pro. EPSS score 0.0034 indicates low exploitation probability. Not confirmed exploited in the wild.
CVE-2024-26253,Windows Server 2022,6.8,0.00337,False,CVE CVE-2024-26253 affects Windows Server 2022. EPSS score 0.0034 indicates low exploitation probability. Not confirmed exploited in the wild.
CVE-2024-26253,Windows 10 Pro,6.8,0.00337,False,CVE CVE-2024-26253 affects Windows 10 Pro. EPSS score 0.0034 indicates low exploitation probability. Not confirmed exploited in the wild.
CVE-2024-3914,Google Chrome,6.5,0.00337,False,CVE CVE-2024-3914 affects Google Chrome. EPSS score 0.0034 indicates low exploitation probability. Not confirmed exploited in the wild.
CVE-2024-5832,Google Chrome,8.8,0.00337,False,CVE CVE-2024-5832 affects Google Chrome. EPSS score 0.0034 indicates low exploitation probability. Not confirmed exploited in the wild.
CVE-2024-5845,Google Chrome,8.8,0.00337,False,CVE CVE-2024-5845 affects Google Chrome. EPSS score 0.0034 indicates low exploitation probability. Not confirmed exploited in the wild.
CVE-2024-34095,Adobe Acrobat Reader DC,7.8,0.00336,False,CVE CVE-2024-34095 affects Adobe Acrobat Reader DC. EPSS score 0.0034 indicates low exploitation probability. Not confirmed exploited in the wild.
CVE-2024-34096,Adobe Acrobat Reader DC,7.8,0.00336,False,CVE CVE-2024-34096 affects Adobe Acrobat Reader DC. EPSS score 0.0034 indicates low exploitation probability. Not confirmed exploited in the wild.
CVE-2024-43432,Moodle,5.3,0.00336,False,CVE CVE-2024-43432 affects Moodle. EPSS score 0.0034 indicates low exploitation probability. Not confirmed exploited in the wild.
CVE-2025-27747,Microsoft 365 Apps for Business,7.8,0.00336,False,CVE CVE-2025-27747 affects Microsoft 365 Apps for Business. EPSS score 0.0034 indicates low exploitation probability. Not confirmed exploited in the wild.
CVE-2025-21369,Windows Server 2022,8.8,0.00335,False,CVE CVE-2025-21369 affects Windows Server 2022. EPSS score 0.0034 indicates low exploitation probability. Not confirmed exploited in the wild.
CVE-2025-21369,Windows 10 Pro,8.8,0.00335,False,CVE CVE-2025-21369 affects Windows 10 Pro. EPSS score 0.0034 indicates low exploitation probability. Not confirmed exploited in the wild.
CVE-2024-43440,Moodle,7.5,0.00334,False,CVE CVE-2024-43440 affects Moodle. EPSS score 0.0033 indicates low exploitation probability. Not confirmed exploited in the wild.
CVE-2024-5495,Google Chrome,8.8,0.00334,False,CVE CVE-2024-5495 affects Google Chrome. EPSS score 0.0033 indicates low exploitation probability. Not confirmed exploited in the wild.
CVE-2024-38184,Windows Server 2022,7.8,0.00333,False,CVE CVE-2024-38184 affects Windows Server 2022. EPSS score 0.0033 indicates low exploitation probability. Not confirmed exploited in the wild.
CVE-2024-38184,Windows 10 Pro,7.8,0.00333,False,CVE CVE-2024-38184 affects Windows 10 Pro. EPSS score 0.0033 indicates low exploitation probability. Not confirmed exploited in the wild.
CVE-2024-45424,Zoom,5.3,0.00333,False,CVE CVE-2024-45424 affects Zoom. EPSS score 0.0033 indicates low exploitation probability. Not confirmed exploited in the wild.
CVE-2025-55230,Windows Server 2022,7.8,0.00333,False,CVE CVE-2025-55230 affects Windows Server 2022. EPSS score 0.0033 indicates low exploitation probability. Not confirmed exploited in the wild.
CVE-2025-55230,Windows 10 Pro,7.8,0.00333,False,CVE CVE-2025-55230 affects Windows 10 Pro. EPSS score 0.0033 indicates low exploitation probability. Not confirmed exploited in the wild.
CVE-2025-53736,Microsoft 365 Apps for Business,6.8,0.00332,False,CVE CVE-2025-53736 affects Microsoft 365 Apps for Business. EPSS score 0.0033 indicates low exploitation probability. Not confirmed exploited in the wild.
CVE-2024-24691,Zoom,9.6,0.00331,False,CVE CVE-2024-24691 affects Zoom. EPSS score 0.0033 indicates low exploitation probability. Not confirmed exploited in the wild.
CVE-2024-38124,Windows Server 2022,9.0,0.00331,False,CVE CVE-2024-38124 affects Windows Server 2022. EPSS score 0.0033 indicates low exploitation probability. Not confirmed exploited in the wild.
CVE-2024-7533,Google Chrome,8.8,0.00331,False,CVE CVE-2024-7533 affects Google Chrome. EPSS score 0.0033 indicates low exploitation probability. Not confirmed exploited in the wild.
CVE-2025-24084,Windows Server 2022,8.4,0.00331,False,CVE CVE-2025-24084 affects Windows Server 2022. EPSS score 0.0033 indicates low exploitation probability. Not confirmed exploited in the wild.
CVE-2025-55234,Windows Server 2022,8.8,0.00331,False,CVE CVE-2025-55234 affects Windows Server 2022. EPSS score 0.0033 indicates low exploitation probability. Not confirmed exploited in the wild.
CVE-2025-55234,Windows 10 Pro,8.8,0.00331,False,CVE CVE-2025-55234 affects Windows 10 Pro. EPSS score 0.0033 indicates low exploitation probability. Not confirmed exploited in the wild.
CVE-2024-30072,Windows Server 2022,7.8,0.0033,False,CVE CVE-2024-30072 affects Windows Server 2022. EPSS score 0.0033 indicates low exploitation probability. Not confirmed exploited in the wild.
CVE-2024-0812,Google Chrome,8.8,0.00329,False,CVE CVE-2024-0812 affects Google Chrome. EPSS score 0.0033 indicates low exploitation probability. Not confirmed exploited in the wild.
CVE-2024-38133,Windows Server 2022,7.8,0.00329,False,CVE CVE-2024-38133 affects Windows Server 2022. EPSS score 0.0033 indicates low exploitation probability. Not confirmed exploited in the wild.
CVE-2024-38133,Windows 10 Pro,7.8,0.00329,False,CVE CVE-2024-38133 affects Windows 10 Pro. EPSS score 0.0033 indicates low exploitation probability. Not confirmed exploited in the wild.
CVE-2024-49094,Windows Server 2022,6.6,0.00327,False,CVE CVE-2024-49094 affects Windows Server 2022. EPSS score 0.0033 indicates low exploitation probability. Not confirmed exploited in the wild.
CVE-2024-49094,Windows 10 Pro,6.6,0.00327,False,CVE CVE-2024-49094 affects Windows 10 Pro. EPSS score 0.0033 indicates low exploitation probability. Not confirmed exploited in the wild.
CVE-2024-49101,Windows Server 2022,6.6,0.00327,False,CVE CVE-2024-49101 affects Windows Server 2022. EPSS score 0.0033 indicates low exploitation probability. Not confirmed exploited in the wild.
CVE-2024-49101,Windows 10 Pro,6.6,0.00327,False,CVE CVE-2024-49101 affects Windows 10 Pro. EPSS score 0.0033 indicates low exploitation probability. Not confirmed exploited in the wild.
CVE-2024-49109,Windows Server 2022,6.6,0.00327,False,CVE CVE-2024-49109 affects Windows Server 2022. EPSS score 0.0033 indicates low exploitation probability. Not confirmed exploited in the wild.
CVE-2024-49109,Windows 10 Pro,6.6,0.00327,False,CVE CVE-2024-49109 affects Windows 10 Pro. EPSS score 0.0033 indicates low exploitation probability. Not confirmed exploited in the wild.
CVE-2024-38056,Windows Server 2022,5.5,0.00326,False,CVE CVE-2024-38056 affects Windows Server 2022. EPSS score 0.0033 indicates low exploitation probability. Not confirmed exploited in the wild.
CVE-2024-38056,Windows 10 Pro,5.5,0.00326,False,CVE CVE-2024-38056 affects Windows 10 Pro. EPSS score 0.0033 indicates low exploitation probability. Not confirmed exploited in the wild.
CVE-2024-1676,Google Chrome,5.4,0.00325,False,CVE CVE-2024-1676 affects Google Chrome. EPSS score 0.0032 indicates low exploitation probability. Not confirmed exploited in the wild.
CVE-2025-21225,Windows Server 2022,5.9,0.00325,False,CVE CVE-2025-21225 affects Windows Server 2022. EPSS score 0.0032 indicates low exploitation probability. Not confirmed exploited in the wild.
CVE-2024-49114,Windows Server 2022,7.8,0.00324,False,CVE CVE-2024-49114 affects Windows Server 2022. EPSS score 0.0032 indicates low exploitation probability. Not confirmed exploited in the wild.
CVE-2024-49114,Windows 10 Pro,7.8,0.00324,False,CVE CVE-2024-49114 affects Windows 10 Pro. EPSS score 0.0032 indicates low exploitation probability. Not confirmed exploited in the wild.
CVE-2025-53735,Microsoft 365 Apps for Business,7.8,0.00324,False,CVE CVE-2025-53735 affects Microsoft 365 Apps for Business. EPSS score 0.0032 indicates low exploitation probability. Not confirmed exploited in the wild.
CVE-2025-53737,Microsoft 365 Apps for Business,7.8,0.00324,False,CVE CVE-2025-53737 affects Microsoft 365 Apps for Business. EPSS score 0.0032 indicates low exploitation probability. Not confirmed exploited in the wild.
CVE-2025-53738,Microsoft 365 Apps for Business,7.8,0.00324,False,CVE CVE-2025-53738 affects Microsoft 365 Apps for Business. EPSS score 0.0032 indicates low exploitation probability. Not confirmed exploited in the wild.
CVE-2025-53741,Microsoft 365 Apps for Business,7.8,0.00324,False,CVE CVE-2025-53741 affects Microsoft 365 Apps for Business. EPSS score 0.0032 indicates low exploitation probability. Not confirmed exploited in the wild.
CVE-2025-53761,Microsoft 365 Apps for Business,7.8,0.00324,False,CVE CVE-2025-53761 affects Microsoft 365 Apps for Business. EPSS score 0.0032 indicates low exploitation probability. Not confirmed exploited in the wild.
CVE-2025-8010,Google Chrome,8.8,0.00324,False,CVE CVE-2025-8010 affects Google Chrome. EPSS score 0.0032 indicates low exploitation probability. Not confirmed exploited in the wild.
CVE-2024-34001,Moodle,8.4,0.00323,False,CVE CVE-2024-34001 affects Moodle. EPSS score 0.0032 indicates low exploitation probability. Not confirmed exploited in the wild.
CVE-2025-26629,Microsoft 365 Apps for Business,7.8,0.00323,False,CVE CVE-2025-26629 affects Microsoft 365 Apps for Business. EPSS score 0.0032 indicates low exploitation probability. Not confirmed exploited in the wild.
CVE-2024-20414,Cisco IOS XE,6.5,0.00322,False,CVE CVE-2024-20414 affects Cisco IOS XE. EPSS score 0.0032 indicates low exploitation probability. Not confirmed exploited in the wild.
CVE-2024-28902,Windows Server 2022,5.5,0.00322,False,CVE CVE-2024-28902 affects Windows Server 2022. EPSS score 0.0032 indicates low exploitation probability. Not confirmed exploited in the wild.
CVE-2024-28902,Windows 10 Pro,5.5,0.00322,False,CVE CVE-2024-28902 affects Windows 10 Pro. EPSS score 0.0032 indicates low exploitation probability. Not confirmed exploited in the wild.
CVE-2024-30073,Windows Server 2022,7.8,0.00322,False,CVE CVE-2024-30073 affects Windows Server 2022. EPSS score 0.0032 indicates low exploitation probability. Not confirmed exploited in the wild.
CVE-2024-30073,Windows 10 Pro,7.8,0.00322,False,CVE CVE-2024-30073 affects Windows 10 Pro. EPSS score 0.0032 indicates low exploitation probability. Not confirmed exploited in the wild.
CVE-2025-48819,Windows Server 2022,7.1,0.00322,False,CVE CVE-2025-48819 affects Windows Server 2022. EPSS score 0.0032 indicates low exploitation probability. Not confirmed exploited in the wild.
CVE-2025-48819,Windows 10 Pro,7.1,0.00322,False,CVE CVE-2025-48819 affects Windows 10 Pro. EPSS score 0.0032 indicates low exploitation probability. Not confirmed exploited in the wild.
CVE-2024-38020,Microsoft 365 Apps for Business,6.5,0.00321,False,CVE CVE-2024-38020 affects Microsoft 365 Apps for Business. EPSS score 0.0032 indicates low exploitation probability. Not confirmed exploited in the wild.
CVE-2025-50159,Windows Server 2022,7.3,0.00321,False,CVE CVE-2025-50159 affects Windows Server 2022. EPSS score 0.0032 indicates low exploitation probability. Not confirmed exploited in the wild.
CVE-2025-50159,Windows 10 Pro,7.3,0.00321,False,CVE CVE-2025-50159 affects Windows 10 Pro. EPSS score 0.0032 indicates low exploitation probability. Not confirmed exploited in the wild.
CVE-2025-50161,Windows Server 2022,7.3,0.00321,False,CVE CVE-2025-50161 affects Windows Server 2022. EPSS score 0.0032 indicates low exploitation probability. Not confirmed exploited in the wild.
CVE-2025-50161,Windows 10 Pro,7.3,0.00321,False,CVE CVE-2025-50161 affects Windows 10 Pro. EPSS score 0.0032 indicates low exploitation probability. Not confirmed exploited in the wild.
CVE-2025-26644,Windows 10 Pro,5.1,0.0032,False,CVE CVE-2025-26644 affects Windows 10 Pro. EPSS score 0.0032 indicates low exploitation probability. Not confirmed exploited in the wild.
CVE-2024-20271,Cisco IOS XE,8.6,0.00318,False,CVE CVE-2024-20271 affects Cisco IOS XE. EPSS score 0.0032 indicates low exploitation probability. Not confirmed exploited in the wild.
CVE-2024-30063,Windows Server 2022,6.7,0.00318,False,CVE CVE-2024-30063 affects Windows Server 2022. EPSS score 0.0032 indicates low exploitation probability. Not confirmed exploited in the wild.
CVE-2024-30063,Windows 10 Pro,6.7,0.00318,False,CVE CVE-2024-30063 affects Windows 10 Pro. EPSS score 0.0032 indicates low exploitation probability. Not confirmed exploited in the wild.
CVE-2025-24051,Windows Server 2022,8.8,0.00318,False,CVE CVE-2025-24051 affects Windows Server 2022. EPSS score 0.0032 indicates low exploitation probability. Not confirmed exploited in the wild.
CVE-2025-24051,Windows 10 Pro,8.8,0.00318,False,CVE CVE-2025-24051 affects Windows 10 Pro. EPSS score 0.0032 indicates low exploitation probability. Not confirmed exploited in the wild.
CVE-2024-6293,Google Chrome,8.8,0.00317,False,CVE CVE-2024-6293 affects Google Chrome. EPSS score 0.0032 indicates low exploitation probability. Not confirmed exploited in the wild.
CVE-2025-3634,Moodle,4.3,0.00317,False,CVE CVE-2025-3634 affects Moodle. EPSS score 0.0032 indicates low exploitation probability. Not confirmed exploited in the wild.
CVE-2025-3644,Moodle,4.3,0.00317,False,CVE CVE-2025-3644 affects Moodle. EPSS score 0.0032 indicates low exploitation probability. Not confirmed exploited in the wild.
CVE-2024-49026,Microsoft 365 Apps for Business,7.8,0.00316,False,CVE CVE-2024-49026 affects Microsoft 365 Apps for Business. EPSS score 0.0032 indicates low exploitation probability. Not confirmed exploited in the wild.
CVE-2025-30671,Zoom,6.5,0.00316,False,CVE CVE-2025-30671 affects Zoom. EPSS score 0.0032 indicates low exploitation probability. Not confirmed exploited in the wild.
CVE-2025-46789,Zoom,6.5,0.00316,False,CVE CVE-2025-46789 affects Zoom. EPSS score 0.0032 indicates low exploitation probability. Not confirmed exploited in the wild.
CVE-2024-11395,Google Chrome,8.8,0.00315,False,CVE CVE-2024-11395 affects Google Chrome. EPSS score 0.0032 indicates low exploitation probability. Not confirmed exploited in the wild.
CVE-2024-43625,Windows Server 2022,8.1,0.00315,False,CVE CVE-2024-43625 affects Windows Server 2022. EPSS score 0.0032 indicates low exploitation probability. Not confirmed exploited in the wild.
CVE-2024-49092,Windows Server 2022,6.8,0.00315,False,CVE CVE-2024-49092 affects Windows Server 2022. EPSS score 0.0032 indicates low exploitation probability. Not confirmed exploited in the wild.
CVE-2024-49092,Windows 10 Pro,6.8,0.00315,False,CVE CVE-2024-49092 affects Windows 10 Pro. EPSS score 0.0032 indicates low exploitation probability. Not confirmed exploited in the wild.
CVE-2024-49118,Windows Server 2022,8.1,0.00315,False,CVE CVE-2024-49118 affects Windows Server 2022. EPSS score 0.0032 indicates low exploitation probability. Not confirmed exploited in the wild.
CVE-2024-49118,Windows 10 Pro,8.1,0.00315,False,CVE CVE-2024-49118 affects Windows 10 Pro. EPSS score 0.0032 indicates low exploitation probability. Not confirmed exploited in the wild.
CVE-2024-7978,Google Chrome,4.3,0.00313,False,CVE CVE-2024-7978 affects Google Chrome. EPSS score 0.0031 indicates low exploitation probability. Not confirmed exploited in the wild.
CVE-2024-26181,Windows Server 2022,5.5,0.00312,False,CVE CVE-2024-26181 affects Windows Server 2022. EPSS score 0.0031 indicates low exploitation probability. Not confirmed exploited in the wild.
CVE-2024-26181,Windows 10 Pro,5.5,0.00312,False,CVE CVE-2024-26181 affects Windows 10 Pro. EPSS score 0.0031 indicates low exploitation probability. Not confirmed exploited in the wild.
CVE-2025-30665,Zoom,6.5,0.00312,False,CVE CVE-2025-30665 affects Zoom. EPSS score 0.0031 indicates low exploitation probability. Not confirmed exploited in the wild.
CVE-2025-30666,Zoom,6.5,0.00312,False,CVE CVE-2025-30666 affects Zoom. EPSS score 0.0031 indicates low exploitation probability. Not confirmed exploited in the wild.
CVE-2025-30667,Zoom,6.5,0.00312,False,CVE CVE-2025-30667 affects Zoom. EPSS score 0.0031 indicates low exploitation probability. Not confirmed exploited in the wild.
CVE-2024-2628,Google Chrome,4.3,0.00311,False,CVE CVE-2024-2628 affects Google Chrome. EPSS score 0.0031 indicates low exploitation probability. Not confirmed exploited in the wild.
CVE-2024-30068,Windows Server 2022,8.8,0.00311,False,CVE CVE-2024-30068 affects Windows Server 2022. EPSS score 0.0031 indicates low exploitation probability. Not confirmed exploited in the wild.
CVE-2024-30068,Windows 10 Pro,8.8,0.00311,False,CVE CVE-2024-30068 affects Windows 10 Pro. EPSS score 0.0031 indicates low exploitation probability. Not confirmed exploited in the wild.
CVE-2024-5841,Google Chrome,8.8,0.00311,False,CVE CVE-2024-5841 affects Google Chrome. EPSS score 0.0031 indicates low exploitation probability. Not confirmed exploited in the wild.
CVE-2025-27487,Windows Server 2022,8.0,0.00311,False,CVE CVE-2025-27487 affects Windows Server 2022. EPSS score 0.0031 indicates low exploitation probability. Not confirmed exploited in the wild.
CVE-2025-27487,Windows 10 Pro,8.0,0.00311,False,CVE CVE-2025-27487 affects Windows 10 Pro. EPSS score 0.0031 indicates low exploitation probability. Not confirmed exploited in the wild.
CVE-2025-30668,Zoom,6.5,0.00311,False,CVE CVE-2025-30668 affects Zoom. EPSS score 0.0031 indicates low exploitation probability. Not confirmed exploited in the wild.
CVE-2025-46785,Zoom,6.5,0.00311,False,CVE CVE-2025-46785 affects Zoom. EPSS score 0.0031 indicates low exploitation probability. Not confirmed exploited in the wild.
CVE-2024-26228,Windows Server 2022,7.8,0.0031,False,CVE CVE-2024-26228 affects Windows Server 2022. EPSS score 0.0031 indicates low exploitation probability. Not confirmed exploited in the wild.
CVE-2024-26228,Windows 10 Pro,7.8,0.0031,False,CVE CVE-2024-26228 affects Windows 10 Pro. EPSS score 0.0031 indicates low exploitation probability. Not confirmed exploited in the wild.
CVE-2024-28896,Windows Server 2022,7.5,0.0031,False,CVE CVE-2024-28896 affects Windows Server 2022. EPSS score 0.0031 indicates low exploitation probability. Not confirmed exploited in the wild.
CVE-2024-28896,Windows 10 Pro,7.5,0.0031,False,CVE CVE-2024-28896 affects Windows 10 Pro. EPSS score 0.0031 indicates low exploitation probability. Not confirmed exploited in the wild.
CVE-2024-48896,Moodle,4.3,0.0031,False,CVE CVE-2024-48896 affects Moodle. EPSS score 0.0031 indicates low exploitation probability. Not confirmed exploited in the wild.
CVE-2025-21346,Microsoft 365 Apps for Business,7.1,0.00309,False,CVE CVE-2025-21346 affects Microsoft 365 Apps for Business. EPSS score 0.0031 indicates low exploitation probability. Not confirmed exploited in the wild.
CVE-2025-53720,Windows Server 2022,8.0,0.00309,False,CVE CVE-2025-53720 affects Windows Server 2022. EPSS score 0.0031 indicates low exploitation probability. Not confirmed exploited in the wild.
CVE-2024-43431,Moodle,7.5,0.00308,False,CVE CVE-2024-43431 affects Moodle. EPSS score 0.0031 indicates low exploitation probability. Not confirmed exploited in the wild.
CVE-2025-20194,Cisco IOS XE,5.4,0.00308,False,CVE CVE-2025-20194 affects Cisco IOS XE. EPSS score 0.0031 indicates low exploitation probability. Not confirmed exploited in the wild.
CVE-2025-25008,Windows Server 2022,7.1,0.00308,False,CVE CVE-2025-25008 affects Windows Server 2022. EPSS score 0.0031 indicates low exploitation probability. Not confirmed exploited in the wild.
CVE-2024-34004,Moodle,6.5,0.00307,False,CVE CVE-2024-34004 affects Moodle. EPSS score 0.0031 indicates low exploitation probability. Not confirmed exploited in the wild.
CVE-2025-21368,Windows Server 2022,8.8,0.00307,False,CVE CVE-2025-21368 affects Windows Server 2022. EPSS score 0.0031 indicates low exploitation probability. Not confirmed exploited in the wild.
CVE-2025-21368,Windows 10 Pro,8.8,0.00307,False,CVE CVE-2025-21368 affects Windows 10 Pro. EPSS score 0.0031 indicates low exploitation probability. Not confirmed exploited in the wild.
CVE-2025-48821,Windows Server 2022,7.1,0.00306,False,CVE CVE-2025-48821 affects Windows Server 2022. EPSS score 0.0031 indicates low exploitation probability. Not confirmed exploited in the wild.
CVE-2025-48821,Windows 10 Pro,7.1,0.00306,False,CVE CVE-2025-48821 affects Windows 10 Pro. EPSS score 0.0031 indicates low exploitation probability. Not confirmed exploited in the wild.
CVE-2025-21372,Windows Server 2022,7.8,0.00304,False,CVE CVE-2025-21372 affects Windows Server 2022. EPSS score 0.0030 indicates low exploitation probability. Not confirmed exploited in the wild.
CVE-2025-21219,Windows Server 2022,4.3,0.00303,False,CVE CVE-2025-21219 affects Windows Server 2022. EPSS score 0.0030 indicates low exploitation probability. Not confirmed exploited in the wild.
CVE-2025-21219,Windows 10 Pro,4.3,0.00303,False,CVE CVE-2025-21219 affects Windows 10 Pro. EPSS score 0.0030 indicates low exploitation probability. Not confirmed exploited in the wild.
CVE-2024-22273,VMware vSphere,8.1,0.00302,False,CVE CVE-2024-22273 affects VMware vSphere. EPSS score 0.0030 indicates low exploitation probability. Not confirmed exploited in the wild.
CVE-2025-20171,Cisco IOS XE,7.7,0.00301,False,CVE CVE-2025-20171 affects Cisco IOS XE. EPSS score 0.0030 indicates low exploitation probability. Not confirmed exploited in the wild.
CVE-2025-20172,Cisco IOS XE,7.7,0.00301,False,CVE CVE-2025-20172 affects Cisco IOS XE. EPSS score 0.0030 indicates low exploitation probability. Not confirmed exploited in the wild.
CVE-2025-3640,Moodle,4.3,0.00301,False,CVE CVE-2025-3640 affects Moodle. EPSS score 0.0030 indicates low exploitation probability. Not confirmed exploited in the wild.
CVE-2025-3645,Moodle,4.3,0.00301,False,CVE CVE-2025-3645 affects Moodle. EPSS score 0.0030 indicates low exploitation probability. Not confirmed exploited in the wild.
CVE-2025-3647,Moodle,4.3,0.00301,False,CVE CVE-2025-3647 affects Moodle. EPSS score 0.0030 indicates low exploitation probability. Not confirmed exploited in the wild.
CVE-2024-43467,Windows Server 2022,7.5,0.003,False,CVE CVE-2024-43467 affects Windows Server 2022. EPSS score 0.0030 indicates low exploitation probability. Not confirmed exploited in the wild.
CVE-2025-21208,Windows Server 2022,8.8,0.003,False,CVE CVE-2025-21208 affects Windows Server 2022. EPSS score 0.0030 indicates low exploitation probability. Not confirmed exploited in the wild.
CVE-2024-43636,Windows Server 2022,7.8,0.00299,False,CVE CVE-2024-43636 affects Windows Server 2022. EPSS score 0.0030 indicates low exploitation probability. Not confirmed exploited in the wild.
CVE-2024-43636,Windows 10 Pro,7.8,0.00299,False,CVE CVE-2024-43636 affects Windows 10 Pro. EPSS score 0.0030 indicates low exploitation probability. Not confirmed exploited in the wild.
CVE-2024-43640,Windows Server 2022,7.8,0.00299,False,CVE CVE-2024-43640 affects Windows Server 2022. EPSS score 0.0030 indicates low exploitation probability. Not confirmed exploited in the wild.
CVE-2024-43640,Windows 10 Pro,7.8,0.00299,False,CVE CVE-2024-43640 affects Windows 10 Pro. EPSS score 0.0030 indicates low exploitation probability. Not confirmed exploited in the wild.
CVE-2025-21235,Windows Server 2022,7.8,0.00299,False,CVE CVE-2025-21235 affects Windows Server 2022. EPSS score 0.0030 indicates low exploitation probability. Not confirmed exploited in the wild.
CVE-2025-21235,Windows 10 Pro,7.8,0.00299,False,CVE CVE-2025-21235 affects Windows 10 Pro. EPSS score 0.0030 indicates low exploitation probability. Not confirmed exploited in the wild.
CVE-2024-10487,Google Chrome,8.8,0.00298,False,CVE CVE-2024-10487 affects Google Chrome. EPSS score 0.0030 indicates low exploitation probability. Not confirmed exploited in the wild.
CVE-2025-21314,Windows Server 2022,6.5,0.00298,False,CVE CVE-2025-21314 affects Windows Server 2022. EPSS score 0.0030 indicates low exploitation probability. Not confirmed exploited in the wild.
CVE-2025-21314,Windows 10 Pro,6.5,0.00298,False,CVE CVE-2025-21314 affects Windows 10 Pro. EPSS score 0.0030 indicates low exploitation probability. Not confirmed exploited in the wild.
CVE-2025-24056,Windows Server 2022,8.8,0.00298,False,CVE CVE-2025-24056 affects Windows Server 2022. EPSS score 0.0030 indicates low exploitation probability. Not confirmed exploited in the wild.
CVE-2025-24056,Windows 10 Pro,8.8,0.00298,False,CVE CVE-2025-24056 affects Windows 10 Pro. EPSS score 0.0030 indicates low exploitation probability. Not confirmed exploited in the wild.
CVE-2025-43578,Adobe Acrobat Reader DC,5.5,0.00298,False,CVE CVE-2025-43578 affects Adobe Acrobat Reader DC. EPSS score 0.0030 indicates low exploitation probability. Not confirmed exploited in the wild.
CVE-2025-47112,Adobe Acrobat Reader DC,5.5,0.00298,False,CVE CVE-2025-47112 affects Adobe Acrobat Reader DC. EPSS score 0.0030 indicates low exploitation probability. Not confirmed exploited in the wild.
CVE-2025-48823,Windows Server 2022,5.9,0.00298,False,CVE CVE-2025-48823 affects Windows Server 2022. EPSS score 0.0030 indicates low exploitation probability. Not confirmed exploited in the wild.
CVE-2025-48823,Windows 10 Pro,5.9,0.00298,False,CVE CVE-2025-48823 affects Windows 10 Pro. EPSS score 0.0030 indicates low exploitation probability. Not confirmed exploited in the wild.
CVE-2025-53789,Windows Server 2022,7.8,0.00297,False,CVE CVE-2025-53789 affects Windows Server 2022. EPSS score 0.0030 indicates low exploitation probability. Not confirmed exploited in the wild.
CVE-2025-53789,Windows 10 Pro,7.8,0.00297,False,CVE CVE-2025-53789 affects Windows 10 Pro. EPSS score 0.0030 indicates low exploitation probability. Not confirmed exploited in the wild.
CVE-2025-59512,Windows Server 2022,7.8,0.00297,False,CVE CVE-2025-59512 affects Windows Server 2022. EPSS score 0.0030 indicates low exploitation probability. Not confirmed exploited in the wild.
CVE-2025-59512,Windows 10 Pro,7.8,0.00297,False,CVE CVE-2025-59512 affects Windows 10 Pro. EPSS score 0.0030 indicates low exploitation probability. Not confirmed exploited in the wild.
CVE-2024-43429,Moodle,5.3,0.00296,False,CVE CVE-2024-43429 affects Moodle. EPSS score 0.0030 indicates low exploitation probability. Not confirmed exploited in the wild.
CVE-2024-8198,Google Chrome,8.8,0.00296,False,CVE CVE-2024-8198 affects Google Chrome. EPSS score 0.0030 indicates low exploitation probability. Not confirmed exploited in the wild.
CVE-2025-0444,Google Chrome,6.3,0.00293,False,CVE CVE-2025-0444 affects Google Chrome. EPSS score 0.0029 indicates low exploitation probability. Not confirmed exploited in the wild.
CVE-2024-25978,Moodle,7.5,0.00292,False,CVE CVE-2024-25978 affects Moodle. EPSS score 0.0029 indicates low exploitation probability. Not confirmed exploited in the wild.
CVE-2025-29833,Windows Server 2022,7.7,0.00292,False,CVE CVE-2025-29833 affects Windows Server 2022. EPSS score 0.0029 indicates low exploitation probability. Not confirmed exploited in the wild.
CVE-2025-29833,Windows 10 Pro,7.7,0.00292,False,CVE CVE-2025-29833 affects Windows 10 Pro. EPSS score 0.0029 indicates low exploitation probability. Not confirmed exploited in the wild.
CVE-2025-1922,Google Chrome,4.3,0.00291,False,CVE CVE-2025-1922 affects Google Chrome. EPSS score 0.0029 indicates low exploitation probability. Not confirmed exploited in the wild.
CVE-2025-26671,Windows Server 2022,8.1,0.00291,False,CVE CVE-2025-26671 affects Windows Server 2022. EPSS score 0.0029 indicates low exploitation probability. Not confirmed exploited in the wild.
CVE-2024-21309,Windows Server 2022,7.8,0.0029,False,CVE CVE-2024-21309 affects Windows Server 2022. EPSS score 0.0029 indicates low exploitation probability. Not confirmed exploited in the wild.
CVE-2024-29062,Windows Server 2022,7.1,0.00288,False,CVE CVE-2024-29062 affects Windows Server 2022. EPSS score 0.0029 indicates low exploitation probability. Not confirmed exploited in the wild.
CVE-2024-29062,Windows 10 Pro,7.1,0.00288,False,CVE CVE-2024-29062 affects Windows 10 Pro. EPSS score 0.0029 indicates low exploitation probability. Not confirmed exploited in the wild.
CVE-2025-21189,Windows Server 2022,4.3,0.00288,False,CVE CVE-2025-21189 affects Windows Server 2022. EPSS score 0.0029 indicates low exploitation probability. Not confirmed exploited in the wild.
CVE-2025-21189,Windows 10 Pro,4.3,0.00288,False,CVE CVE-2025-21189 affects Windows 10 Pro. EPSS score 0.0029 indicates low exploitation probability. Not confirmed exploited in the wild.
CVE-2024-35265,Windows 10 Pro,7.0,0.00287,False,CVE CVE-2024-35265 affects Windows 10 Pro. EPSS score 0.0029 indicates low exploitation probability. Not confirmed exploited in the wild.
CVE-2024-43438,Moodle,7.5,0.00287,False,CVE CVE-2024-43438 affects Moodle. EPSS score 0.0029 indicates low exploitation probability. Not confirmed exploited in the wild.
CVE-2024-26236,Windows Server 2022,7.0,0.00284,False,CVE CVE-2024-26236 affects Windows Server 2022. EPSS score 0.0028 indicates low exploitation probability. Not confirmed exploited in the wild.
CVE-2024-26242,Windows Server 2022,7.0,0.00284,False,CVE CVE-2024-26242 affects Windows Server 2022. EPSS score 0.0028 indicates low exploitation probability. Not confirmed exploited in the wild.
CVE-2024-26242,Windows 10 Pro,7.0,0.00284,False,CVE CVE-2024-26242 affects Windows 10 Pro. EPSS score 0.0028 indicates low exploitation probability. Not confirmed exploited in the wild.
CVE-2024-38191,Windows Server 2022,7.8,0.00284,False,CVE CVE-2024-38191 affects Windows Server 2022. EPSS score 0.0028 indicates low exploitation probability. Not confirmed exploited in the wild.
CVE-2024-38191,Windows 10 Pro,7.8,0.00284,False,CVE CVE-2024-38191 affects Windows 10 Pro. EPSS score 0.0028 indicates low exploitation probability. Not confirmed exploited in the wild.
CVE-2024-43563,Windows Server 2022,7.8,0.00284,False,CVE CVE-2024-43563 affects Windows Server 2022. EPSS score 0.0028 indicates low exploitation probability. Not confirmed exploited in the wild.
CVE-2024-43563,Windows 10 Pro,7.8,0.00284,False,CVE CVE-2024-43563 affects Windows 10 Pro. EPSS score 0.0028 indicates low exploitation probability. Not confirmed exploited in the wild.
CVE-2024-49065,Microsoft 365 Apps for Business,5.5,0.00284,False,CVE CVE-2024-49065 affects Microsoft 365 Apps for Business. EPSS score 0.0028 indicates low exploitation probability. Not confirmed exploited in the wild.
CVE-2025-49464,Zoom,6.5,0.00284,False,CVE CVE-2025-49464 affects Zoom. EPSS score 0.0028 indicates low exploitation probability. Not confirmed exploited in the wild.
CVE-2025-8011,Google Chrome,8.8,0.00284,False,CVE CVE-2025-8011 affects Google Chrome. EPSS score 0.0028 indicates low exploitation probability. Not confirmed exploited in the wild.
CVE-2026-26154,Windows Server 2022,7.5,0.00284,False,CVE CVE-2026-26154 affects Windows Server 2022. EPSS score 0.0028 indicates low exploitation probability. Not confirmed exploited in the wild.
CVE-2024-49128,Windows Server 2022,8.1,0.00283,False,CVE CVE-2024-49128 affects Windows Server 2022. EPSS score 0.0028 indicates low exploitation probability. Not confirmed exploited in the wild.
CVE-2025-21296,Windows Server 2022,7.5,0.00283,False,CVE CVE-2025-21296 affects Windows Server 2022. EPSS score 0.0028 indicates low exploitation probability. Not confirmed exploited in the wild.
CVE-2025-21296,Windows 10 Pro,7.5,0.00283,False,CVE CVE-2025-21296 affects Windows 10 Pro. EPSS score 0.0028 indicates low exploitation probability. Not confirmed exploited in the wild.
CVE-2025-27482,Windows Server 2022,8.1,0.00283,False,CVE CVE-2025-27482 affects Windows Server 2022. EPSS score 0.0028 indicates low exploitation probability. Not confirmed exploited in the wild.
CVE-2025-26642,Microsoft 365 Apps for Business,7.8,0.00282,False,CVE CVE-2025-26642 affects Microsoft 365 Apps for Business. EPSS score 0.0028 indicates low exploitation probability. Not confirmed exploited in the wild.
CVE-2025-0995,Google Chrome,8.8,0.00281,False,CVE CVE-2025-0995 affects Google Chrome. EPSS score 0.0028 indicates low exploitation probability. Not confirmed exploited in the wild.
CVE-2024-34000,Moodle,4.3,0.0028,False,CVE CVE-2024-34000 affects Moodle. EPSS score 0.0028 indicates low exploitation probability. Not confirmed exploited in the wild.
CVE-2024-38119,Windows Server 2022,7.5,0.0028,False,CVE CVE-2024-38119 affects Windows Server 2022. EPSS score 0.0028 indicates low exploitation probability. Not confirmed exploited in the wild.
CVE-2024-38119,Windows 10 Pro,7.5,0.0028,False,CVE CVE-2024-38119 affects Windows 10 Pro. EPSS score 0.0028 indicates low exploitation probability. Not confirmed exploited in the wild.
CVE-2024-39823,Zoom,4.9,0.0028,False,CVE CVE-2024-39823 affects Zoom. EPSS score 0.0028 indicates low exploitation probability. Not confirmed exploited in the wild.
CVE-2024-39824,Zoom,4.9,0.0028,False,CVE CVE-2024-39824 affects Zoom. EPSS score 0.0028 indicates low exploitation probability. Not confirmed exploited in the wild.
CVE-2024-42434,Zoom,4.9,0.0028,False,CVE CVE-2024-42434 affects Zoom. EPSS score 0.0028 indicates low exploitation probability. Not confirmed exploited in the wild.
CVE-2025-21347,Windows Server 2022,6.0,0.0028,False,CVE CVE-2025-21347 affects Windows Server 2022. EPSS score 0.0028 indicates low exploitation probability. Not confirmed exploited in the wild.
CVE-2025-21347,Windows 10 Pro,6.0,0.0028,False,CVE CVE-2025-21347 affects Windows 10 Pro. EPSS score 0.0028 indicates low exploitation probability. Not confirmed exploited in the wild.
CVE-2024-1060,Google Chrome,8.8,0.00279,False,CVE CVE-2024-1060 affects Google Chrome. EPSS score 0.0028 indicates low exploitation probability. Not confirmed exploited in the wild.
CVE-2024-2629,Google Chrome,4.3,0.00278,False,CVE CVE-2024-2629 affects Google Chrome. EPSS score 0.0028 indicates low exploitation probability. Not confirmed exploited in the wild.
CVE-2025-21271,Windows Server 2022,7.8,0.00277,False,CVE CVE-2025-21271 affects Windows Server 2022. EPSS score 0.0028 indicates low exploitation probability. Not confirmed exploited in the wild.
CVE-2025-21271,Windows 10 Pro,7.8,0.00277,False,CVE CVE-2025-21271 affects Windows 10 Pro. EPSS score 0.0028 indicates low exploitation probability. Not confirmed exploited in the wild.
CVE-2025-21281,Windows Server 2022,7.8,0.00277,False,CVE CVE-2025-21281 affects Windows Server 2022. EPSS score 0.0028 indicates low exploitation probability. Not confirmed exploited in the wild.
CVE-2025-21281,Windows 10 Pro,7.8,0.00277,False,CVE CVE-2025-21281 affects Windows 10 Pro. EPSS score 0.0028 indicates low exploitation probability. Not confirmed exploited in the wild.
CVE-2025-21304,Windows 10 Pro,7.8,0.00277,False,CVE CVE-2025-21304 affects Windows 10 Pro. EPSS score 0.0028 indicates low exploitation probability. Not confirmed exploited in the wild.
CVE-2024-26173,Windows Server 2022,7.8,0.00276,False,CVE CVE-2024-26173 affects Windows Server 2022. EPSS score 0.0028 indicates low exploitation probability. Not confirmed exploited in the wild.
CVE-2024-26173,Windows 10 Pro,7.8,0.00276,False,CVE CVE-2024-26173 affects Windows 10 Pro. EPSS score 0.0028 indicates low exploitation probability. Not confirmed exploited in the wild.
CVE-2024-54540,Windows 10 Pro,4.3,0.00276,False,CVE CVE-2024-54540 affects Windows 10 Pro. EPSS score 0.0028 indicates low exploitation probability. Not confirmed exploited in the wild.
CVE-2024-6291,Google Chrome,8.8,0.00276,False,CVE CVE-2024-6291 affects Google Chrome. EPSS score 0.0028 indicates low exploitation probability. Not confirmed exploited in the wild.
CVE-2024-6292,Google Chrome,8.8,0.00276,False,CVE CVE-2024-6292 affects Google Chrome. EPSS score 0.0028 indicates low exploitation probability. Not confirmed exploited in the wild.
CVE-2024-9957,Google Chrome,8.8,0.00276,False,CVE CVE-2024-9957 affects Google Chrome. EPSS score 0.0028 indicates low exploitation probability. Not confirmed exploited in the wild.
CVE-2024-9960,Google Chrome,7.5,0.00276,False,CVE CVE-2024-9960 affects Google Chrome. EPSS score 0.0028 indicates low exploitation probability. Not confirmed exploited in the wild.
CVE-2024-9961,Google Chrome,8.8,0.00276,False,CVE CVE-2024-9961 affects Google Chrome. EPSS score 0.0028 indicates low exploitation probability. Not confirmed exploited in the wild.
CVE-2025-47972,Windows Server 2022,8.0,0.00276,False,CVE CVE-2025-47972 affects Windows Server 2022. EPSS score 0.0028 indicates low exploitation probability. Not confirmed exploited in the wild.
CVE-2025-47972,Windows 10 Pro,8.0,0.00276,False,CVE CVE-2025-47972 affects Windows 10 Pro. EPSS score 0.0028 indicates low exploitation probability. Not confirmed exploited in the wild.
CVE-2024-8637,Google Chrome,8.8,0.00275,False,CVE CVE-2024-8637 affects Google Chrome. EPSS score 0.0027 indicates low exploitation probability. Not confirmed exploited in the wild.
CVE-2024-21315,Windows Server 2022,7.8,0.00274,False,CVE CVE-2024-21315 affects Windows Server 2022. EPSS score 0.0027 indicates low exploitation probability. Not confirmed exploited in the wild.
CVE-2024-21315,Windows 10 Pro,7.8,0.00274,False,CVE CVE-2024-21315 affects Windows 10 Pro. EPSS score 0.0027 indicates low exploitation probability. Not confirmed exploited in the wild.
CVE-2024-6988,Google Chrome,8.8,0.00274,False,CVE CVE-2024-6988 affects Google Chrome. EPSS score 0.0027 indicates low exploitation probability. Not confirmed exploited in the wild.
CVE-2024-6989,Google Chrome,8.8,0.00274,False,CVE CVE-2024-6989 affects Google Chrome. EPSS score 0.0027 indicates low exploitation probability. Not confirmed exploited in the wild.
CVE-2024-8639,Google Chrome,8.8,0.00274,False,CVE CVE-2024-8639 affects Google Chrome. EPSS score 0.0027 indicates low exploitation probability. Not confirmed exploited in the wild.
CVE-2025-27441,Zoom,4.6,0.00273,False,CVE CVE-2025-27441 affects Zoom. EPSS score 0.0027 indicates low exploitation probability. Not confirmed exploited in the wild.
CVE-2025-27442,Zoom,4.6,0.00273,False,CVE CVE-2025-27442 affects Zoom. EPSS score 0.0027 indicates low exploitation probability. Not confirmed exploited in the wild.
CVE-2025-5283,Google Chrome,5.4,0.00273,False,CVE CVE-2025-5283 affects Google Chrome. EPSS score 0.0027 indicates low exploitation probability. Not confirmed exploited in the wild.
CVE-2024-25981,Moodle,4.3,0.00271,False,CVE CVE-2024-25981 affects Moodle. EPSS score 0.0027 indicates low exploitation probability. Not confirmed exploited in the wild.
CVE-2024-20657,Windows Server 2022,7.0,0.00269,False,CVE CVE-2024-20657 affects Windows Server 2022. EPSS score 0.0027 indicates low exploitation probability. Not confirmed exploited in the wild.
CVE-2024-20657,Windows 10 Pro,7.0,0.00269,False,CVE CVE-2024-20657 affects Windows 10 Pro. EPSS score 0.0027 indicates low exploitation probability. Not confirmed exploited in the wild.
CVE-2025-21247,Windows Server 2022,4.3,0.00269,False,CVE CVE-2025-21247 affects Windows Server 2022. EPSS score 0.0027 indicates low exploitation probability. Not confirmed exploited in the wild.
CVE-2025-21247,Windows 10 Pro,4.3,0.00269,False,CVE CVE-2025-21247 affects Windows 10 Pro. EPSS score 0.0027 indicates low exploitation probability. Not confirmed exploited in the wild.
CVE-2025-3625,Moodle,7.1,0.00269,False,CVE CVE-2025-3625 affects Moodle. EPSS score 0.0027 indicates low exploitation probability. Not confirmed exploited in the wild.
CVE-2024-38276,Moodle,8.8,0.00268,False,CVE CVE-2024-38276 affects Moodle. EPSS score 0.0027 indicates low exploitation probability. Not confirmed exploited in the wild.
CVE-2024-38185,Windows Server 2022,7.8,0.00266,False,CVE CVE-2024-38185 affects Windows Server 2022. EPSS score 0.0027 indicates low exploitation probability. Not confirmed exploited in the wild.
CVE-2024-38185,Windows 10 Pro,7.8,0.00266,False,CVE CVE-2024-38185 affects Windows 10 Pro. EPSS score 0.0027 indicates low exploitation probability. Not confirmed exploited in the wild.
CVE-2024-26243,Windows Server 2022,7.0,0.00264,False,CVE CVE-2024-26243 affects Windows Server 2022. EPSS score 0.0026 indicates low exploitation probability. Not confirmed exploited in the wild.
CVE-2024-26243,Windows 10 Pro,7.0,0.00264,False,CVE CVE-2024-26243 affects Windows 10 Pro. EPSS score 0.0026 indicates low exploitation probability. Not confirmed exploited in the wild.
CVE-2024-48900,Moodle,4.3,0.00264,False,CVE CVE-2024-48900 affects Moodle. EPSS score 0.0026 indicates low exploitation probability. Not confirmed exploited in the wild.
CVE-2024-20316,Cisco IOS XE,5.8,0.00263,False,CVE CVE-2024-20316 affects Cisco IOS XE. EPSS score 0.0026 indicates low exploitation probability. Not confirmed exploited in the wild.
CVE-2024-38246,Windows Server 2022,7.0,0.00263,False,CVE CVE-2024-38246 affects Windows Server 2022. EPSS score 0.0026 indicates low exploitation probability. Not confirmed exploited in the wild.
CVE-2024-38246,Windows 10 Pro,7.0,0.00263,False,CVE CVE-2024-38246 affects Windows 10 Pro. EPSS score 0.0026 indicates low exploitation probability. Not confirmed exploited in the wild.
CVE-2024-38248,Windows Server 2022,7.0,0.00263,False,CVE CVE-2024-38248 affects Windows Server 2022. EPSS score 0.0026 indicates low exploitation probability. Not confirmed exploited in the wild.
CVE-2024-38248,Windows 10 Pro,7.0,0.00263,False,CVE CVE-2024-38248 affects Windows 10 Pro. EPSS score 0.0026 indicates low exploitation probability. Not confirmed exploited in the wild.
CVE-2024-26171,Windows Server 2022,6.7,0.00261,False,CVE CVE-2024-26171 affects Windows Server 2022. EPSS score 0.0026 indicates low exploitation probability. Not confirmed exploited in the wild.
CVE-2024-26171,Windows 10 Pro,6.7,0.00261,False,CVE CVE-2024-26171 affects Windows 10 Pro. EPSS score 0.0026 indicates low exploitation probability. Not confirmed exploited in the wild.
CVE-2024-29997,Windows Server 2022,6.8,0.00261,False,CVE CVE-2024-29997 affects Windows Server 2022. EPSS score 0.0026 indicates low exploitation probability. Not confirmed exploited in the wild.
CVE-2024-29997,Windows 10 Pro,6.8,0.00261,False,CVE CVE-2024-29997 affects Windows 10 Pro. EPSS score 0.0026 indicates low exploitation probability. Not confirmed exploited in the wild.
CVE-2024-29999,Windows Server 2022,6.8,0.00261,False,CVE CVE-2024-29999 affects Windows Server 2022. EPSS score 0.0026 indicates low exploitation probability. Not confirmed exploited in the wild.
CVE-2024-29999,Windows 10 Pro,6.8,0.00261,False,CVE CVE-2024-29999 affects Windows 10 Pro. EPSS score 0.0026 indicates low exploitation probability. Not confirmed exploited in the wild.
CVE-2024-30000,Windows Server 2022,6.8,0.00261,False,CVE CVE-2024-30000 affects Windows Server 2022. EPSS score 0.0026 indicates low exploitation probability. Not confirmed exploited in the wild.
CVE-2024-30000,Windows 10 Pro,6.8,0.00261,False,CVE CVE-2024-30000 affects Windows 10 Pro. EPSS score 0.0026 indicates low exploitation probability. Not confirmed exploited in the wild.
CVE-2024-30001,Windows Server 2022,6.8,0.00261,False,CVE CVE-2024-30001 affects Windows Server 2022. EPSS score 0.0026 indicates low exploitation probability. Not confirmed exploited in the wild.
CVE-2024-30001,Windows 10 Pro,6.8,0.00261,False,CVE CVE-2024-30001 affects Windows 10 Pro. EPSS score 0.0026 indicates low exploitation probability. Not confirmed exploited in the wild.
CVE-2024-30003,Windows Server 2022,6.8,0.00261,False,CVE CVE-2024-30003 affects Windows Server 2022. EPSS score 0.0026 indicates low exploitation probability. Not confirmed exploited in the wild.
CVE-2024-30003,Windows 10 Pro,6.8,0.00261,False,CVE CVE-2024-30003 affects Windows 10 Pro. EPSS score 0.0026 indicates low exploitation probability. Not confirmed exploited in the wild.
CVE-2024-30005,Windows Server 2022,6.8,0.00261,False,CVE CVE-2024-30005 affects Windows Server 2022. EPSS score 0.0026 indicates low exploitation probability. Not confirmed exploited in the wild.
CVE-2024-30005,Windows 10 Pro,6.8,0.00261,False,CVE CVE-2024-30005 affects Windows 10 Pro. EPSS score 0.0026 indicates low exploitation probability. Not confirmed exploited in the wild.
CVE-2024-30012,Windows Server 2022,6.8,0.00261,False,CVE CVE-2024-30012 affects Windows Server 2022. EPSS score 0.0026 indicates low exploitation probability. Not confirmed exploited in the wild.
CVE-2024-30012,Windows 10 Pro,6.8,0.00261,False,CVE CVE-2024-30012 affects Windows 10 Pro. EPSS score 0.0026 indicates low exploitation probability. Not confirmed exploited in the wild.
CVE-2024-43537,Windows Server 2022,6.5,0.00261,False,CVE CVE-2024-43537 affects Windows Server 2022. EPSS score 0.0026 indicates low exploitation probability. Not confirmed exploited in the wild.
CVE-2024-43537,Windows 10 Pro,6.5,0.00261,False,CVE CVE-2024-43537 affects Windows 10 Pro. EPSS score 0.0026 indicates low exploitation probability. Not confirmed exploited in the wild.
CVE-2024-0806,Google Chrome,8.8,0.0026,False,CVE CVE-2024-0806 affects Google Chrome. EPSS score 0.0026 indicates low exploitation probability. Not confirmed exploited in the wild.
CVE-2025-29969,Windows Server 2022,7.5,0.0026,False,CVE CVE-2025-29969 affects Windows Server 2022. EPSS score 0.0026 indicates low exploitation probability. Not confirmed exploited in the wild.
CVE-2025-29969,Windows 10 Pro,7.5,0.0026,False,CVE CVE-2025-29969 affects Windows 10 Pro. EPSS score 0.0026 indicates low exploitation probability. Not confirmed exploited in the wild.
CVE-2025-8576,Google Chrome,8.8,0.0026,False,CVE CVE-2025-8576 affects Google Chrome. EPSS score 0.0026 indicates low exploitation probability. Not confirmed exploited in the wild.
CVE-2025-8578,Google Chrome,8.8,0.0026,False,CVE CVE-2025-8578 affects Google Chrome. EPSS score 0.0026 indicates low exploitation probability. Not confirmed exploited in the wild.
CVE-2026-33829,Windows Server 2022,4.3,0.0026,False,CVE CVE-2026-33829 affects Windows Server 2022. EPSS score 0.0026 indicates low exploitation probability. Not confirmed exploited in the wild.
CVE-2026-33829,Windows 10 Pro,4.3,0.0026,False,CVE CVE-2026-33829 affects Windows 10 Pro. EPSS score 0.0026 indicates low exploitation probability. Not confirmed exploited in the wild.
CVE-2025-21213,Windows Server 2022,4.6,0.00259,False,CVE CVE-2025-21213 affects Windows Server 2022. EPSS score 0.0026 indicates low exploitation probability. Not confirmed exploited in the wild.
CVE-2025-21213,Windows 10 Pro,4.6,0.00259,False,CVE CVE-2025-21213 affects Windows 10 Pro. EPSS score 0.0026 indicates low exploitation probability. Not confirmed exploited in the wild.
CVE-2024-21436,Windows Server 2022,7.8,0.00258,False,CVE CVE-2024-21436 affects Windows Server 2022. EPSS score 0.0026 indicates low exploitation probability. Not confirmed exploited in the wild.
CVE-2024-21436,Windows 10 Pro,7.8,0.00258,False,CVE CVE-2024-21436 affects Windows 10 Pro. EPSS score 0.0026 indicates low exploitation probability. Not confirmed exploited in the wild.
CVE-2024-30042,Microsoft 365 Apps for Business,7.8,0.00257,False,CVE CVE-2024-30042 affects Microsoft 365 Apps for Business. EPSS score 0.0026 indicates low exploitation probability. Not confirmed exploited in the wild.
CVE-2025-1917,Google Chrome,4.3,0.00257,False,CVE CVE-2025-1917 affects Google Chrome. EPSS score 0.0026 indicates low exploitation probability. Not confirmed exploited in the wild.
CVE-2025-27478,Windows Server 2022,7.0,0.00257,False,CVE CVE-2025-27478 affects Windows Server 2022. EPSS score 0.0026 indicates low exploitation probability. Not confirmed exploited in the wild.
CVE-2025-27478,Windows 10 Pro,7.0,0.00257,False,CVE CVE-2025-27478 affects Windows 10 Pro. EPSS score 0.0026 indicates low exploitation probability. Not confirmed exploited in the wild.
CVE-2024-7000,Google Chrome,8.8,0.00256,False,CVE CVE-2024-7000 affects Google Chrome. EPSS score 0.0026 indicates low exploitation probability. Not confirmed exploited in the wild.
CVE-2025-20196,Cisco IOS XE,5.3,0.00256,False,CVE CVE-2025-20196 affects Cisco IOS XE. EPSS score 0.0026 indicates low exploitation probability. Not confirmed exploited in the wild.
CVE-2026-34622,Adobe Acrobat Reader DC,8.6,0.00256,False,CVE CVE-2026-34622 affects Adobe Acrobat Reader DC. EPSS score 0.0026 indicates low exploitation probability. Not confirmed exploited in the wild.
CVE-2024-43538,Windows Server 2022,6.5,0.00255,False,CVE CVE-2024-43538 affects Windows Server 2022. EPSS score 0.0026 indicates low exploitation probability. Not confirmed exploited in the wild.
CVE-2024-43538,Windows 10 Pro,6.5,0.00255,False,CVE CVE-2024-43538 affects Windows 10 Pro. EPSS score 0.0026 indicates low exploitation probability. Not confirmed exploited in the wild.
CVE-2024-43540,Windows Server 2022,6.5,0.00255,False,CVE CVE-2024-43540 affects Windows Server 2022. EPSS score 0.0026 indicates low exploitation probability. Not confirmed exploited in the wild.
CVE-2024-43540,Windows 10 Pro,6.5,0.00255,False,CVE CVE-2024-43540 affects Windows 10 Pro. EPSS score 0.0026 indicates low exploitation probability. Not confirmed exploited in the wild.
CVE-2024-43542,Windows Server 2022,6.5,0.00255,False,CVE CVE-2024-43542 affects Windows Server 2022. EPSS score 0.0026 indicates low exploitation probability. Not confirmed exploited in the wild.
CVE-2024-43542,Windows 10 Pro,6.5,0.00255,False,CVE CVE-2024-43542 affects Windows 10 Pro. EPSS score 0.0026 indicates low exploitation probability. Not confirmed exploited in the wild.
CVE-2024-43554,Windows Server 2022,5.5,0.00255,False,CVE CVE-2024-43554 affects Windows Server 2022. EPSS score 0.0026 indicates low exploitation probability. Not confirmed exploited in the wild.
CVE-2024-43554,Windows 10 Pro,5.5,0.00255,False,CVE CVE-2024-43554 affects Windows 10 Pro. EPSS score 0.0026 indicates low exploitation probability. Not confirmed exploited in the wild.
CVE-2024-43557,Windows Server 2022,6.5,0.00255,False,CVE CVE-2024-43557 affects Windows Server 2022. EPSS score 0.0026 indicates low exploitation probability. Not confirmed exploited in the wild.
CVE-2024-43557,Windows 10 Pro,6.5,0.00255,False,CVE CVE-2024-43557 affects Windows 10 Pro. EPSS score 0.0026 indicates low exploitation probability. Not confirmed exploited in the wild.
CVE-2024-43558,Windows Server 2022,6.5,0.00255,False,CVE CVE-2024-43558 affects Windows Server 2022. EPSS score 0.0026 indicates low exploitation probability. Not confirmed exploited in the wild.
CVE-2024-43558,Windows 10 Pro,6.5,0.00255,False,CVE CVE-2024-43558 affects Windows 10 Pro. EPSS score 0.0026 indicates low exploitation probability. Not confirmed exploited in the wild.
CVE-2024-43561,Windows Server 2022,6.5,0.00255,False,CVE CVE-2024-43561 affects Windows Server 2022. EPSS score 0.0026 indicates low exploitation probability. Not confirmed exploited in the wild.
CVE-2024-43561,Windows 10 Pro,6.5,0.00255,False,CVE CVE-2024-43561 affects Windows 10 Pro. EPSS score 0.0026 indicates low exploitation probability. Not confirmed exploited in the wild.
CVE-2025-53808,Windows Server 2022,6.7,0.00255,False,CVE CVE-2025-53808 affects Windows Server 2022. EPSS score 0.0026 indicates low exploitation probability. Not confirmed exploited in the wild.
CVE-2025-53808,Windows 10 Pro,6.7,0.00255,False,CVE CVE-2025-53808 affects Windows 10 Pro. EPSS score 0.0026 indicates low exploitation probability. Not confirmed exploited in the wild.
CVE-2025-53810,Windows Server 2022,6.7,0.00255,False,CVE CVE-2025-53810 affects Windows Server 2022. EPSS score 0.0026 indicates low exploitation probability. Not confirmed exploited in the wild.
CVE-2025-53810,Windows 10 Pro,6.7,0.00255,False,CVE CVE-2025-53810 affects Windows 10 Pro. EPSS score 0.0026 indicates low exploitation probability. Not confirmed exploited in the wild.
CVE-2025-54094,Windows Server 2022,6.7,0.00255,False,CVE CVE-2025-54094 affects Windows Server 2022. EPSS score 0.0026 indicates low exploitation probability. Not confirmed exploited in the wild.
CVE-2025-54094,Windows 10 Pro,6.7,0.00255,False,CVE CVE-2025-54094 affects Windows 10 Pro. EPSS score 0.0026 indicates low exploitation probability. Not confirmed exploited in the wild.
CVE-2025-54104,Windows Server 2022,6.7,0.00255,False,CVE CVE-2025-54104 affects Windows Server 2022. EPSS score 0.0026 indicates low exploitation probability. Not confirmed exploited in the wild.
CVE-2025-54104,Windows 10 Pro,6.7,0.00255,False,CVE CVE-2025-54104 affects Windows 10 Pro. EPSS score 0.0026 indicates low exploitation probability. Not confirmed exploited in the wild.
CVE-2025-54109,Windows Server 2022,6.7,0.00255,False,CVE CVE-2025-54109 affects Windows Server 2022. EPSS score 0.0026 indicates low exploitation probability. Not confirmed exploited in the wild.
CVE-2025-54109,Windows 10 Pro,6.7,0.00255,False,CVE CVE-2025-54109 affects Windows 10 Pro. EPSS score 0.0026 indicates low exploitation probability. Not confirmed exploited in the wild.
CVE-2026-41097,Windows Server 2022,6.7,0.00255,False,CVE CVE-2026-41097 affects Windows Server 2022. EPSS score 0.0026 indicates low exploitation probability. Not confirmed exploited in the wild.
CVE-2026-41097,Windows 10 Pro,6.7,0.00255,False,CVE CVE-2026-41097 affects Windows 10 Pro. EPSS score 0.0026 indicates low exploitation probability. Not confirmed exploited in the wild.
CVE-2024-20681,Windows Server 2022,7.8,0.00254,False,CVE CVE-2024-20681 affects Windows Server 2022. EPSS score 0.0025 indicates low exploitation probability. Not confirmed exploited in the wild.
CVE-2024-20681,Windows 10 Pro,7.8,0.00254,False,CVE CVE-2024-20681 affects Windows 10 Pro. EPSS score 0.0025 indicates low exploitation probability. Not confirmed exploited in the wild.
CVE-2024-20682,Windows Server 2022,7.8,0.00254,False,CVE CVE-2024-20682 affects Windows Server 2022. EPSS score 0.0025 indicates low exploitation probability. Not confirmed exploited in the wild.
CVE-2024-20682,Windows 10 Pro,7.8,0.00254,False,CVE CVE-2024-20682 affects Windows 10 Pro. EPSS score 0.0025 indicates low exploitation probability. Not confirmed exploited in the wild.
CVE-2024-21354,Windows Server 2022,7.8,0.00254,False,CVE CVE-2024-21354 affects Windows Server 2022. EPSS score 0.0025 indicates low exploitation probability. Not confirmed exploited in the wild.
CVE-2024-21354,Windows 10 Pro,7.8,0.00254,False,CVE CVE-2024-21354 affects Windows 10 Pro. EPSS score 0.0025 indicates low exploitation probability. Not confirmed exploited in the wild.
CVE-2024-30016,Windows Server 2022,5.5,0.00254,False,CVE CVE-2024-30016 affects Windows Server 2022. EPSS score 0.0025 indicates low exploitation probability. Not confirmed exploited in the wild.
CVE-2024-30016,Windows 10 Pro,5.5,0.00254,False,CVE CVE-2024-30016 affects Windows 10 Pro. EPSS score 0.0025 indicates low exploitation probability. Not confirmed exploited in the wild.
CVE-2024-38250,Windows Server 2022,7.8,0.00254,False,CVE CVE-2024-38250 affects Windows Server 2022. EPSS score 0.0025 indicates low exploitation probability. Not confirmed exploited in the wild.
CVE-2024-38250,Windows 10 Pro,7.8,0.00254,False,CVE CVE-2024-38250 affects Windows 10 Pro. EPSS score 0.0025 indicates low exploitation probability. Not confirmed exploited in the wild.
CVE-2024-7970,Google Chrome,8.8,0.00254,False,CVE CVE-2024-7970 affects Google Chrome. EPSS score 0.0025 indicates low exploitation probability. Not confirmed exploited in the wild.
CVE-2024-49098,Windows Server 2022,4.3,0.00253,False,CVE CVE-2024-49098 affects Windows Server 2022. EPSS score 0.0025 indicates low exploitation probability. Not confirmed exploited in the wild.
CVE-2024-49098,Windows 10 Pro,4.3,0.00253,False,CVE CVE-2024-49098 affects Windows 10 Pro. EPSS score 0.0025 indicates low exploitation probability. Not confirmed exploited in the wild.
CVE-2024-49099,Windows Server 2022,4.3,0.00253,False,CVE CVE-2024-49099 affects Windows Server 2022. EPSS score 0.0025 indicates low exploitation probability. Not confirmed exploited in the wild.
CVE-2024-49099,Windows 10 Pro,4.3,0.00253,False,CVE CVE-2024-49099 affects Windows 10 Pro. EPSS score 0.0025 indicates low exploitation probability. Not confirmed exploited in the wild.
CVE-2024-4948,Google Chrome,6.5,0.00252,False,CVE CVE-2024-4948 affects Google Chrome. EPSS score 0.0025 indicates low exploitation probability. Not confirmed exploited in the wild.
CVE-2024-4949,Google Chrome,6.5,0.00252,False,CVE CVE-2024-4949 affects Google Chrome. EPSS score 0.0025 indicates low exploitation probability. Not confirmed exploited in the wild.
CVE-2025-26675,Windows Server 2022,7.8,0.00252,False,CVE CVE-2025-26675 affects Windows Server 2022. EPSS score 0.0025 indicates low exploitation probability. Not confirmed exploited in the wild.
CVE-2025-26675,Windows 10 Pro,7.8,0.00252,False,CVE CVE-2025-26675 affects Windows 10 Pro. EPSS score 0.0025 indicates low exploitation probability. Not confirmed exploited in the wild.
CVE-2024-20658,Windows Server 2022,7.8,0.00251,False,CVE CVE-2024-20658 affects Windows Server 2022. EPSS score 0.0025 indicates low exploitation probability. Not confirmed exploited in the wild.
CVE-2024-20658,Windows 10 Pro,7.8,0.00251,False,CVE CVE-2024-20658 affects Windows 10 Pro. EPSS score 0.0025 indicates low exploitation probability. Not confirmed exploited in the wild.
CVE-2024-26175,Windows Server 2022,7.8,0.00251,False,CVE CVE-2024-26175 affects Windows Server 2022. EPSS score 0.0025 indicates low exploitation probability. Not confirmed exploited in the wild.
CVE-2024-26175,Windows 10 Pro,7.8,0.00251,False,CVE CVE-2024-26175 affects Windows 10 Pro. EPSS score 0.0025 indicates low exploitation probability. Not confirmed exploited in the wild.
CVE-2024-49119,Windows Server 2022,8.1,0.00251,False,CVE CVE-2024-49119 affects Windows Server 2022. EPSS score 0.0025 indicates low exploitation probability. Not confirmed exploited in the wild.
CVE-2025-0451,Google Chrome,6.3,0.00251,False,CVE CVE-2025-0451 affects Google Chrome. EPSS score 0.0025 indicates low exploitation probability. Not confirmed exploited in the wild.
CVE-2025-3627,Moodle,4.3,0.0025,False,CVE CVE-2025-3627 affects Moodle. EPSS score 0.0025 indicates low exploitation probability. Not confirmed exploited in the wild.
CVE-2025-21242,Windows Server 2022,5.9,0.00249,False,CVE CVE-2025-21242 affects Windows Server 2022. EPSS score 0.0025 indicates low exploitation probability. Not confirmed exploited in the wild.
CVE-2025-21242,Windows 10 Pro,5.9,0.00249,False,CVE CVE-2025-21242 affects Windows 10 Pro. EPSS score 0.0025 indicates low exploitation probability. Not confirmed exploited in the wild.
CVE-2024-29998,Windows Server 2022,6.8,0.00248,False,CVE CVE-2024-29998 affects Windows Server 2022. EPSS score 0.0025 indicates low exploitation probability. Not confirmed exploited in the wild.
CVE-2024-29998,Windows 10 Pro,6.8,0.00248,False,CVE CVE-2024-29998 affects Windows 10 Pro. EPSS score 0.0025 indicates low exploitation probability. Not confirmed exploited in the wild.
CVE-2024-30002,Windows Server 2022,6.8,0.00248,False,CVE CVE-2024-30002 affects Windows Server 2022. EPSS score 0.0025 indicates low exploitation probability. Not confirmed exploited in the wild.
CVE-2024-30002,Windows 10 Pro,6.8,0.00248,False,CVE CVE-2024-30002 affects Windows 10 Pro. EPSS score 0.0025 indicates low exploitation probability. Not confirmed exploited in the wild.
CVE-2024-38069,Windows Server 2022,7.0,0.00248,False,CVE CVE-2024-38069 affects Windows Server 2022. EPSS score 0.0025 indicates low exploitation probability. Not confirmed exploited in the wild.
CVE-2024-38069,Windows 10 Pro,7.0,0.00248,False,CVE CVE-2024-38069 affects Windows 10 Pro. EPSS score 0.0025 indicates low exploitation probability. Not confirmed exploited in the wild.
CVE-2024-49108,Windows Server 2022,8.1,0.00248,False,CVE CVE-2024-49108 affects Windows Server 2022. EPSS score 0.0025 indicates low exploitation probability. Not confirmed exploited in the wild.
CVE-2024-5838,Google Chrome,8.8,0.00248,False,CVE CVE-2024-5838 affects Google Chrome. EPSS score 0.0025 indicates low exploitation probability. Not confirmed exploited in the wild.
CVE-2024-26172,Windows Server 2022,5.5,0.00247,False,CVE CVE-2024-26172 affects Windows Server 2022. EPSS score 0.0025 indicates low exploitation probability. Not confirmed exploited in the wild.
CVE-2024-26172,Windows 10 Pro,5.5,0.00247,False,CVE CVE-2024-26172 affects Windows 10 Pro. EPSS score 0.0025 indicates low exploitation probability. Not confirmed exploited in the wild.
CVE-2024-26250,Windows Server 2022,6.7,0.00247,False,CVE CVE-2024-26250 affects Windows Server 2022. EPSS score 0.0025 indicates low exploitation probability. Not confirmed exploited in the wild.
CVE-2024-26250,Windows 10 Pro,6.7,0.00247,False,CVE CVE-2024-26250 affects Windows 10 Pro. EPSS score 0.0025 indicates low exploitation probability. Not confirmed exploited in the wild.
CVE-2024-37983,Windows Server 2022,6.7,0.00247,False,CVE CVE-2024-37983 affects Windows Server 2022. EPSS score 0.0025 indicates low exploitation probability. Not confirmed exploited in the wild.
CVE-2024-37983,Windows 10 Pro,6.7,0.00247,False,CVE CVE-2024-37983 affects Windows 10 Pro. EPSS score 0.0025 indicates low exploitation probability. Not confirmed exploited in the wild.
CVE-2025-53730,Microsoft 365 Apps for Business,7.8,0.00247,False,CVE CVE-2025-53730 affects Microsoft 365 Apps for Business. EPSS score 0.0025 indicates low exploitation probability. Not confirmed exploited in the wild.
CVE-2025-53734,Microsoft 365 Apps for Business,7.8,0.00247,False,CVE CVE-2025-53734 affects Microsoft 365 Apps for Business. EPSS score 0.0025 indicates low exploitation probability. Not confirmed exploited in the wild.
CVE-2024-39884,Apache HTTP Server,6.2,0.00246,False,CVE CVE-2024-39884 affects Apache HTTP Server. EPSS score 0.0025 indicates low exploitation probability. Not confirmed exploited in the wild.
CVE-2025-26635,Windows Server 2022,6.5,0.00246,False,CVE CVE-2025-26635 affects Windows Server 2022. EPSS score 0.0025 indicates low exploitation probability. Not confirmed exploited in the wild.
CVE-2025-26635,Windows 10 Pro,6.5,0.00246,False,CVE CVE-2025-26635 affects Windows 10 Pro. EPSS score 0.0025 indicates low exploitation probability. Not confirmed exploited in the wild.
CVE-2024-49046,Windows Server 2022,7.8,0.00245,False,CVE CVE-2024-49046 affects Windows Server 2022. EPSS score 0.0024 indicates low exploitation probability. Not confirmed exploited in the wild.
CVE-2024-49046,Windows 10 Pro,7.8,0.00245,False,CVE CVE-2024-49046 affects Windows 10 Pro. EPSS score 0.0024 indicates low exploitation probability. Not confirmed exploited in the wild.
CVE-2025-3620,Google Chrome,8.8,0.00245,False,CVE CVE-2025-3620 affects Google Chrome. EPSS score 0.0024 indicates low exploitation probability. Not confirmed exploited in the wild.
CVE-2026-20962,Windows Server 2022,4.4,0.00244,False,CVE CVE-2026-20962 affects Windows Server 2022. EPSS score 0.0024 indicates low exploitation probability. Not confirmed exploited in the wild.
CVE-2026-20962,Windows 10 Pro,4.4,0.00244,False,CVE CVE-2026-20962 affects Windows 10 Pro. EPSS score 0.0024 indicates low exploitation probability. Not confirmed exploited in the wild.
CVE-2024-49069,Microsoft 365 Apps for Business,7.8,0.00243,False,CVE CVE-2024-49069 affects Microsoft 365 Apps for Business. EPSS score 0.0024 indicates low exploitation probability. Not confirmed exploited in the wild.
CVE-2024-49106,Windows Server 2022,8.1,0.00243,False,CVE CVE-2024-49106 affects Windows Server 2022. EPSS score 0.0024 indicates low exploitation probability. Not confirmed exploited in the wild.
CVE-2024-7550,Google Chrome,8.8,0.00243,False,CVE CVE-2024-7550 affects Google Chrome. EPSS score 0.0024 indicates low exploitation probability. Not confirmed exploited in the wild.
CVE-2024-7975,Google Chrome,4.3,0.00243,False,CVE CVE-2024-7975 affects Google Chrome. EPSS score 0.0024 indicates low exploitation probability. Not confirmed exploited in the wild.
CVE-2025-24061,Windows Server 2022,7.8,0.00243,False,CVE CVE-2025-24061 affects Windows Server 2022. EPSS score 0.0024 indicates low exploitation probability. Not confirmed exploited in the wild.
CVE-2025-24061,Windows 10 Pro,7.8,0.00243,False,CVE CVE-2025-24061 affects Windows 10 Pro. EPSS score 0.0024 indicates low exploitation probability. Not confirmed exploited in the wild.
CVE-2024-34098,Adobe Acrobat Reader DC,7.8,0.00242,False,CVE CVE-2024-34098 affects Adobe Acrobat Reader DC. EPSS score 0.0024 indicates low exploitation probability. Not confirmed exploited in the wild.
CVE-2025-21211,Windows Server 2022,6.8,0.00242,False,CVE CVE-2025-21211 affects Windows Server 2022. EPSS score 0.0024 indicates low exploitation probability. Not confirmed exploited in the wild.
CVE-2025-21211,Windows 10 Pro,6.8,0.00242,False,CVE CVE-2025-21211 affects Windows 10 Pro. EPSS score 0.0024 indicates low exploitation probability. Not confirmed exploited in the wild.
CVE-2025-21364,Microsoft 365 Apps for Business,7.8,0.00242,False,CVE CVE-2025-21364 affects Microsoft 365 Apps for Business. EPSS score 0.0024 indicates low exploitation probability. Not confirmed exploited in the wild.
CVE-2024-25983,Moodle,3.5,0.00241,False,CVE CVE-2024-25983 affects Moodle. EPSS score 0.0024 indicates low exploitation probability. Not confirmed exploited in the wild.
CVE-2025-21316,Windows Server 2022,5.5,0.0024,False,CVE CVE-2025-21316 affects Windows Server 2022. EPSS score 0.0024 indicates low exploitation probability. Not confirmed exploited in the wild.
CVE-2025-21316,Windows 10 Pro,5.5,0.0024,False,CVE CVE-2025-21316 affects Windows 10 Pro. EPSS score 0.0024 indicates low exploitation probability. Not confirmed exploited in the wild.
CVE-2024-43508,Windows Server 2022,5.5,0.00239,False,CVE CVE-2024-43508 affects Windows Server 2022. EPSS score 0.0024 indicates low exploitation probability. Not confirmed exploited in the wild.
CVE-2025-24045,Windows Server 2022,8.1,0.00237,False,CVE CVE-2025-24045 affects Windows Server 2022. EPSS score 0.0024 indicates low exploitation probability. Not confirmed exploited in the wild.
CVE-2024-7976,Google Chrome,4.3,0.00236,False,CVE CVE-2024-7976 affects Google Chrome. EPSS score 0.0024 indicates low exploitation probability. Not confirmed exploited in the wild.
CVE-2024-21429,Windows Server 2022,6.8,0.00233,False,CVE CVE-2024-21429 affects Windows Server 2022. EPSS score 0.0023 indicates low exploitation probability. Not confirmed exploited in the wild.
CVE-2024-21429,Windows 10 Pro,6.8,0.00233,False,CVE CVE-2024-21429 affects Windows 10 Pro. EPSS score 0.0023 indicates low exploitation probability. Not confirmed exploited in the wild.
CVE-2024-28923,Windows Server 2022,6.4,0.00233,False,CVE CVE-2024-28923 affects Windows Server 2022. EPSS score 0.0023 indicates low exploitation probability. Not confirmed exploited in the wild.
CVE-2024-28923,Windows 10 Pro,6.4,0.00233,False,CVE CVE-2024-28923 affects Windows 10 Pro. EPSS score 0.0023 indicates low exploitation probability. Not confirmed exploited in the wild.
CVE-2025-49678,Windows Server 2022,7.0,0.00233,False,CVE CVE-2025-49678 affects Windows Server 2022. EPSS score 0.0023 indicates low exploitation probability. Not confirmed exploited in the wild.
CVE-2025-49678,Windows 10 Pro,7.0,0.00233,False,CVE CVE-2025-49678 affects Windows 10 Pro. EPSS score 0.0023 indicates low exploitation probability. Not confirmed exploited in the wild.
CVE-2024-30082,Windows Server 2022,7.8,0.00232,False,CVE CVE-2024-30082 affects Windows Server 2022. EPSS score 0.0023 indicates low exploitation probability. Not confirmed exploited in the wild.
CVE-2024-30082,Windows 10 Pro,7.8,0.00232,False,CVE CVE-2024-30082 affects Windows 10 Pro. EPSS score 0.0023 indicates low exploitation probability. Not confirmed exploited in the wild.
CVE-2025-21374,Windows Server 2022,5.5,0.00232,False,CVE CVE-2025-21374 affects Windows Server 2022. EPSS score 0.0023 indicates low exploitation probability. Not confirmed exploited in the wild.
CVE-2025-21374,Windows 10 Pro,5.5,0.00232,False,CVE CVE-2025-21374 affects Windows 10 Pro. EPSS score 0.0023 indicates low exploitation probability. Not confirmed exploited in the wild.
CVE-2025-3643,Moodle,5.4,0.00232,False,CVE CVE-2025-3643 affects Moodle. EPSS score 0.0023 indicates low exploitation probability. Not confirmed exploited in the wild.
CVE-2024-0727,OpenSSL,5.5,0.00231,False,CVE CVE-2024-0727 affects OpenSSL. EPSS score 0.0023 indicates low exploitation probability. Not confirmed exploited in the wild.
CVE-2024-20699,Windows Server 2022,5.5,0.00231,False,CVE CVE-2024-20699 affects Windows Server 2022. EPSS score 0.0023 indicates low exploitation probability. Not confirmed exploited in the wild.
CVE-2024-20699,Windows 10 Pro,5.5,0.00231,False,CVE CVE-2024-20699 affects Windows 10 Pro. EPSS score 0.0023 indicates low exploitation probability. Not confirmed exploited in the wild.
CVE-2024-43644,Windows Server 2022,7.8,0.00231,False,CVE CVE-2024-43644 affects Windows Server 2022. EPSS score 0.0023 indicates low exploitation probability. Not confirmed exploited in the wild.
CVE-2024-43644,Windows 10 Pro,7.8,0.00231,False,CVE CVE-2024-43644 affects Windows 10 Pro. EPSS score 0.0023 indicates low exploitation probability. Not confirmed exploited in the wild.
CVE-2025-20195,Cisco IOS XE,4.3,0.00231,False,CVE CVE-2025-20195 affects Cisco IOS XE. EPSS score 0.0023 indicates low exploitation probability. Not confirmed exploited in the wild.
CVE-2025-21210,Windows Server 2022,4.2,0.00231,False,CVE CVE-2025-21210 affects Windows Server 2022. EPSS score 0.0023 indicates low exploitation probability. Not confirmed exploited in the wild.
CVE-2025-21210,Windows 10 Pro,4.2,0.00231,False,CVE CVE-2025-21210 affects Windows 10 Pro. EPSS score 0.0023 indicates low exploitation probability. Not confirmed exploited in the wild.
CVE-2024-26168,Windows Server 2022,6.8,0.0023,False,CVE CVE-2024-26168 affects Windows Server 2022. EPSS score 0.0023 indicates low exploitation probability. Not confirmed exploited in the wild.
CVE-2024-26168,Windows 10 Pro,6.8,0.0023,False,CVE CVE-2024-26168 affects Windows 10 Pro. EPSS score 0.0023 indicates low exploitation probability. Not confirmed exploited in the wild.
CVE-2024-26252,Windows Server 2022,6.8,0.0023,False,CVE CVE-2024-26252 affects Windows Server 2022. EPSS score 0.0023 indicates low exploitation probability. Not confirmed exploited in the wild.
CVE-2024-26252,Windows 10 Pro,6.8,0.0023,False,CVE CVE-2024-26252 affects Windows 10 Pro. EPSS score 0.0023 indicates low exploitation probability. Not confirmed exploited in the wild.
CVE-2025-21371,Windows Server 2022,8.8,0.0023,False,CVE CVE-2025-21371 affects Windows Server 2022. EPSS score 0.0023 indicates low exploitation probability. Not confirmed exploited in the wild.
CVE-2025-21371,Windows 10 Pro,8.8,0.0023,False,CVE CVE-2025-21371 affects Windows 10 Pro. EPSS score 0.0023 indicates low exploitation probability. Not confirmed exploited in the wild.
CVE-2025-21419,Windows Server 2022,7.1,0.0023,False,CVE CVE-2025-21419 affects Windows Server 2022. EPSS score 0.0023 indicates low exploitation probability. Not confirmed exploited in the wild.
CVE-2025-21419,Windows 10 Pro,7.1,0.0023,False,CVE CVE-2025-21419 affects Windows 10 Pro. EPSS score 0.0023 indicates low exploitation probability. Not confirmed exploited in the wild.
CVE-2025-27735,Windows Server 2022,6.0,0.0023,False,CVE CVE-2025-27735 affects Windows Server 2022. EPSS score 0.0023 indicates low exploitation probability. Not confirmed exploited in the wild.
CVE-2025-27735,Windows 10 Pro,6.0,0.0023,False,CVE CVE-2025-27735 affects Windows 10 Pro. EPSS score 0.0023 indicates low exploitation probability. Not confirmed exploited in the wild.
CVE-2024-48897,Moodle,4.3,0.00229,False,CVE CVE-2024-48897 affects Moodle. EPSS score 0.0023 indicates low exploitation probability. Not confirmed exploited in the wild.
CVE-2024-48898,Moodle,4.3,0.00229,False,CVE CVE-2024-48898 affects Moodle. EPSS score 0.0023 indicates low exploitation probability. Not confirmed exploited in the wild.
CVE-2024-48901,Moodle,4.3,0.00229,False,CVE CVE-2024-48901 affects Moodle. EPSS score 0.0023 indicates low exploitation probability. Not confirmed exploited in the wild.
CVE-2024-5833,Google Chrome,8.8,0.00229,False,CVE CVE-2024-5833 affects Google Chrome. EPSS score 0.0023 indicates low exploitation probability. Not confirmed exploited in the wild.
CVE-2026-22796,OpenSSL,5.3,0.00229,False,CVE CVE-2026-22796 affects OpenSSL. EPSS score 0.0023 indicates low exploitation probability. Not confirmed exploited in the wild.
CVE-2025-26649,Windows Server 2022,7.0,0.00228,False,CVE CVE-2025-26649 affects Windows Server 2022. EPSS score 0.0023 indicates low exploitation probability. Not confirmed exploited in the wild.
CVE-2025-6557,Google Chrome,5.4,0.00228,False,CVE CVE-2025-6557 affects Google Chrome. EPSS score 0.0023 indicates low exploitation probability. Not confirmed exploited in the wild.
CVE-2025-24059,Windows Server 2022,7.8,0.00227,False,CVE CVE-2025-24059 affects Windows Server 2022. EPSS score 0.0023 indicates low exploitation probability. Not confirmed exploited in the wild.
CVE-2025-24059,Windows 10 Pro,7.8,0.00227,False,CVE CVE-2025-24059 affects Windows 10 Pro. EPSS score 0.0023 indicates low exploitation probability. Not confirmed exploited in the wild.
CVE-2024-38142,Windows Server 2022,7.8,0.00226,False,CVE CVE-2024-38142 affects Windows Server 2022. EPSS score 0.0023 indicates low exploitation probability. Not confirmed exploited in the wild.
CVE-2024-38142,Windows 10 Pro,7.8,0.00226,False,CVE CVE-2024-38142 affects Windows 10 Pro. EPSS score 0.0023 indicates low exploitation probability. Not confirmed exploited in the wild.
CVE-2024-9120,Google Chrome,8.8,0.00226,False,CVE CVE-2024-9120 affects Google Chrome. EPSS score 0.0023 indicates low exploitation probability. Not confirmed exploited in the wild.
CVE-2024-10230,Google Chrome,8.8,0.00225,False,CVE CVE-2024-10230 affects Google Chrome. EPSS score 0.0022 indicates low exploitation probability. Not confirmed exploited in the wild.
CVE-2024-38186,Windows Server 2022,7.8,0.00225,False,CVE CVE-2024-38186 affects Windows Server 2022. EPSS score 0.0022 indicates low exploitation probability. Not confirmed exploited in the wild.
CVE-2024-38186,Windows 10 Pro,7.8,0.00225,False,CVE CVE-2024-38186 affects Windows 10 Pro. EPSS score 0.0022 indicates low exploitation probability. Not confirmed exploited in the wild.
CVE-2024-49530,Adobe Acrobat Reader DC,7.8,0.00225,False,CVE CVE-2024-49530 affects Adobe Acrobat Reader DC. EPSS score 0.0022 indicates low exploitation probability. Not confirmed exploited in the wild.
CVE-2025-53134,Windows Server 2022,7.0,0.00224,False,CVE CVE-2025-53134 affects Windows Server 2022. EPSS score 0.0022 indicates low exploitation probability. Not confirmed exploited in the wild.
CVE-2025-53134,Windows 10 Pro,7.0,0.00224,False,CVE CVE-2025-53134 affects Windows 10 Pro. EPSS score 0.0022 indicates low exploitation probability. Not confirmed exploited in the wild.
CVE-2024-43449,Windows Server 2022,6.8,0.00223,False,CVE CVE-2024-43449 affects Windows Server 2022. EPSS score 0.0022 indicates low exploitation probability. Not confirmed exploited in the wild.
CVE-2024-43449,Windows 10 Pro,6.8,0.00223,False,CVE CVE-2024-43449 affects Windows 10 Pro. EPSS score 0.0022 indicates low exploitation probability. Not confirmed exploited in the wild.
CVE-2024-43634,Windows Server 2022,6.8,0.00223,False,CVE CVE-2024-43634 affects Windows Server 2022. EPSS score 0.0022 indicates low exploitation probability. Not confirmed exploited in the wild.
CVE-2024-43634,Windows 10 Pro,6.8,0.00223,False,CVE CVE-2024-43634 affects Windows 10 Pro. EPSS score 0.0022 indicates low exploitation probability. Not confirmed exploited in the wild.
CVE-2024-43637,Windows Server 2022,6.8,0.00223,False,CVE CVE-2024-43637 affects Windows Server 2022. EPSS score 0.0022 indicates low exploitation probability. Not confirmed exploited in the wild.
CVE-2024-43637,Windows 10 Pro,6.8,0.00223,False,CVE CVE-2024-43637 affects Windows 10 Pro. EPSS score 0.0022 indicates low exploitation probability. Not confirmed exploited in the wild.
CVE-2024-43638,Windows Server 2022,6.8,0.00223,False,CVE CVE-2024-43638 affects Windows Server 2022. EPSS score 0.0022 indicates low exploitation probability. Not confirmed exploited in the wild.
CVE-2024-43638,Windows 10 Pro,6.8,0.00223,False,CVE CVE-2024-43638 affects Windows 10 Pro. EPSS score 0.0022 indicates low exploitation probability. Not confirmed exploited in the wild.
CVE-2024-43643,Windows Server 2022,6.8,0.00223,False,CVE CVE-2024-43643 affects Windows Server 2022. EPSS score 0.0022 indicates low exploitation probability. Not confirmed exploited in the wild.
CVE-2024-43643,Windows 10 Pro,6.8,0.00223,False,CVE CVE-2024-43643 affects Windows 10 Pro. EPSS score 0.0022 indicates low exploitation probability. Not confirmed exploited in the wild.
CVE-2024-7553,Windows Server 2022,7.3,0.00223,False,CVE CVE-2024-7553 affects Windows Server 2022. EPSS score 0.0022 indicates low exploitation probability. Not confirmed exploited in the wild.
CVE-2024-7553,Windows 10 Pro,7.3,0.00223,False,CVE CVE-2024-7553 affects Windows 10 Pro. EPSS score 0.0022 indicates low exploitation probability. Not confirmed exploited in the wild.
CVE-2024-26199,Microsoft 365 Apps for Business,7.8,0.00222,False,CVE CVE-2024-26199 affects Microsoft 365 Apps for Business. EPSS score 0.0022 indicates low exploitation probability. Not confirmed exploited in the wild.
CVE-2024-3515,Google Chrome,6.5,0.00222,False,CVE CVE-2024-3515 affects Google Chrome. EPSS score 0.0022 indicates low exploitation probability. Not confirmed exploited in the wild.
CVE-2024-38264,Windows Server 2022,5.9,0.00222,False,CVE CVE-2024-38264 affects Windows Server 2022. EPSS score 0.0022 indicates low exploitation probability. Not confirmed exploited in the wild.
CVE-2025-49690,Windows Server 2022,7.4,0.00222,False,CVE CVE-2025-49690 affects Windows Server 2022. EPSS score 0.0022 indicates low exploitation probability. Not confirmed exploited in the wild.
CVE-2025-49690,Windows 10 Pro,7.4,0.00222,False,CVE CVE-2025-49690 affects Windows 10 Pro. EPSS score 0.0022 indicates low exploitation probability. Not confirmed exploited in the wild.
CVE-2025-53800,Windows Server 2022,7.8,0.00222,False,CVE CVE-2025-53800 affects Windows Server 2022. EPSS score 0.0022 indicates low exploitation probability. Not confirmed exploited in the wild.
CVE-2025-53800,Windows 10 Pro,7.8,0.00222,False,CVE CVE-2025-53800 affects Windows 10 Pro. EPSS score 0.0022 indicates low exploitation probability. Not confirmed exploited in the wild.
CVE-2025-54101,Windows Server 2022,4.8,0.00222,False,CVE CVE-2025-54101 affects Windows Server 2022. EPSS score 0.0022 indicates low exploitation probability. Not confirmed exploited in the wild.
CVE-2025-54101,Windows 10 Pro,4.8,0.00222,False,CVE CVE-2025-54101 affects Windows 10 Pro. EPSS score 0.0022 indicates low exploitation probability. Not confirmed exploited in the wild.
CVE-2025-58729,Windows Server 2022,6.5,0.00222,False,CVE CVE-2025-58729 affects Windows Server 2022. EPSS score 0.0022 indicates low exploitation probability. Not confirmed exploited in the wild.
CVE-2025-58729,Windows 10 Pro,6.5,0.00222,False,CVE CVE-2025-58729 affects Windows 10 Pro. EPSS score 0.0022 indicates low exploitation probability. Not confirmed exploited in the wild.
CVE-2025-59257,Windows Server 2022,6.5,0.00222,False,CVE CVE-2025-59257 affects Windows Server 2022. EPSS score 0.0022 indicates low exploitation probability. Not confirmed exploited in the wild.
CVE-2025-59259,Windows Server 2022,6.5,0.00222,False,CVE CVE-2025-59259 affects Windows Server 2022. EPSS score 0.0022 indicates low exploitation probability. Not confirmed exploited in the wild.
CVE-2025-59259,Windows 10 Pro,6.5,0.00222,False,CVE CVE-2025-59259 affects Windows 10 Pro. EPSS score 0.0022 indicates low exploitation probability. Not confirmed exploited in the wild.
CVE-2025-7656,Google Chrome,8.8,0.00222,False,CVE CVE-2025-7656 affects Google Chrome. EPSS score 0.0022 indicates low exploitation probability. Not confirmed exploited in the wild.
CVE-2025-24057,Microsoft 365 Apps for Business,7.8,0.00221,False,CVE CVE-2025-24057 affects Microsoft 365 Apps for Business. EPSS score 0.0022 indicates low exploitation probability. Not confirmed exploited in the wild.
CVE-2025-26640,Windows Server 2022,7.0,0.00221,False,CVE CVE-2025-26640 affects Windows Server 2022. EPSS score 0.0022 indicates low exploitation probability. Not confirmed exploited in the wild.
CVE-2025-26640,Windows 10 Pro,7.0,0.00221,False,CVE CVE-2025-26640 affects Windows 10 Pro. EPSS score 0.0022 indicates low exploitation probability. Not confirmed exploited in the wild.
CVE-2025-47975,Windows Server 2022,7.0,0.00221,False,CVE CVE-2025-47975 affects Windows Server 2022. EPSS score 0.0022 indicates low exploitation probability. Not confirmed exploited in the wild.
CVE-2025-47975,Windows 10 Pro,7.0,0.00221,False,CVE CVE-2025-47975 affects Windows 10 Pro. EPSS score 0.0022 indicates low exploitation probability. Not confirmed exploited in the wild.
CVE-2025-47991,Windows Server 2022,7.8,0.00221,False,CVE CVE-2025-47991 affects Windows Server 2022. EPSS score 0.0022 indicates low exploitation probability. Not confirmed exploited in the wild.
CVE-2025-47991,Windows 10 Pro,7.8,0.00221,False,CVE CVE-2025-47991 affects Windows 10 Pro. EPSS score 0.0022 indicates low exploitation probability. Not confirmed exploited in the wild.
CVE-2025-49685,Windows Server 2022,7.0,0.00221,False,CVE CVE-2025-49685 affects Windows Server 2022. EPSS score 0.0022 indicates low exploitation probability. Not confirmed exploited in the wild.
CVE-2025-49685,Windows 10 Pro,7.0,0.00221,False,CVE CVE-2025-49685 affects Windows 10 Pro. EPSS score 0.0022 indicates low exploitation probability. Not confirmed exploited in the wild.
CVE-2025-49727,Windows Server 2022,7.0,0.00221,False,CVE CVE-2025-49727 affects Windows Server 2022. EPSS score 0.0022 indicates low exploitation probability. Not confirmed exploited in the wild.
CVE-2025-49727,Windows 10 Pro,7.0,0.00221,False,CVE CVE-2025-49727 affects Windows 10 Pro. EPSS score 0.0022 indicates low exploitation probability. Not confirmed exploited in the wild.
CVE-2025-6192,Google Chrome,8.8,0.00221,False,CVE CVE-2025-6192 affects Google Chrome. EPSS score 0.0022 indicates low exploitation probability. Not confirmed exploited in the wild.
CVE-2025-20214,Cisco IOS XE,4.3,0.0022,False,CVE CVE-2025-20214 affects Cisco IOS XE. EPSS score 0.0022 indicates low exploitation probability. Not confirmed exploited in the wild.
CVE-2025-8882,Google Chrome,8.8,0.0022,False,CVE CVE-2025-8882 affects Google Chrome. EPSS score 0.0022 indicates low exploitation probability. Not confirmed exploited in the wild.
CVE-2024-24695,Zoom,6.8,0.00219,False,CVE CVE-2024-24695 affects Zoom. EPSS score 0.0022 indicates low exploitation probability. Not confirmed exploited in the wild.
CVE-2024-24696,Zoom,6.8,0.00219,False,CVE CVE-2024-24696 affects Zoom. EPSS score 0.0022 indicates low exploitation probability. Not confirmed exploited in the wild.
CVE-2025-2137,Google Chrome,8.8,0.00219,False,CVE CVE-2025-2137 affects Google Chrome. EPSS score 0.0022 indicates low exploitation probability. Not confirmed exploited in the wild.
CVE-2024-10231,Google Chrome,8.8,0.00218,False,CVE CVE-2024-10231 affects Google Chrome. EPSS score 0.0022 indicates low exploitation probability. Not confirmed exploited in the wild.
CVE-2024-4060,Google Chrome,6.5,0.00218,False,CVE CVE-2024-4060 affects Google Chrome. EPSS score 0.0022 indicates low exploitation probability. Not confirmed exploited in the wild.
CVE-2024-45425,Zoom,4.9,0.00218,False,CVE CVE-2024-45425 affects Zoom. EPSS score 0.0022 indicates low exploitation probability. Not confirmed exploited in the wild.
CVE-2024-45426,Zoom,4.9,0.00218,False,CVE CVE-2024-45426 affects Zoom. EPSS score 0.0022 indicates low exploitation probability. Not confirmed exploited in the wild.
CVE-2024-9123,Google Chrome,8.8,0.00217,False,CVE CVE-2024-9123 affects Google Chrome. EPSS score 0.0022 indicates low exploitation probability. Not confirmed exploited in the wild.
CVE-2025-21287,Windows Server 2022,7.8,0.00217,False,CVE CVE-2025-21287 affects Windows Server 2022. EPSS score 0.0022 indicates low exploitation probability. Not confirmed exploited in the wild.
CVE-2025-21287,Windows 10 Pro,7.8,0.00217,False,CVE CVE-2025-21287 affects Windows 10 Pro. EPSS score 0.0022 indicates low exploitation probability. Not confirmed exploited in the wild.
CVE-2024-24699,Zoom,6.5,0.00216,False,CVE CVE-2024-24699 affects Zoom. EPSS score 0.0022 indicates low exploitation probability. Not confirmed exploited in the wild.
CVE-2025-9478,Google Chrome,8.8,0.00216,False,CVE CVE-2025-9478 affects Google Chrome. EPSS score 0.0022 indicates low exploitation probability. Not confirmed exploited in the wild.
CVE-2024-43570,Windows Server 2022,6.4,0.00215,False,CVE CVE-2024-43570 affects Windows Server 2022. EPSS score 0.0022 indicates low exploitation probability. Not confirmed exploited in the wild.
CVE-2024-43570,Windows 10 Pro,6.4,0.00215,False,CVE CVE-2024-43570 affects Windows 10 Pro. EPSS score 0.0022 indicates low exploitation probability. Not confirmed exploited in the wild.
CVE-2024-43585,Windows Server 2022,5.5,0.00215,False,CVE CVE-2024-43585 affects Windows Server 2022. EPSS score 0.0022 indicates low exploitation probability. Not confirmed exploited in the wild.
CVE-2024-43585,Windows 10 Pro,5.5,0.00215,False,CVE CVE-2024-43585 affects Windows 10 Pro. EPSS score 0.0022 indicates low exploitation probability. Not confirmed exploited in the wild.
CVE-2024-43626,Windows Server 2022,7.8,0.00215,False,CVE CVE-2024-43626 affects Windows Server 2022. EPSS score 0.0022 indicates low exploitation probability. Not confirmed exploited in the wild.
CVE-2024-43626,Windows 10 Pro,7.8,0.00215,False,CVE CVE-2024-43626 affects Windows 10 Pro. EPSS score 0.0022 indicates low exploitation probability. Not confirmed exploited in the wild.
CVE-2025-27471,Windows Server 2022,5.9,0.00214,False,CVE CVE-2025-27471 affects Windows Server 2022. EPSS score 0.0021 indicates low exploitation probability. Not confirmed exploited in the wild.
CVE-2025-27471,Windows 10 Pro,5.9,0.00214,False,CVE CVE-2025-27471 affects Windows 10 Pro. EPSS score 0.0021 indicates low exploitation probability. Not confirmed exploited in the wild.
CVE-2025-54918,Windows Server 2022,8.8,0.00214,False,CVE CVE-2025-54918 affects Windows Server 2022. EPSS score 0.0021 indicates low exploitation probability. Not confirmed exploited in the wild.
CVE-2025-54918,Windows 10 Pro,8.8,0.00214,False,CVE CVE-2025-54918 affects Windows 10 Pro. EPSS score 0.0021 indicates low exploitation probability. Not confirmed exploited in the wild.
CVE-2025-5281,Google Chrome,5.4,0.00213,False,CVE CVE-2025-5281 affects Google Chrome. EPSS score 0.0021 indicates low exploitation probability. Not confirmed exploited in the wild.
CVE-2024-7532,Google Chrome,8.8,0.00212,False,CVE CVE-2024-7532 affects Google Chrome. EPSS score 0.0021 indicates low exploitation probability. Not confirmed exploited in the wild.
CVE-2025-21268,Windows Server 2022,4.3,0.00212,False,CVE CVE-2025-21268 affects Windows Server 2022. EPSS score 0.0021 indicates low exploitation probability. Not confirmed exploited in the wild.
CVE-2025-21268,Windows 10 Pro,4.3,0.00212,False,CVE CVE-2025-21268 affects Windows 10 Pro. EPSS score 0.0021 indicates low exploitation probability. Not confirmed exploited in the wild.
CVE-2025-24995,Windows Server 2022,7.8,0.00212,False,CVE CVE-2025-24995 affects Windows Server 2022. EPSS score 0.0021 indicates low exploitation probability. Not confirmed exploited in the wild.
CVE-2025-24995,Windows 10 Pro,7.8,0.00212,False,CVE CVE-2025-24995 affects Windows 10 Pro. EPSS score 0.0021 indicates low exploitation probability. Not confirmed exploited in the wild.
CVE-2025-26525,Moodle,8.6,0.00212,False,CVE CVE-2025-26525 affects Moodle. EPSS score 0.0021 indicates low exploitation probability. Not confirmed exploited in the wild.
CVE-2025-21214,Windows Server 2022,4.2,0.0021,False,CVE CVE-2025-21214 affects Windows Server 2022. EPSS score 0.0021 indicates low exploitation probability. Not confirmed exploited in the wild.
CVE-2025-21214,Windows 10 Pro,4.2,0.0021,False,CVE CVE-2025-21214 affects Windows 10 Pro. EPSS score 0.0021 indicates low exploitation probability. Not confirmed exploited in the wild.
CVE-2025-21249,Windows Server 2022,6.6,0.0021,False,CVE CVE-2025-21249 affects Windows Server 2022. EPSS score 0.0021 indicates low exploitation probability. Not confirmed exploited in the wild.
CVE-2025-21249,Windows 10 Pro,6.6,0.0021,False,CVE CVE-2025-21249 affects Windows 10 Pro. EPSS score 0.0021 indicates low exploitation probability. Not confirmed exploited in the wild.
CVE-2025-21255,Windows Server 2022,6.6,0.0021,False,CVE CVE-2025-21255 affects Windows Server 2022. EPSS score 0.0021 indicates low exploitation probability. Not confirmed exploited in the wild.
CVE-2025-21255,Windows 10 Pro,6.6,0.0021,False,CVE CVE-2025-21255 affects Windows 10 Pro. EPSS score 0.0021 indicates low exploitation probability. Not confirmed exploited in the wild.
CVE-2025-21258,Windows Server 2022,6.6,0.0021,False,CVE CVE-2025-21258 affects Windows Server 2022. EPSS score 0.0021 indicates low exploitation probability. Not confirmed exploited in the wild.
CVE-2025-21258,Windows 10 Pro,6.6,0.0021,False,CVE CVE-2025-21258 affects Windows 10 Pro. EPSS score 0.0021 indicates low exploitation probability. Not confirmed exploited in the wild.
CVE-2025-21260,Windows Server 2022,6.6,0.0021,False,CVE CVE-2025-21260 affects Windows Server 2022. EPSS score 0.0021 indicates low exploitation probability. Not confirmed exploited in the wild.
CVE-2025-21260,Windows 10 Pro,6.6,0.0021,False,CVE CVE-2025-21260 affects Windows 10 Pro. EPSS score 0.0021 indicates low exploitation probability. Not confirmed exploited in the wild.
CVE-2025-3636,Moodle,4.3,0.0021,False,CVE CVE-2025-3636 affects Moodle. EPSS score 0.0021 indicates low exploitation probability. Not confirmed exploited in the wild.
CVE-2025-24079,Microsoft 365 Apps for Business,7.8,0.00209,False,CVE CVE-2025-24079 affects Microsoft 365 Apps for Business. EPSS score 0.0021 indicates low exploitation probability. Not confirmed exploited in the wild.
CVE-2025-24080,Microsoft 365 Apps for Business,7.8,0.00209,False,CVE CVE-2025-24080 affects Microsoft 365 Apps for Business. EPSS score 0.0021 indicates low exploitation probability. Not confirmed exploited in the wild.
CVE-2025-24081,Microsoft 365 Apps for Business,7.8,0.00209,False,CVE CVE-2025-24081 affects Microsoft 365 Apps for Business. EPSS score 0.0021 indicates low exploitation probability. Not confirmed exploited in the wild.
CVE-2025-24082,Microsoft 365 Apps for Business,7.8,0.00209,False,CVE CVE-2025-24082 affects Microsoft 365 Apps for Business. EPSS score 0.0021 indicates low exploitation probability. Not confirmed exploited in the wild.
CVE-2025-24083,Microsoft 365 Apps for Business,7.8,0.00209,False,CVE CVE-2025-24083 affects Microsoft 365 Apps for Business. EPSS score 0.0021 indicates low exploitation probability. Not confirmed exploited in the wild.
CVE-2026-20868,Windows Server 2022,8.8,0.00209,False,CVE CVE-2026-20868 affects Windows Server 2022. EPSS score 0.0021 indicates low exploitation probability. Not confirmed exploited in the wild.
CVE-2026-20868,Windows 10 Pro,8.8,0.00209,False,CVE CVE-2026-20868 affects Windows 10 Pro. EPSS score 0.0021 indicates low exploitation probability. Not confirmed exploited in the wild.
CVE-2024-43511,Windows Server 2022,7.0,0.00208,False,CVE CVE-2024-43511 affects Windows Server 2022. EPSS score 0.0021 indicates low exploitation probability. Not confirmed exploited in the wild.
CVE-2024-43511,Windows 10 Pro,7.0,0.00208,False,CVE CVE-2024-43511 affects Windows 10 Pro. EPSS score 0.0021 indicates low exploitation probability. Not confirmed exploited in the wild.
CVE-2025-21263,Windows Server 2022,6.6,0.00208,False,CVE CVE-2025-21263 affects Windows Server 2022. EPSS score 0.0021 indicates low exploitation probability. Not confirmed exploited in the wild.
CVE-2025-21263,Windows 10 Pro,6.6,0.00208,False,CVE CVE-2025-21263 affects Windows 10 Pro. EPSS score 0.0021 indicates low exploitation probability. Not confirmed exploited in the wild.
CVE-2025-21265,Windows Server 2022,6.6,0.00208,False,CVE CVE-2025-21265 affects Windows Server 2022. EPSS score 0.0021 indicates low exploitation probability. Not confirmed exploited in the wild.
CVE-2025-21265,Windows 10 Pro,6.6,0.00208,False,CVE CVE-2025-21265 affects Windows 10 Pro. EPSS score 0.0021 indicates low exploitation probability. Not confirmed exploited in the wild.
CVE-2025-21327,Windows Server 2022,6.6,0.00208,False,CVE CVE-2025-21327 affects Windows Server 2022. EPSS score 0.0021 indicates low exploitation probability. Not confirmed exploited in the wild.
CVE-2025-21327,Windows 10 Pro,6.6,0.00208,False,CVE CVE-2025-21327 affects Windows 10 Pro. EPSS score 0.0021 indicates low exploitation probability. Not confirmed exploited in the wild.
CVE-2025-21341,Windows Server 2022,6.6,0.00208,False,CVE CVE-2025-21341 affects Windows Server 2022. EPSS score 0.0021 indicates low exploitation probability. Not confirmed exploited in the wild.
CVE-2025-21341,Windows 10 Pro,6.6,0.00208,False,CVE CVE-2025-21341 affects Windows 10 Pro. EPSS score 0.0021 indicates low exploitation probability. Not confirmed exploited in the wild.
CVE-2025-27736,Windows Server 2022,5.5,0.00208,False,CVE CVE-2025-27736 affects Windows Server 2022. EPSS score 0.0021 indicates low exploitation probability. Not confirmed exploited in the wild.
CVE-2025-27736,Windows 10 Pro,5.5,0.00208,False,CVE CVE-2025-27736 affects Windows 10 Pro. EPSS score 0.0021 indicates low exploitation probability. Not confirmed exploited in the wild.
CVE-2024-8904,Google Chrome,8.8,0.00204,False,CVE CVE-2024-8904 affects Google Chrome. EPSS score 0.0020 indicates low exploitation probability. Not confirmed exploited in the wild.
CVE-2024-8905,Google Chrome,8.8,0.00204,False,CVE CVE-2024-8905 affects Google Chrome. EPSS score 0.0020 indicates low exploitation probability. Not confirmed exploited in the wild.
CVE-2025-24055,Windows Server 2022,4.3,0.00204,False,CVE CVE-2025-24055 affects Windows Server 2022. EPSS score 0.0020 indicates low exploitation probability. Not confirmed exploited in the wild.
CVE-2025-24055,Windows 10 Pro,4.3,0.00204,False,CVE CVE-2025-24055 affects Windows 10 Pro. EPSS score 0.0020 indicates low exploitation probability. Not confirmed exploited in the wild.
CVE-2024-38048,Windows Server 2022,6.5,0.00203,False,CVE CVE-2024-38048 affects Windows Server 2022. EPSS score 0.0020 indicates low exploitation probability. Not confirmed exploited in the wild.
CVE-2024-38048,Windows 10 Pro,6.5,0.00203,False,CVE CVE-2024-38048 affects Windows 10 Pro. EPSS score 0.0020 indicates low exploitation probability. Not confirmed exploited in the wild.
CVE-2024-45420,Zoom,4.3,0.00203,False,CVE CVE-2024-45420 affects Zoom. EPSS score 0.0020 indicates low exploitation probability. Not confirmed exploited in the wild.
CVE-2024-7022,Google Chrome,4.3,0.00202,False,CVE CVE-2024-7022 affects Google Chrome. EPSS score 0.0020 indicates low exploitation probability. Not confirmed exploited in the wild.
CVE-2024-43555,Windows Server 2022,6.5,0.00201,False,CVE CVE-2024-43555 affects Windows Server 2022. EPSS score 0.0020 indicates low exploitation probability. Not confirmed exploited in the wild.
CVE-2024-43555,Windows 10 Pro,6.5,0.00201,False,CVE CVE-2024-43555 affects Windows 10 Pro. EPSS score 0.0020 indicates low exploitation probability. Not confirmed exploited in the wild.
CVE-2024-49072,Windows Server 2022,7.8,0.00201,False,CVE CVE-2024-49072 affects Windows Server 2022. EPSS score 0.0020 indicates low exploitation probability. Not confirmed exploited in the wild.
CVE-2024-49072,Windows 10 Pro,7.8,0.00201,False,CVE CVE-2024-49072 affects Windows 10 Pro. EPSS score 0.0020 indicates low exploitation probability. Not confirmed exploited in the wild.
CVE-2024-0807,Google Chrome,8.8,0.002,False,CVE CVE-2024-0807 affects Google Chrome. EPSS score 0.0020 indicates low exploitation probability. Not confirmed exploited in the wild.
CVE-2024-38273,Moodle,5.4,0.00199,False,CVE CVE-2024-38273 affects Moodle. EPSS score 0.0020 indicates low exploitation probability. Not confirmed exploited in the wild.
CVE-2025-27732,Windows Server 2022,7.0,0.00199,False,CVE CVE-2025-27732 affects Windows Server 2022. EPSS score 0.0020 indicates low exploitation probability. Not confirmed exploited in the wild.
CVE-2025-27732,Windows 10 Pro,7.0,0.00199,False,CVE CVE-2025-27732 affects Windows 10 Pro. EPSS score 0.0020 indicates low exploitation probability. Not confirmed exploited in the wild.
CVE-2025-29842,Windows Server 2022,7.5,0.00199,False,CVE CVE-2025-29842 affects Windows Server 2022. EPSS score 0.0020 indicates low exploitation probability. Not confirmed exploited in the wild.
CVE-2025-29842,Windows 10 Pro,7.5,0.00199,False,CVE CVE-2025-29842 affects Windows 10 Pro. EPSS score 0.0020 indicates low exploitation probability. Not confirmed exploited in the wild.
CVE-2025-53805,Windows Server 2022,7.5,0.00199,False,CVE CVE-2025-53805 affects Windows Server 2022. EPSS score 0.0020 indicates low exploitation probability. Not confirmed exploited in the wild.
CVE-2025-54915,Windows Server 2022,6.7,0.00199,False,CVE CVE-2025-54915 affects Windows Server 2022. EPSS score 0.0020 indicates low exploitation probability. Not confirmed exploited in the wild.
CVE-2025-54915,Windows 10 Pro,6.7,0.00199,False,CVE CVE-2025-54915 affects Windows 10 Pro. EPSS score 0.0020 indicates low exploitation probability. Not confirmed exploited in the wild.
CVE-2024-2883,Google Chrome,8.8,0.00198,False,CVE CVE-2024-2883 affects Google Chrome. EPSS score 0.0020 indicates low exploitation probability. Not confirmed exploited in the wild.
CVE-2025-21312,Windows Server 2022,2.4,0.00198,False,CVE CVE-2025-21312 affects Windows Server 2022. EPSS score 0.0020 indicates low exploitation probability. Not confirmed exploited in the wild.
CVE-2025-21312,Windows 10 Pro,2.4,0.00198,False,CVE CVE-2025-21312 affects Windows 10 Pro. EPSS score 0.0020 indicates low exploitation probability. Not confirmed exploited in the wild.
CVE-2025-3637,Moodle,3.1,0.00198,False,CVE CVE-2025-3637 affects Moodle. EPSS score 0.0020 indicates low exploitation probability. Not confirmed exploited in the wild.
CVE-2024-45422,Zoom,6.5,0.00197,False,CVE CVE-2024-45422 affects Zoom. EPSS score 0.0020 indicates low exploitation probability. Not confirmed exploited in the wild.
CVE-2025-29808,Windows Server 2022,5.5,0.00197,False,CVE CVE-2025-29808 affects Windows Server 2022. EPSS score 0.0020 indicates low exploitation probability. Not confirmed exploited in the wild.
CVE-2024-3839,Google Chrome,6.5,0.00196,False,CVE CVE-2024-3839 affects Google Chrome. EPSS score 0.0020 indicates low exploitation probability. Not confirmed exploited in the wild.
CVE-2024-49088,Windows Server 2022,7.8,0.00196,False,CVE CVE-2024-49088 affects Windows Server 2022. EPSS score 0.0020 indicates low exploitation probability. Not confirmed exploited in the wild.
CVE-2024-49088,Windows 10 Pro,7.8,0.00196,False,CVE CVE-2024-49088 affects Windows 10 Pro. EPSS score 0.0020 indicates low exploitation probability. Not confirmed exploited in the wild.
CVE-2024-49090,Windows Server 2022,7.8,0.00196,False,CVE CVE-2024-49090 affects Windows Server 2022. EPSS score 0.0020 indicates low exploitation probability. Not confirmed exploited in the wild.
CVE-2024-49090,Windows 10 Pro,7.8,0.00196,False,CVE CVE-2024-49090 affects Windows 10 Pro. EPSS score 0.0020 indicates low exploitation probability. Not confirmed exploited in the wild.
CVE-2025-1923,Google Chrome,4.3,0.00196,False,CVE CVE-2025-1923 affects Google Chrome. EPSS score 0.0020 indicates low exploitation probability. Not confirmed exploited in the wild.
CVE-2025-24075,Microsoft 365 Apps for Business,7.8,0.00196,False,CVE CVE-2025-24075 affects Microsoft 365 Apps for Business. EPSS score 0.0020 indicates low exploitation probability. Not confirmed exploited in the wild.
CVE-2025-24077,Microsoft 365 Apps for Business,7.8,0.00196,False,CVE CVE-2025-24077 affects Microsoft 365 Apps for Business. EPSS score 0.0020 indicates low exploitation probability. Not confirmed exploited in the wild.
CVE-2025-24078,Microsoft 365 Apps for Business,7.0,0.00196,False,CVE CVE-2025-24078 affects Microsoft 365 Apps for Business. EPSS score 0.0020 indicates low exploitation probability. Not confirmed exploited in the wild.
CVE-2025-4096,Google Chrome,8.8,0.00195,False,CVE CVE-2025-4096 affects Google Chrome. EPSS score 0.0019 indicates low exploitation probability. Not confirmed exploited in the wild.
CVE-2026-26046,Moodle,7.2,0.00195,False,CVE CVE-2026-26046 affects Moodle. EPSS score 0.0019 indicates low exploitation probability. Not confirmed exploited in the wild.
CVE-2024-38136,Windows Server 2022,7.0,0.00194,False,CVE CVE-2024-38136 affects Windows Server 2022. EPSS score 0.0019 indicates low exploitation probability. Not confirmed exploited in the wild.
CVE-2024-38136,Windows 10 Pro,7.0,0.00194,False,CVE CVE-2024-38136 affects Windows 10 Pro. EPSS score 0.0019 indicates low exploitation probability. Not confirmed exploited in the wild.
CVE-2024-38137,Windows Server 2022,7.0,0.00194,False,CVE CVE-2024-38137 affects Windows Server 2022. EPSS score 0.0019 indicates low exploitation probability. Not confirmed exploited in the wild.
CVE-2024-38137,Windows 10 Pro,7.0,0.00194,False,CVE CVE-2024-38137 affects Windows 10 Pro. EPSS score 0.0019 indicates low exploitation probability. Not confirmed exploited in the wild.
CVE-2024-49110,Windows Server 2022,6.8,0.00194,False,CVE CVE-2024-49110 affects Windows Server 2022. EPSS score 0.0019 indicates low exploitation probability. Not confirmed exploited in the wild.
CVE-2024-49110,Windows 10 Pro,6.8,0.00194,False,CVE CVE-2024-49110 affects Windows 10 Pro. EPSS score 0.0019 indicates low exploitation probability. Not confirmed exploited in the wild.
CVE-2025-27158,Adobe Acrobat Reader DC,7.8,0.00194,False,CVE CVE-2025-27158 affects Adobe Acrobat Reader DC. EPSS score 0.0019 indicates low exploitation probability. Not confirmed exploited in the wild.
CVE-2025-4052,Google Chrome,9.8,0.00194,False,CVE CVE-2025-4052 affects Google Chrome. EPSS score 0.0019 indicates low exploitation probability. Not confirmed exploited in the wild.
CVE-2024-37979,Windows Server 2022,6.7,0.00193,False,CVE CVE-2024-37979 affects Windows Server 2022. EPSS score 0.0019 indicates low exploitation probability. Not confirmed exploited in the wild.
CVE-2024-37982,Windows Server 2022,6.7,0.00193,False,CVE CVE-2024-37982 affects Windows Server 2022. EPSS score 0.0019 indicates low exploitation probability. Not confirmed exploited in the wild.
CVE-2024-37982,Windows 10 Pro,6.7,0.00193,False,CVE CVE-2024-37982 affects Windows 10 Pro. EPSS score 0.0019 indicates low exploitation probability. Not confirmed exploited in the wild.
CVE-2024-48899,Moodle,4.3,0.00193,False,CVE CVE-2024-48899 affects Moodle. EPSS score 0.0019 indicates low exploitation probability. Not confirmed exploited in the wild.
CVE-2024-22252,VMware vSphere,9.3,0.00192,False,CVE CVE-2024-22252 affects VMware vSphere. EPSS score 0.0019 indicates low exploitation probability. Not confirmed exploited in the wild.
CVE-2025-26687,Windows Server 2022,7.5,0.00192,False,CVE CVE-2025-26687 affects Windows Server 2022. EPSS score 0.0019 indicates low exploitation probability. Not confirmed exploited in the wild.
CVE-2025-26687,Windows 10 Pro,7.5,0.00192,False,CVE CVE-2025-26687 affects Windows 10 Pro. EPSS score 0.0019 indicates low exploitation probability. Not confirmed exploited in the wild.
CVE-2026-40364,Microsoft 365 Apps for Business,8.4,0.00192,False,CVE CVE-2026-40364 affects Microsoft 365 Apps for Business. EPSS score 0.0019 indicates low exploitation probability. Not confirmed exploited in the wild.
CVE-2024-38254,Windows Server 2022,5.5,0.0019,False,CVE CVE-2024-38254 affects Windows Server 2022. EPSS score 0.0019 indicates low exploitation probability. Not confirmed exploited in the wild.
CVE-2024-38254,Windows 10 Pro,5.5,0.0019,False,CVE CVE-2024-38254 affects Windows 10 Pro. EPSS score 0.0019 indicates low exploitation probability. Not confirmed exploited in the wild.
CVE-2024-38256,Windows 10 Pro,5.5,0.0019,False,CVE CVE-2024-38256 affects Windows 10 Pro. EPSS score 0.0019 indicates low exploitation probability. Not confirmed exploited in the wild.
CVE-2024-43547,Windows Server 2022,6.5,0.0019,False,CVE CVE-2024-43547 affects Windows Server 2022. EPSS score 0.0019 indicates low exploitation probability. Not confirmed exploited in the wild.
CVE-2024-43547,Windows 10 Pro,6.5,0.0019,False,CVE CVE-2024-43547 affects Windows 10 Pro. EPSS score 0.0019 indicates low exploitation probability. Not confirmed exploited in the wild.
CVE-2025-21212,Windows Server 2022,6.5,0.0019,False,CVE CVE-2025-21212 affects Windows Server 2022. EPSS score 0.0019 indicates low exploitation probability. Not confirmed exploited in the wild.
CVE-2025-21212,Windows 10 Pro,6.5,0.0019,False,CVE CVE-2025-21212 affects Windows 10 Pro. EPSS score 0.0019 indicates low exploitation probability. Not confirmed exploited in the wild.
CVE-2025-21215,Windows Server 2022,4.6,0.0019,False,CVE CVE-2025-21215 affects Windows Server 2022. EPSS score 0.0019 indicates low exploitation probability. Not confirmed exploited in the wild.
CVE-2025-21215,Windows 10 Pro,4.6,0.0019,False,CVE CVE-2025-21215 affects Windows 10 Pro. EPSS score 0.0019 indicates low exploitation probability. Not confirmed exploited in the wild.
CVE-2025-21216,Windows Server 2022,6.5,0.0019,False,CVE CVE-2025-21216 affects Windows Server 2022. EPSS score 0.0019 indicates low exploitation probability. Not confirmed exploited in the wild.
CVE-2025-21216,Windows 10 Pro,6.5,0.0019,False,CVE CVE-2025-21216 affects Windows 10 Pro. EPSS score 0.0019 indicates low exploitation probability. Not confirmed exploited in the wild.
CVE-2025-21226,Windows Server 2022,6.6,0.0019,False,CVE CVE-2025-21226 affects Windows Server 2022. EPSS score 0.0019 indicates low exploitation probability. Not confirmed exploited in the wild.
CVE-2025-21226,Windows 10 Pro,6.6,0.0019,False,CVE CVE-2025-21226 affects Windows 10 Pro. EPSS score 0.0019 indicates low exploitation probability. Not confirmed exploited in the wild.
CVE-2025-21227,Windows Server 2022,6.6,0.0019,False,CVE CVE-2025-21227 affects Windows Server 2022. EPSS score 0.0019 indicates low exploitation probability. Not confirmed exploited in the wild.
CVE-2025-21227,Windows 10 Pro,6.6,0.0019,False,CVE CVE-2025-21227 affects Windows 10 Pro. EPSS score 0.0019 indicates low exploitation probability. Not confirmed exploited in the wild.
CVE-2025-21228,Windows Server 2022,6.6,0.0019,False,CVE CVE-2025-21228 affects Windows Server 2022. EPSS score 0.0019 indicates low exploitation probability. Not confirmed exploited in the wild.
CVE-2025-21228,Windows 10 Pro,6.6,0.0019,False,CVE CVE-2025-21228 affects Windows 10 Pro. EPSS score 0.0019 indicates low exploitation probability. Not confirmed exploited in the wild.
CVE-2025-21229,Windows Server 2022,6.6,0.0019,False,CVE CVE-2025-21229 affects Windows Server 2022. EPSS score 0.0019 indicates low exploitation probability. Not confirmed exploited in the wild.
CVE-2025-21229,Windows 10 Pro,6.6,0.0019,False,CVE CVE-2025-21229 affects Windows 10 Pro. EPSS score 0.0019 indicates low exploitation probability. Not confirmed exploited in the wild.
CVE-2025-21232,Windows Server 2022,6.6,0.0019,False,CVE CVE-2025-21232 affects Windows Server 2022. EPSS score 0.0019 indicates low exploitation probability. Not confirmed exploited in the wild.
CVE-2025-21232,Windows 10 Pro,6.6,0.0019,False,CVE CVE-2025-21232 affects Windows 10 Pro. EPSS score 0.0019 indicates low exploitation probability. Not confirmed exploited in the wild.
CVE-2025-21254,Windows Server 2022,6.5,0.0019,False,CVE CVE-2025-21254 affects Windows Server 2022. EPSS score 0.0019 indicates low exploitation probability. Not confirmed exploited in the wild.
CVE-2025-21254,Windows 10 Pro,6.5,0.0019,False,CVE CVE-2025-21254 affects Windows 10 Pro. EPSS score 0.0019 indicates low exploitation probability. Not confirmed exploited in the wild.
CVE-2025-21256,Windows Server 2022,6.6,0.0019,False,CVE CVE-2025-21256 affects Windows Server 2022. EPSS score 0.0019 indicates low exploitation probability. Not confirmed exploited in the wild.
CVE-2025-21256,Windows 10 Pro,6.6,0.0019,False,CVE CVE-2025-21256 affects Windows 10 Pro. EPSS score 0.0019 indicates low exploitation probability. Not confirmed exploited in the wild.
CVE-2025-21310,Windows Server 2022,6.6,0.0019,False,CVE CVE-2025-21310 affects Windows Server 2022. EPSS score 0.0019 indicates low exploitation probability. Not confirmed exploited in the wild.
CVE-2025-21310,Windows 10 Pro,6.6,0.0019,False,CVE CVE-2025-21310 affects Windows 10 Pro. EPSS score 0.0019 indicates low exploitation probability. Not confirmed exploited in the wild.
CVE-2025-21324,Windows Server 2022,6.6,0.0019,False,CVE CVE-2025-21324 affects Windows Server 2022. EPSS score 0.0019 indicates low exploitation probability. Not confirmed exploited in the wild.
CVE-2025-21324,Windows 10 Pro,6.6,0.0019,False,CVE CVE-2025-21324 affects Windows 10 Pro. EPSS score 0.0019 indicates low exploitation probability. Not confirmed exploited in the wild.
CVE-2025-9132,Google Chrome,8.8,0.0019,False,CVE CVE-2025-9132 affects Google Chrome. EPSS score 0.0019 indicates low exploitation probability. Not confirmed exploited in the wild.
CVE-2025-0151,Zoom,8.5,0.00189,False,CVE CVE-2025-0151 affects Zoom. EPSS score 0.0019 indicates low exploitation probability. Not confirmed exploited in the wild.
CVE-2025-27484,Windows Server 2022,7.5,0.00189,False,CVE CVE-2025-27484 affects Windows Server 2022. EPSS score 0.0019 indicates low exploitation probability. Not confirmed exploited in the wild.
CVE-2025-27484,Windows 10 Pro,7.5,0.00189,False,CVE CVE-2025-27484 affects Windows 10 Pro. EPSS score 0.0019 indicates low exploitation probability. Not confirmed exploited in the wild.
CVE-2026-33096,Windows Server 2022,7.5,0.00189,False,CVE CVE-2026-33096 affects Windows Server 2022. EPSS score 0.0019 indicates low exploitation probability. Not confirmed exploited in the wild.
CVE-2024-3840,Google Chrome,7.5,0.00188,False,CVE CVE-2024-3840 affects Google Chrome. EPSS score 0.0019 indicates low exploitation probability. Not confirmed exploited in the wild.
CVE-2025-21261,Windows Server 2022,6.6,0.00188,False,CVE CVE-2025-21261 affects Windows Server 2022. EPSS score 0.0019 indicates low exploitation probability. Not confirmed exploited in the wild.
CVE-2025-21261,Windows 10 Pro,6.6,0.00188,False,CVE CVE-2025-21261 affects Windows 10 Pro. EPSS score 0.0019 indicates low exploitation probability. Not confirmed exploited in the wild.
CVE-2024-36387,Apache HTTP Server,5.4,0.00187,False,CVE CVE-2024-36387 affects Apache HTTP Server. EPSS score 0.0019 indicates low exploitation probability. Not confirmed exploited in the wild.
CVE-2024-2174,Google Chrome,8.8,0.00186,False,CVE CVE-2024-2174 affects Google Chrome. EPSS score 0.0019 indicates low exploitation probability. Not confirmed exploited in the wild.
CVE-2024-38277,Moodle,5.4,0.00186,False,CVE CVE-2024-38277 affects Moodle. EPSS score 0.0019 indicates low exploitation probability. Not confirmed exploited in the wild.
CVE-2025-21202,Windows Server 2022,6.1,0.00186,False,CVE CVE-2025-21202 affects Windows Server 2022. EPSS score 0.0019 indicates low exploitation probability. Not confirmed exploited in the wild.
CVE-2025-21202,Windows 10 Pro,6.1,0.00186,False,CVE CVE-2025-21202 affects Windows 10 Pro. EPSS score 0.0019 indicates low exploitation probability. Not confirmed exploited in the wild.
CVE-2025-21280,Windows Server 2022,5.5,0.00186,False,CVE CVE-2025-21280 affects Windows Server 2022. EPSS score 0.0019 indicates low exploitation probability. Not confirmed exploited in the wild.
CVE-2025-21280,Windows 10 Pro,5.5,0.00186,False,CVE CVE-2025-21280 affects Windows 10 Pro. EPSS score 0.0019 indicates low exploitation probability. Not confirmed exploited in the wild.
CVE-2025-21284,Windows Server 2022,5.5,0.00186,False,CVE CVE-2025-21284 affects Windows Server 2022. EPSS score 0.0019 indicates low exploitation probability. Not confirmed exploited in the wild.
CVE-2025-21284,Windows 10 Pro,5.5,0.00186,False,CVE CVE-2025-21284 affects Windows 10 Pro. EPSS score 0.0019 indicates low exploitation probability. Not confirmed exploited in the wild.
CVE-2024-30008,Windows Server 2022,5.5,0.00185,False,CVE CVE-2024-30008 affects Windows Server 2022. EPSS score 0.0019 indicates low exploitation probability. Not confirmed exploited in the wild.
CVE-2024-30008,Windows 10 Pro,5.5,0.00185,False,CVE CVE-2024-30008 affects Windows 10 Pro. EPSS score 0.0019 indicates low exploitation probability. Not confirmed exploited in the wild.
CVE-2024-49120,Windows Server 2022,8.1,0.00185,False,CVE CVE-2024-49120 affects Windows Server 2022. EPSS score 0.0019 indicates low exploitation probability. Not confirmed exploited in the wild.
CVE-2024-4059,Google Chrome,6.5,0.00184,False,CVE CVE-2024-4059 affects Google Chrome. EPSS score 0.0018 indicates low exploitation probability. Not confirmed exploited in the wild.
CVE-2025-1921,Google Chrome,6.5,0.00184,False,CVE CVE-2025-1921 affects Google Chrome. EPSS score 0.0018 indicates low exploitation probability. Not confirmed exploited in the wild.
CVE-2025-21272,Windows Server 2022,6.5,0.00184,False,CVE CVE-2025-21272 affects Windows Server 2022. EPSS score 0.0018 indicates low exploitation probability. Not confirmed exploited in the wild.
CVE-2025-21272,Windows 10 Pro,6.5,0.00184,False,CVE CVE-2025-21272 affects Windows 10 Pro. EPSS score 0.0018 indicates low exploitation probability. Not confirmed exploited in the wild.
CVE-2025-21288,Windows Server 2022,6.5,0.00184,False,CVE CVE-2025-21288 affects Windows Server 2022. EPSS score 0.0018 indicates low exploitation probability. Not confirmed exploited in the wild.
CVE-2025-21288,Windows 10 Pro,6.5,0.00184,False,CVE CVE-2025-21288 affects Windows 10 Pro. EPSS score 0.0018 indicates low exploitation probability. Not confirmed exploited in the wild.
CVE-2025-29841,Windows Server 2022,7.0,0.00184,False,CVE CVE-2025-29841 affects Windows Server 2022. EPSS score 0.0018 indicates low exploitation probability. Not confirmed exploited in the wild.
CVE-2025-29841,Windows 10 Pro,7.0,0.00184,False,CVE CVE-2025-29841 affects Windows 10 Pro. EPSS score 0.0018 indicates low exploitation probability. Not confirmed exploited in the wild.
CVE-2025-55231,Windows Server 2022,7.5,0.00184,False,CVE CVE-2025-55231 affects Windows Server 2022. EPSS score 0.0018 indicates low exploitation probability. Not confirmed exploited in the wild.
CVE-2026-20847,Windows Server 2022,6.5,0.00184,False,CVE CVE-2026-20847 affects Windows Server 2022. EPSS score 0.0018 indicates low exploitation probability. Not confirmed exploited in the wild.
CVE-2026-20847,Windows 10 Pro,6.5,0.00184,False,CVE CVE-2026-20847 affects Windows 10 Pro. EPSS score 0.0018 indicates low exploitation probability. Not confirmed exploited in the wild.
CVE-2026-20856,Windows Server 2022,8.1,0.00184,False,CVE CVE-2026-20856 affects Windows Server 2022. EPSS score 0.0018 indicates low exploitation probability. Not confirmed exploited in the wild.
CVE-2026-20856,Windows 10 Pro,8.1,0.00184,False,CVE CVE-2026-20856 affects Windows 10 Pro. EPSS score 0.0018 indicates low exploitation probability. Not confirmed exploited in the wild.
CVE-2024-30306,Adobe Acrobat Reader DC,7.8,0.00183,False,CVE CVE-2024-30306 affects Adobe Acrobat Reader DC. EPSS score 0.0018 indicates low exploitation probability. Not confirmed exploited in the wild.
CVE-2025-46786,Zoom,4.3,0.00183,False,CVE CVE-2025-46786 affects Zoom. EPSS score 0.0018 indicates low exploitation probability. Not confirmed exploited in the wild.
CVE-2026-26178,Windows Server 2022,8.8,0.00183,False,CVE CVE-2026-26178 affects Windows Server 2022. EPSS score 0.0018 indicates low exploitation probability. Not confirmed exploited in the wild.
CVE-2026-26178,Windows 10 Pro,8.8,0.00183,False,CVE CVE-2026-26178 affects Windows 10 Pro. EPSS score 0.0018 indicates low exploitation probability. Not confirmed exploited in the wild.
CVE-2025-32045,Moodle,5.3,0.00182,False,CVE CVE-2025-32045 affects Moodle. EPSS score 0.0018 indicates low exploitation probability. Not confirmed exploited in the wild.
CVE-2025-49457,Zoom,9.6,0.00182,False,CVE CVE-2025-49457 affects Zoom. EPSS score 0.0018 indicates low exploitation probability. Not confirmed exploited in the wild.
CVE-2025-6555,Google Chrome,5.4,0.00181,False,CVE CVE-2025-6555 affects Google Chrome. EPSS score 0.0018 indicates low exploitation probability. Not confirmed exploited in the wild.
CVE-2024-28903,Windows Server 2022,6.7,0.0018,False,CVE CVE-2024-28903 affects Windows Server 2022. EPSS score 0.0018 indicates low exploitation probability. Not confirmed exploited in the wild.
CVE-2024-28903,Windows 10 Pro,6.7,0.0018,False,CVE CVE-2024-28903 affects Windows 10 Pro. EPSS score 0.0018 indicates low exploitation probability. Not confirmed exploited in the wild.
CVE-2025-29816,Microsoft 365 Apps for Business,7.5,0.0018,False,CVE CVE-2025-29816 affects Microsoft 365 Apps for Business. EPSS score 0.0018 indicates low exploitation probability. Not confirmed exploited in the wild.
CVE-2024-38155,Windows 10 Pro,5.5,0.00179,False,CVE CVE-2024-38155 affects Windows 10 Pro. EPSS score 0.0018 indicates low exploitation probability. Not confirmed exploited in the wild.
CVE-2024-3838,Google Chrome,5.5,0.00179,False,CVE CVE-2024-3838 affects Google Chrome. EPSS score 0.0018 indicates low exploitation probability. Not confirmed exploited in the wild.
CVE-2024-43500,Windows Server 2022,5.5,0.00179,False,CVE CVE-2024-43500 affects Windows Server 2022. EPSS score 0.0018 indicates low exploitation probability. Not confirmed exploited in the wild.
CVE-2025-59194,Windows Server 2022,7.0,0.00179,False,CVE CVE-2025-59194 affects Windows Server 2022. EPSS score 0.0018 indicates low exploitation probability. Not confirmed exploited in the wild.
CVE-2024-21377,Windows Server 2022,5.5,0.00177,False,CVE CVE-2024-21377 affects Windows Server 2022. EPSS score 0.0018 indicates low exploitation probability. Not confirmed exploited in the wild.
CVE-2024-21377,Windows 10 Pro,5.5,0.00177,False,CVE CVE-2024-21377 affects Windows 10 Pro. EPSS score 0.0018 indicates low exploitation probability. Not confirmed exploited in the wild.
CVE-2024-34003,Moodle,5.9,0.00177,False,CVE CVE-2024-34003 affects Moodle. EPSS score 0.0018 indicates low exploitation probability. Not confirmed exploited in the wild.
CVE-2024-5158,Google Chrome,8.1,0.00177,False,CVE CVE-2024-5158 affects Google Chrome. EPSS score 0.0018 indicates low exploitation probability. Not confirmed exploited in the wild.
CVE-2025-54906,Microsoft 365 Apps for Business,7.8,0.00176,False,CVE CVE-2025-54906 affects Microsoft 365 Apps for Business. EPSS score 0.0018 indicates low exploitation probability. Not confirmed exploited in the wild.
CVE-2024-33996,Moodle,6.2,0.00175,False,CVE CVE-2024-33996 affects Moodle. EPSS score 0.0018 indicates low exploitation probability. Not confirmed exploited in the wild.
CVE-2024-3847,Google Chrome,6.1,0.00174,False,CVE CVE-2024-3847 affects Google Chrome. EPSS score 0.0017 indicates low exploitation probability. Not confirmed exploited in the wild.
CVE-2024-7969,Google Chrome,8.8,0.00173,False,CVE CVE-2024-7969 affects Google Chrome. EPSS score 0.0017 indicates low exploitation probability. Not confirmed exploited in the wild.
CVE-2025-27468,Windows Server 2022,7.0,0.00173,False,CVE CVE-2025-27468 affects Windows Server 2022. EPSS score 0.0017 indicates low exploitation probability. Not confirmed exploited in the wild.
CVE-2025-27468,Windows 10 Pro,7.0,0.00173,False,CVE CVE-2025-27468 affects Windows 10 Pro. EPSS score 0.0017 indicates low exploitation probability. Not confirmed exploited in the wild.
CVE-2026-33523,Apache HTTP Server,6.5,0.00173,False,CVE CVE-2026-33523 affects Apache HTTP Server. EPSS score 0.0017 indicates low exploitation probability. Not confirmed exploited in the wild.
CVE-2024-2173,Google Chrome,8.8,0.00171,False,CVE CVE-2024-2173 affects Google Chrome. EPSS score 0.0017 indicates low exploitation probability. Not confirmed exploited in the wild.
CVE-2025-21191,Windows Server 2022,7.0,0.00171,False,CVE CVE-2025-21191 affects Windows Server 2022. EPSS score 0.0017 indicates low exploitation probability. Not confirmed exploited in the wild.
CVE-2025-21191,Windows 10 Pro,7.0,0.00171,False,CVE CVE-2025-21191 affects Windows 10 Pro. EPSS score 0.0017 indicates low exploitation probability. Not confirmed exploited in the wild.
CVE-2025-21269,Windows Server 2022,4.3,0.00171,False,CVE CVE-2025-21269 affects Windows Server 2022. EPSS score 0.0017 indicates low exploitation probability. Not confirmed exploited in the wild.
CVE-2025-21269,Windows 10 Pro,4.3,0.00171,False,CVE CVE-2025-21269 affects Windows 10 Pro. EPSS score 0.0017 indicates low exploitation probability. Not confirmed exploited in the wild.
CVE-2026-20928,Windows Server 2022,4.6,0.00171,False,CVE CVE-2026-20928 affects Windows Server 2022. EPSS score 0.0017 indicates low exploitation probability. Not confirmed exploited in the wild.
CVE-2026-20928,Windows 10 Pro,4.6,0.00171,False,CVE CVE-2026-20928 affects Windows 10 Pro. EPSS score 0.0017 indicates low exploitation probability. Not confirmed exploited in the wild.
CVE-2026-26175,Windows Server 2022,4.6,0.00171,False,CVE CVE-2026-26175 affects Windows Server 2022. EPSS score 0.0017 indicates low exploitation probability. Not confirmed exploited in the wild.
CVE-2026-26175,Windows 10 Pro,4.6,0.00171,False,CVE CVE-2026-26175 affects Windows 10 Pro. EPSS score 0.0017 indicates low exploitation probability. Not confirmed exploited in the wild.
CVE-2025-21315,Windows Server 2022,7.8,0.0017,False,CVE CVE-2025-21315 affects Windows Server 2022. EPSS score 0.0017 indicates low exploitation probability. Not confirmed exploited in the wild.
CVE-2026-27928,Windows Server 2022,8.7,0.00169,False,CVE CVE-2026-27928 affects Windows Server 2022. EPSS score 0.0017 indicates low exploitation probability. Not confirmed exploited in the wild.
CVE-2024-25980,Moodle,4.3,0.00167,False,CVE CVE-2024-25980 affects Moodle. EPSS score 0.0017 indicates low exploitation probability. Not confirmed exploited in the wild.
CVE-2024-2631,Google Chrome,4.3,0.00166,False,CVE CVE-2024-2631 affects Google Chrome. EPSS score 0.0017 indicates low exploitation probability. Not confirmed exploited in the wild.
CVE-2025-60724,Windows Server 2022,9.8,0.00166,False,CVE CVE-2025-60724 affects Windows Server 2022. EPSS score 0.0017 indicates low exploitation probability. Not confirmed exploited in the wild.
CVE-2025-60724,Windows 10 Pro,9.8,0.00166,False,CVE CVE-2025-60724 affects Windows 10 Pro. EPSS score 0.0017 indicates low exploitation probability. Not confirmed exploited in the wild.
CVE-2025-8880,Google Chrome,8.8,0.00166,False,CVE CVE-2025-8880 affects Google Chrome. EPSS score 0.0017 indicates low exploitation probability. Not confirmed exploited in the wild.
CVE-2025-21190,Windows Server 2022,8.8,0.00165,False,CVE CVE-2025-21190 affects Windows Server 2022. EPSS score 0.0016 indicates low exploitation probability. Not confirmed exploited in the wild.
CVE-2025-21190,Windows 10 Pro,8.8,0.00165,False,CVE CVE-2025-21190 affects Windows 10 Pro. EPSS score 0.0016 indicates low exploitation probability. Not confirmed exploited in the wild.
CVE-2025-21200,Windows Server 2022,8.8,0.00165,False,CVE CVE-2025-21200 affects Windows Server 2022. EPSS score 0.0016 indicates low exploitation probability. Not confirmed exploited in the wild.
CVE-2025-21200,Windows 10 Pro,8.8,0.00165,False,CVE CVE-2025-21200 affects Windows 10 Pro. EPSS score 0.0016 indicates low exploitation probability. Not confirmed exploited in the wild.
CVE-2025-21201,Windows Server 2022,8.8,0.00165,False,CVE CVE-2025-21201 affects Windows Server 2022. EPSS score 0.0016 indicates low exploitation probability. Not confirmed exploited in the wild.
CVE-2025-21201,Windows 10 Pro,8.8,0.00165,False,CVE CVE-2025-21201 affects Windows 10 Pro. EPSS score 0.0016 indicates low exploitation probability. Not confirmed exploited in the wild.
CVE-2025-21406,Windows Server 2022,8.8,0.00165,False,CVE CVE-2025-21406 affects Windows Server 2022. EPSS score 0.0016 indicates low exploitation probability. Not confirmed exploited in the wild.
CVE-2025-21406,Windows 10 Pro,8.8,0.00165,False,CVE CVE-2025-21406 affects Windows 10 Pro. EPSS score 0.0016 indicates low exploitation probability. Not confirmed exploited in the wild.
CVE-2025-21407,Windows Server 2022,8.8,0.00165,False,CVE CVE-2025-21407 affects Windows Server 2022. EPSS score 0.0016 indicates low exploitation probability. Not confirmed exploited in the wild.
CVE-2025-21407,Windows 10 Pro,8.8,0.00165,False,CVE CVE-2025-21407 affects Windows 10 Pro. EPSS score 0.0016 indicates low exploitation probability. Not confirmed exploited in the wild.
CVE-2025-21410,Windows Server 2022,8.8,0.00165,False,CVE CVE-2025-21410 affects Windows Server 2022. EPSS score 0.0016 indicates low exploitation probability. Not confirmed exploited in the wild.
CVE-2025-32044,Moodle,7.5,0.00165,False,CVE CVE-2025-32044 affects Moodle. EPSS score 0.0016 indicates low exploitation probability. Not confirmed exploited in the wild.
CVE-2026-32071,Windows Server 2022,7.5,0.00165,False,CVE CVE-2026-32071 affects Windows Server 2022. EPSS score 0.0016 indicates low exploitation probability. Not confirmed exploited in the wild.
CVE-2026-32071,Windows 10 Pro,7.5,0.00165,False,CVE CVE-2026-32071 affects Windows 10 Pro. EPSS score 0.0016 indicates low exploitation probability. Not confirmed exploited in the wild.
CVE-2024-20684,Windows Server 2022,6.5,0.00164,False,CVE CVE-2024-20684 affects Windows Server 2022. EPSS score 0.0016 indicates low exploitation probability. Not confirmed exploited in the wild.
CVE-2024-9126,Google Chrome,7.5,0.00164,False,CVE CVE-2024-9126 affects Google Chrome. EPSS score 0.0016 indicates low exploitation probability. Not confirmed exploited in the wild.
CVE-2025-10500,Google Chrome,8.8,0.00164,False,CVE CVE-2025-10500 affects Google Chrome. EPSS score 0.0016 indicates low exploitation probability. Not confirmed exploited in the wild.
CVE-2025-49463,Zoom,6.5,0.00164,False,CVE CVE-2025-49463 affects Zoom. EPSS score 0.0016 indicates low exploitation probability. Not confirmed exploited in the wild.
CVE-2024-25979,Moodle,5.3,0.00163,False,CVE CVE-2024-25979 affects Moodle. EPSS score 0.0016 indicates low exploitation probability. Not confirmed exploited in the wild.
CVE-2025-0435,Google Chrome,6.5,0.00163,False,CVE CVE-2025-0435 affects Google Chrome. EPSS score 0.0016 indicates low exploitation probability. Not confirmed exploited in the wild.
CVE-2025-21373,Windows Server 2022,7.8,0.00163,False,CVE CVE-2025-21373 affects Windows Server 2022. EPSS score 0.0016 indicates low exploitation probability. Not confirmed exploited in the wild.
CVE-2025-21373,Windows 10 Pro,7.8,0.00163,False,CVE CVE-2025-21373 affects Windows 10 Pro. EPSS score 0.0016 indicates low exploitation probability. Not confirmed exploited in the wild.
CVE-2025-21375,Windows Server 2022,7.8,0.00163,False,CVE CVE-2025-21375 affects Windows Server 2022. EPSS score 0.0016 indicates low exploitation probability. Not confirmed exploited in the wild.
CVE-2025-21375,Windows 10 Pro,7.8,0.00163,False,CVE CVE-2025-21375 affects Windows 10 Pro. EPSS score 0.0016 indicates low exploitation probability. Not confirmed exploited in the wild.
CVE-2025-4372,Google Chrome,8.8,0.00163,False,CVE CVE-2025-4372 affects Google Chrome. EPSS score 0.0016 indicates low exploitation probability. Not confirmed exploited in the wild.
CVE-2025-49762,Windows Server 2022,7.0,0.00163,False,CVE CVE-2025-49762 affects Windows Server 2022. EPSS score 0.0016 indicates low exploitation probability. Not confirmed exploited in the wild.
CVE-2025-49762,Windows 10 Pro,7.0,0.00163,False,CVE CVE-2025-49762 affects Windows 10 Pro. EPSS score 0.0016 indicates low exploitation probability. Not confirmed exploited in the wild.
CVE-2025-53135,Windows Server 2022,7.0,0.00163,False,CVE CVE-2025-53135 affects Windows Server 2022. EPSS score 0.0016 indicates low exploitation probability. Not confirmed exploited in the wild.
CVE-2025-53135,Windows 10 Pro,7.0,0.00163,False,CVE CVE-2025-53135 affects Windows 10 Pro. EPSS score 0.0016 indicates low exploitation probability. Not confirmed exploited in the wild.
CVE-2024-11111,Google Chrome,4.3,0.00162,False,CVE CVE-2024-11111 affects Google Chrome. EPSS score 0.0016 indicates low exploitation probability. Not confirmed exploited in the wild.
CVE-2025-21336,Windows Server 2022,5.6,0.00162,False,CVE CVE-2025-21336 affects Windows Server 2022. EPSS score 0.0016 indicates low exploitation probability. Not confirmed exploited in the wild.
CVE-2025-21336,Windows 10 Pro,5.6,0.00162,False,CVE CVE-2025-21336 affects Windows 10 Pro. EPSS score 0.0016 indicates low exploitation probability. Not confirmed exploited in the wild.
CVE-2024-38263,Windows Server 2022,7.5,0.00161,False,CVE CVE-2024-38263 affects Windows Server 2022. EPSS score 0.0016 indicates low exploitation probability. Not confirmed exploited in the wild.
CVE-2026-20957,Microsoft 365 Apps for Business,7.8,0.00161,False,CVE CVE-2026-20957 affects Microsoft 365 Apps for Business. EPSS score 0.0016 indicates low exploitation probability. Not confirmed exploited in the wild.
CVE-2026-5879,Google Chrome,8.8,0.00161,False,CVE CVE-2026-5879 affects Google Chrome. EPSS score 0.0016 indicates low exploitation probability. Not confirmed exploited in the wild.
CVE-2025-21275,Windows Server 2022,7.8,0.00159,False,CVE CVE-2025-21275 affects Windows Server 2022. EPSS score 0.0016 indicates low exploitation probability. Not confirmed exploited in the wild.
CVE-2025-21275,Windows 10 Pro,7.8,0.00159,False,CVE CVE-2025-21275 affects Windows 10 Pro. EPSS score 0.0016 indicates low exploitation probability. Not confirmed exploited in the wild.
CVE-2025-21318,Windows Server 2022,5.5,0.00158,False,CVE CVE-2025-21318 affects Windows Server 2022. EPSS score 0.0016 indicates low exploitation probability. Not confirmed exploited in the wild.
CVE-2025-21318,Windows 10 Pro,5.5,0.00158,False,CVE CVE-2025-21318 affects Windows 10 Pro. EPSS score 0.0016 indicates low exploitation probability. Not confirmed exploited in the wild.
CVE-2025-21319,Windows Server 2022,5.5,0.00158,False,CVE CVE-2025-21319 affects Windows Server 2022. EPSS score 0.0016 indicates low exploitation probability. Not confirmed exploited in the wild.
CVE-2025-21319,Windows 10 Pro,5.5,0.00158,False,CVE CVE-2025-21319 affects Windows 10 Pro. EPSS score 0.0016 indicates low exploitation probability. Not confirmed exploited in the wild.
CVE-2025-21320,Windows Server 2022,5.5,0.00158,False,CVE CVE-2025-21320 affects Windows Server 2022. EPSS score 0.0016 indicates low exploitation probability. Not confirmed exploited in the wild.
CVE-2025-21320,Windows 10 Pro,5.5,0.00158,False,CVE CVE-2025-21320 affects Windows 10 Pro. EPSS score 0.0016 indicates low exploitation probability. Not confirmed exploited in the wild.
CVE-2025-21321,Windows Server 2022,5.5,0.00158,False,CVE CVE-2025-21321 affects Windows Server 2022. EPSS score 0.0016 indicates low exploitation probability. Not confirmed exploited in the wild.
CVE-2025-21321,Windows 10 Pro,5.5,0.00158,False,CVE CVE-2025-21321 affects Windows 10 Pro. EPSS score 0.0016 indicates low exploitation probability. Not confirmed exploited in the wild.
CVE-2024-30301,Adobe Acrobat Reader DC,7.8,0.00157,False,CVE CVE-2024-30301 affects Adobe Acrobat Reader DC. EPSS score 0.0016 indicates low exploitation probability. Not confirmed exploited in the wild.
CVE-2024-30303,Adobe Acrobat Reader DC,7.8,0.00157,False,CVE CVE-2024-30303 affects Adobe Acrobat Reader DC. EPSS score 0.0016 indicates low exploitation probability. Not confirmed exploited in the wild.
CVE-2024-30304,Adobe Acrobat Reader DC,7.8,0.00157,False,CVE CVE-2024-30304 affects Adobe Acrobat Reader DC. EPSS score 0.0016 indicates low exploitation probability. Not confirmed exploited in the wild.
CVE-2024-30305,Adobe Acrobat Reader DC,7.8,0.00157,False,CVE CVE-2024-30305 affects Adobe Acrobat Reader DC. EPSS score 0.0016 indicates low exploitation probability. Not confirmed exploited in the wild.
CVE-2026-20925,Windows Server 2022,6.5,0.00157,False,CVE CVE-2026-20925 affects Windows Server 2022. EPSS score 0.0016 indicates low exploitation probability. Not confirmed exploited in the wild.
CVE-2026-20925,Windows 10 Pro,6.5,0.00157,False,CVE CVE-2026-20925 affects Windows 10 Pro. EPSS score 0.0016 indicates low exploitation probability. Not confirmed exploited in the wild.
CVE-2025-3067,Google Chrome,8.8,0.00156,False,CVE CVE-2025-3067 affects Google Chrome. EPSS score 0.0016 indicates low exploitation probability. Not confirmed exploited in the wild.
CVE-2025-54100,Windows Server 2022,7.8,0.00156,False,CVE CVE-2025-54100 affects Windows Server 2022. EPSS score 0.0016 indicates low exploitation probability. Not confirmed exploited in the wild.
CVE-2025-54100,Windows 10 Pro,7.8,0.00156,False,CVE CVE-2025-54100 affects Windows 10 Pro. EPSS score 0.0016 indicates low exploitation probability. Not confirmed exploited in the wild.
CVE-2025-59516,Windows Server 2022,7.8,0.00156,False,CVE CVE-2025-59516 affects Windows Server 2022. EPSS score 0.0016 indicates low exploitation probability. Not confirmed exploited in the wild.
CVE-2025-59516,Windows 10 Pro,7.8,0.00156,False,CVE CVE-2025-59516 affects Windows 10 Pro. EPSS score 0.0016 indicates low exploitation probability. Not confirmed exploited in the wild.
CVE-2025-21349,Windows Server 2022,6.8,0.00155,False,CVE CVE-2025-21349 affects Windows Server 2022. EPSS score 0.0015 indicates low exploitation probability. Not confirmed exploited in the wild.
CVE-2025-21349,Windows 10 Pro,6.8,0.00155,False,CVE CVE-2025-21349 affects Windows 10 Pro. EPSS score 0.0015 indicates low exploitation probability. Not confirmed exploited in the wild.
CVE-2025-53137,Windows Server 2022,7.0,0.00155,False,CVE CVE-2025-53137 affects Windows Server 2022. EPSS score 0.0015 indicates low exploitation probability. Not confirmed exploited in the wild.
CVE-2025-53137,Windows 10 Pro,7.0,0.00155,False,CVE CVE-2025-53137 affects Windows 10 Pro. EPSS score 0.0015 indicates low exploitation probability. Not confirmed exploited in the wild.
CVE-2025-27492,Windows Server 2022,7.0,0.00154,False,CVE CVE-2025-27492 affects Windows Server 2022. EPSS score 0.0015 indicates low exploitation probability. Not confirmed exploited in the wild.
CVE-2025-6191,Google Chrome,8.8,0.00154,False,CVE CVE-2025-6191 affects Google Chrome. EPSS score 0.0015 indicates low exploitation probability. Not confirmed exploited in the wild.
CVE-2025-64670,Windows Server 2022,6.5,0.00154,False,CVE CVE-2025-64670 affects Windows Server 2022. EPSS score 0.0015 indicates low exploitation probability. Not confirmed exploited in the wild.
CVE-2025-64670,Windows 10 Pro,6.5,0.00154,False,CVE CVE-2025-64670 affects Windows 10 Pro. EPSS score 0.0015 indicates low exploitation probability. Not confirmed exploited in the wild.
CVE-2025-27443,Zoom,2.8,0.00153,False,CVE CVE-2025-27443 affects Zoom. EPSS score 0.0015 indicates low exploitation probability. Not confirmed exploited in the wild.
CVE-2025-43550,Adobe Acrobat Reader DC,7.8,0.00153,False,CVE CVE-2025-43550 affects Adobe Acrobat Reader DC. EPSS score 0.0015 indicates low exploitation probability. Not confirmed exploited in the wild.
CVE-2025-43573,Adobe Acrobat Reader DC,7.8,0.00153,False,CVE CVE-2025-43573 affects Adobe Acrobat Reader DC. EPSS score 0.0015 indicates low exploitation probability. Not confirmed exploited in the wild.
CVE-2025-43574,Adobe Acrobat Reader DC,7.8,0.00153,False,CVE CVE-2025-43574 affects Adobe Acrobat Reader DC. EPSS score 0.0015 indicates low exploitation probability. Not confirmed exploited in the wild.
CVE-2025-43576,Adobe Acrobat Reader DC,7.8,0.00153,False,CVE CVE-2025-43576 affects Adobe Acrobat Reader DC. EPSS score 0.0015 indicates low exploitation probability. Not confirmed exploited in the wild.
CVE-2025-43577,Adobe Acrobat Reader DC,7.8,0.00153,False,CVE CVE-2025-43577 affects Adobe Acrobat Reader DC. EPSS score 0.0015 indicates low exploitation probability. Not confirmed exploited in the wild.
CVE-2024-21430,Windows Server 2022,5.7,0.00152,False,CVE CVE-2024-21430 affects Windows Server 2022. EPSS score 0.0015 indicates low exploitation probability. Not confirmed exploited in the wild.
CVE-2024-21430,Windows 10 Pro,5.7,0.00152,False,CVE CVE-2024-21430 affects Windows 10 Pro. EPSS score 0.0015 indicates low exploitation probability. Not confirmed exploited in the wild.
CVE-2024-2626,Google Chrome,6.5,0.00152,False,CVE CVE-2024-2626 affects Google Chrome. EPSS score 0.0015 indicates low exploitation probability. Not confirmed exploited in the wild.
CVE-2025-24048,Windows Server 2022,7.8,0.00152,False,CVE CVE-2025-24048 affects Windows Server 2022. EPSS score 0.0015 indicates low exploitation probability. Not confirmed exploited in the wild.
CVE-2025-24048,Windows 10 Pro,7.8,0.00152,False,CVE CVE-2025-24048 affects Windows 10 Pro. EPSS score 0.0015 indicates low exploitation probability. Not confirmed exploited in the wild.
CVE-2025-24050,Windows Server 2022,7.8,0.00152,False,CVE CVE-2025-24050 affects Windows Server 2022. EPSS score 0.0015 indicates low exploitation probability. Not confirmed exploited in the wild.
CVE-2025-24050,Windows 10 Pro,7.8,0.00152,False,CVE CVE-2025-24050 affects Windows 10 Pro. EPSS score 0.0015 indicates low exploitation probability. Not confirmed exploited in the wild.
CVE-2025-24072,Windows Server 2022,7.8,0.00152,False,CVE CVE-2025-24072 affects Windows Server 2022. EPSS score 0.0015 indicates low exploitation probability. Not confirmed exploited in the wild.
CVE-2025-24072,Windows 10 Pro,7.8,0.00152,False,CVE CVE-2025-24072 affects Windows 10 Pro. EPSS score 0.0015 indicates low exploitation probability. Not confirmed exploited in the wild.
CVE-2025-54091,Windows Server 2022,7.8,0.00152,False,CVE CVE-2025-54091 affects Windows Server 2022. EPSS score 0.0015 indicates low exploitation probability. Not confirmed exploited in the wild.
CVE-2025-54091,Windows 10 Pro,7.8,0.00152,False,CVE CVE-2025-54091 affects Windows 10 Pro. EPSS score 0.0015 indicates low exploitation probability. Not confirmed exploited in the wild.
CVE-2025-59214,Windows Server 2022,6.5,0.00152,False,CVE CVE-2025-59214 affects Windows Server 2022. EPSS score 0.0015 indicates low exploitation probability. Not confirmed exploited in the wild.
CVE-2025-59214,Windows 10 Pro,6.5,0.00152,False,CVE CVE-2025-59214 affects Windows 10 Pro. EPSS score 0.0015 indicates low exploitation probability. Not confirmed exploited in the wild.
CVE-2025-10501,Google Chrome,8.8,0.00151,False,CVE CVE-2025-10501 affects Google Chrome. EPSS score 0.0015 indicates low exploitation probability. Not confirmed exploited in the wild.
CVE-2025-4050,Google Chrome,8.8,0.00151,False,CVE CVE-2025-4050 affects Google Chrome. EPSS score 0.0015 indicates low exploitation probability. Not confirmed exploited in the wild.
CVE-2026-5861,Google Chrome,8.8,0.00151,False,CVE CVE-2026-5861 affects Google Chrome. EPSS score 0.0015 indicates low exploitation probability. Not confirmed exploited in the wild.
CVE-2026-5866,Google Chrome,8.8,0.00151,False,CVE CVE-2026-5866 affects Google Chrome. EPSS score 0.0015 indicates low exploitation probability. Not confirmed exploited in the wild.
CVE-2026-5872,Google Chrome,8.8,0.00151,False,CVE CVE-2026-5872 affects Google Chrome. EPSS score 0.0015 indicates low exploitation probability. Not confirmed exploited in the wild.
CVE-2026-5877,Google Chrome,8.8,0.00151,False,CVE CVE-2026-5877 affects Google Chrome. EPSS score 0.0015 indicates low exploitation probability. Not confirmed exploited in the wild.
CVE-2026-6316,Google Chrome,8.8,0.00151,False,CVE CVE-2026-6316 affects Google Chrome. EPSS score 0.0015 indicates low exploitation probability. Not confirmed exploited in the wild.
CVE-2026-6317,Google Chrome,8.8,0.00151,False,CVE CVE-2026-6317 affects Google Chrome. EPSS score 0.0015 indicates low exploitation probability. Not confirmed exploited in the wild.
CVE-2026-8018,Google Chrome,8.1,0.00151,False,CVE CVE-2026-8018 affects Google Chrome. EPSS score 0.0015 indicates low exploitation probability. Not confirmed exploited in the wild.
CVE-2024-28922,Windows Server 2022,4.1,0.0015,False,CVE CVE-2024-28922 affects Windows Server 2022. EPSS score 0.0015 indicates low exploitation probability. Not confirmed exploited in the wild.
CVE-2024-28922,Windows 10 Pro,4.1,0.0015,False,CVE CVE-2024-28922 affects Windows 10 Pro. EPSS score 0.0015 indicates low exploitation probability. Not confirmed exploited in the wild.
CVE-2025-54098,Windows Server 2022,7.8,0.0015,False,CVE CVE-2025-54098 affects Windows Server 2022. EPSS score 0.0015 indicates low exploitation probability. Not confirmed exploited in the wild.
CVE-2025-54098,Windows 10 Pro,7.8,0.0015,False,CVE CVE-2025-54098 affects Windows 10 Pro. EPSS score 0.0015 indicates low exploitation probability. Not confirmed exploited in the wild.
CVE-2026-5884,Google Chrome,8.8,0.0015,False,CVE CVE-2026-5884 affects Google Chrome. EPSS score 0.0015 indicates low exploitation probability. Not confirmed exploited in the wild.
CVE-2025-7657,Google Chrome,8.8,0.00149,False,CVE CVE-2025-7657 affects Google Chrome. EPSS score 0.0015 indicates low exploitation probability. Not confirmed exploited in the wild.
CVE-2024-38235,Windows Server 2022,6.5,0.00148,False,CVE CVE-2024-38235 affects Windows Server 2022. EPSS score 0.0015 indicates low exploitation probability. Not confirmed exploited in the wild.
CVE-2024-38235,Windows 10 Pro,6.5,0.00148,False,CVE CVE-2024-38235 affects Windows 10 Pro. EPSS score 0.0015 indicates low exploitation probability. Not confirmed exploited in the wild.
CVE-2024-4950,Google Chrome,6.5,0.00148,False,CVE CVE-2024-4950 affects Google Chrome. EPSS score 0.0015 indicates low exploitation probability. Not confirmed exploited in the wild.
CVE-2025-24066,Windows Server 2022,7.8,0.00148,False,CVE CVE-2025-24066 affects Windows Server 2022. EPSS score 0.0015 indicates low exploitation probability. Not confirmed exploited in the wild.
CVE-2025-24066,Windows 10 Pro,7.8,0.00148,False,CVE CVE-2025-24066 affects Windows 10 Pro. EPSS score 0.0015 indicates low exploitation probability. Not confirmed exploited in the wild.
CVE-2025-24067,Windows Server 2022,7.8,0.00148,False,CVE CVE-2025-24067 affects Windows Server 2022. EPSS score 0.0015 indicates low exploitation probability. Not confirmed exploited in the wild.
CVE-2025-24067,Windows 10 Pro,7.8,0.00148,False,CVE CVE-2025-24067 affects Windows 10 Pro. EPSS score 0.0015 indicates low exploitation probability. Not confirmed exploited in the wild.
CVE-2025-49756,Microsoft 365 Apps for Business,3.3,0.00148,False,CVE CVE-2025-49756 affects Microsoft 365 Apps for Business. EPSS score 0.0015 indicates low exploitation probability. Not confirmed exploited in the wild.
CVE-2025-8879,Google Chrome,8.8,0.00148,False,CVE CVE-2025-8879 affects Google Chrome. EPSS score 0.0015 indicates low exploitation probability. Not confirmed exploited in the wild.
CVE-2026-2321,Google Chrome,8.8,0.00148,False,CVE CVE-2026-2321 affects Google Chrome. EPSS score 0.0015 indicates low exploitation probability. Not confirmed exploited in the wild.
CVE-2026-33857,Apache HTTP Server,5.3,0.00148,False,CVE CVE-2026-33857 affects Apache HTTP Server. EPSS score 0.0015 indicates low exploitation probability. Not confirmed exploited in the wild.
CVE-2026-34032,Apache HTTP Server,5.3,0.00148,False,CVE CVE-2026-34032 affects Apache HTTP Server. EPSS score 0.0015 indicates low exploitation probability. Not confirmed exploited in the wild.
CVE-2026-3917,Google Chrome,8.8,0.00148,False,CVE CVE-2026-3917 affects Google Chrome. EPSS score 0.0015 indicates low exploitation probability. Not confirmed exploited in the wild.
CVE-2026-3921,Google Chrome,8.8,0.00148,False,CVE CVE-2026-3921 affects Google Chrome. EPSS score 0.0015 indicates low exploitation probability. Not confirmed exploited in the wild.
CVE-2026-3922,Google Chrome,8.8,0.00148,False,CVE CVE-2026-3922 affects Google Chrome. EPSS score 0.0015 indicates low exploitation probability. Not confirmed exploited in the wild.
CVE-2026-3924,Google Chrome,7.5,0.00148,False,CVE CVE-2026-3924 affects Google Chrome. EPSS score 0.0015 indicates low exploitation probability. Not confirmed exploited in the wild.
CVE-2026-8000,Google Chrome,8.8,0.00148,False,CVE CVE-2026-8000 affects Google Chrome. EPSS score 0.0015 indicates low exploitation probability. Not confirmed exploited in the wild.
CVE-2024-2400,Google Chrome,8.8,0.00147,False,CVE CVE-2024-2400 affects Google Chrome. EPSS score 0.0015 indicates low exploitation probability. Not confirmed exploited in the wild.
CVE-2024-38223,Windows Server 2022,6.8,0.00147,False,CVE CVE-2024-38223 affects Windows Server 2022. EPSS score 0.0015 indicates low exploitation probability. Not confirmed exploited in the wild.
CVE-2024-38223,Windows 10 Pro,6.8,0.00147,False,CVE CVE-2024-38223 affects Windows 10 Pro. EPSS score 0.0015 indicates low exploitation probability. Not confirmed exploited in the wild.
CVE-2024-6999,Google Chrome,4.3,0.00147,False,CVE CVE-2024-6999 affects Google Chrome. EPSS score 0.0015 indicates low exploitation probability. Not confirmed exploited in the wild.
CVE-2024-7001,Google Chrome,4.3,0.00147,False,CVE CVE-2024-7001 affects Google Chrome. EPSS score 0.0015 indicates low exploitation probability. Not confirmed exploited in the wild.
CVE-2025-24035,Windows Server 2022,8.1,0.00147,False,CVE CVE-2025-24035 affects Windows Server 2022. EPSS score 0.0015 indicates low exploitation probability. Not confirmed exploited in the wild.
CVE-2025-24035,Windows 10 Pro,8.1,0.00147,False,CVE CVE-2025-24035 affects Windows 10 Pro. EPSS score 0.0015 indicates low exploitation probability. Not confirmed exploited in the wild.
CVE-2025-5958,Google Chrome,8.8,0.00147,False,CVE CVE-2025-5958 affects Google Chrome. EPSS score 0.0015 indicates low exploitation probability. Not confirmed exploited in the wild.
CVE-2024-30031,Windows Server 2022,7.8,0.00146,False,CVE CVE-2024-30031 affects Windows Server 2022. EPSS score 0.0015 indicates low exploitation probability. Not confirmed exploited in the wild.
CVE-2024-30031,Windows 10 Pro,7.8,0.00146,False,CVE CVE-2024-30031 affects Windows 10 Pro. EPSS score 0.0015 indicates low exploitation probability. Not confirmed exploited in the wild.
CVE-2024-49097,Windows Server 2022,7.0,0.00146,False,CVE CVE-2024-49097 affects Windows Server 2022. EPSS score 0.0015 indicates low exploitation probability. Not confirmed exploited in the wild.
CVE-2024-49097,Windows 10 Pro,7.0,0.00146,False,CVE CVE-2024-49097 affects Windows 10 Pro. EPSS score 0.0015 indicates low exploitation probability. Not confirmed exploited in the wild.
CVE-2024-1675,Google Chrome,8.8,0.00145,False,CVE CVE-2024-1675 affects Google Chrome. EPSS score 0.0014 indicates low exploitation probability. Not confirmed exploited in the wild.
CVE-2024-43394,Apache HTTP Server,7.5,0.00145,False,CVE CVE-2024-43394 affects Apache HTTP Server. EPSS score 0.0014 indicates low exploitation probability. Not confirmed exploited in the wild.
CVE-2025-65082,Apache HTTP Server,6.5,0.00145,False,CVE CVE-2025-65082 affects Apache HTTP Server. EPSS score 0.0014 indicates low exploitation probability. Not confirmed exploited in the wild.
CVE-2026-23674,Windows Server 2022,7.5,0.00145,False,CVE CVE-2026-23674 affects Windows Server 2022. EPSS score 0.0014 indicates low exploitation probability. Not confirmed exploited in the wild.
CVE-2026-23674,Windows 10 Pro,7.5,0.00145,False,CVE CVE-2026-23674 affects Windows 10 Pro. EPSS score 0.0014 indicates low exploitation probability. Not confirmed exploited in the wild.
CVE-2025-21367,Windows Server 2022,7.8,0.00144,False,CVE CVE-2025-21367 affects Windows Server 2022. EPSS score 0.0014 indicates low exploitation probability. Not confirmed exploited in the wild.
CVE-2025-21367,Windows 10 Pro,7.8,0.00144,False,CVE CVE-2025-21367 affects Windows 10 Pro. EPSS score 0.0014 indicates low exploitation probability. Not confirmed exploited in the wild.
CVE-2026-26156,Windows Server 2022,7.8,0.00144,False,CVE CVE-2026-26156 affects Windows Server 2022. EPSS score 0.0014 indicates low exploitation probability. Not confirmed exploited in the wild.
CVE-2026-26156,Windows 10 Pro,7.8,0.00144,False,CVE CVE-2026-26156 affects Windows 10 Pro. EPSS score 0.0014 indicates low exploitation probability. Not confirmed exploited in the wild.
CVE-2025-12907,Google Chrome,8.8,0.00143,False,CVE CVE-2025-12907 affects Google Chrome. EPSS score 0.0014 indicates low exploitation probability. Not confirmed exploited in the wild.
CVE-2025-21317,Windows Server 2022,5.5,0.00143,False,CVE CVE-2025-21317 affects Windows Server 2022. EPSS score 0.0014 indicates low exploitation probability. Not confirmed exploited in the wild.
CVE-2025-21317,Windows 10 Pro,5.5,0.00143,False,CVE CVE-2025-21317 affects Windows 10 Pro. EPSS score 0.0014 indicates low exploitation probability. Not confirmed exploited in the wild.
CVE-2025-21323,Windows Server 2022,5.5,0.00143,False,CVE CVE-2025-21323 affects Windows Server 2022. EPSS score 0.0014 indicates low exploitation probability. Not confirmed exploited in the wild.
CVE-2025-21323,Windows 10 Pro,5.5,0.00143,False,CVE CVE-2025-21323 affects Windows 10 Pro. EPSS score 0.0014 indicates low exploitation probability. Not confirmed exploited in the wild.
CVE-2025-55692,Windows Server 2022,7.8,0.00143,False,CVE CVE-2025-55692 affects Windows Server 2022. EPSS score 0.0014 indicates low exploitation probability. Not confirmed exploited in the wild.
CVE-2025-55692,Windows 10 Pro,7.8,0.00143,False,CVE CVE-2025-55692 affects Windows 10 Pro. EPSS score 0.0014 indicates low exploitation probability. Not confirmed exploited in the wild.
CVE-2024-26176,Windows Server 2022,7.8,0.00142,False,CVE CVE-2024-26176 affects Windows Server 2022. EPSS score 0.0014 indicates low exploitation probability. Not confirmed exploited in the wild.
CVE-2024-26176,Windows 10 Pro,7.8,0.00142,False,CVE CVE-2024-26176 affects Windows 10 Pro. EPSS score 0.0014 indicates low exploitation probability. Not confirmed exploited in the wild.
CVE-2024-28593,Moodle,5.4,0.00142,False,CVE CVE-2024-28593 affects Moodle. EPSS score 0.0014 indicates low exploitation probability. Not confirmed exploited in the wild.
CVE-2024-38013,Windows Server 2022,6.7,0.00142,False,CVE CVE-2024-38013 affects Windows Server 2022. EPSS score 0.0014 indicates low exploitation probability. Not confirmed exploited in the wild.
CVE-2024-38013,Windows 10 Pro,6.7,0.00142,False,CVE CVE-2024-38013 affects Windows 10 Pro. EPSS score 0.0014 indicates low exploitation probability. Not confirmed exploited in the wild.
CVE-2024-5835,Google Chrome,8.8,0.00142,False,CVE CVE-2024-5835 affects Google Chrome. EPSS score 0.0014 indicates low exploitation probability. Not confirmed exploited in the wild.
CVE-2024-9369,Google Chrome,9.6,0.00142,False,CVE CVE-2024-9369 affects Google Chrome. EPSS score 0.0014 indicates low exploitation probability. Not confirmed exploited in the wild.
CVE-2025-3066,Google Chrome,8.8,0.00142,False,CVE CVE-2025-3066 affects Google Chrome. EPSS score 0.0014 indicates low exploitation probability. Not confirmed exploited in the wild.
CVE-2024-26178,Windows Server 2022,7.8,0.00141,False,CVE CVE-2024-26178 affects Windows Server 2022. EPSS score 0.0014 indicates low exploitation probability. Not confirmed exploited in the wild.
CVE-2024-26178,Windows 10 Pro,7.8,0.00141,False,CVE CVE-2024-26178 affects Windows 10 Pro. EPSS score 0.0014 indicates low exploitation probability. Not confirmed exploited in the wild.
CVE-2025-21257,Windows Server 2022,5.5,0.00141,False,CVE CVE-2025-21257 affects Windows Server 2022. EPSS score 0.0014 indicates low exploitation probability. Not confirmed exploited in the wild.
CVE-2025-21257,Windows 10 Pro,5.5,0.00141,False,CVE CVE-2025-21257 affects Windows 10 Pro. EPSS score 0.0014 indicates low exploitation probability. Not confirmed exploited in the wild.
CVE-2026-25181,Windows Server 2022,7.5,0.00141,False,CVE CVE-2026-25181 affects Windows Server 2022. EPSS score 0.0014 indicates low exploitation probability. Not confirmed exploited in the wild.
CVE-2026-25181,Windows 10 Pro,7.5,0.00141,False,CVE CVE-2026-25181 affects Windows 10 Pro. EPSS score 0.0014 indicates low exploitation probability. Not confirmed exploited in the wild.
CVE-2026-26162,Windows Server 2022,7.8,0.00141,False,CVE CVE-2026-26162 affects Windows Server 2022. EPSS score 0.0014 indicates low exploitation probability. Not confirmed exploited in the wild.
CVE-2026-26162,Windows 10 Pro,7.8,0.00141,False,CVE CVE-2026-26162 affects Windows 10 Pro. EPSS score 0.0014 indicates low exploitation probability. Not confirmed exploited in the wild.
CVE-2026-5883,Google Chrome,8.8,0.00141,False,CVE CVE-2026-5883 affects Google Chrome. EPSS score 0.0014 indicates low exploitation probability. Not confirmed exploited in the wild.
CVE-2024-20765,Adobe Acrobat Reader DC,7.8,0.0014,False,CVE CVE-2024-20765 affects Adobe Acrobat Reader DC. EPSS score 0.0014 indicates low exploitation probability. Not confirmed exploited in the wild.
CVE-2025-24997,Windows Server 2022,4.4,0.0014,False,CVE CVE-2025-24997 affects Windows Server 2022. EPSS score 0.0014 indicates low exploitation probability. Not confirmed exploited in the wild.
CVE-2025-24997,Windows 10 Pro,4.4,0.0014,False,CVE CVE-2025-24997 affects Windows 10 Pro. EPSS score 0.0014 indicates low exploitation probability. Not confirmed exploited in the wild.
CVE-2025-26645,Windows Server 2022,8.8,0.0014,False,CVE CVE-2025-26645 affects Windows Server 2022. EPSS score 0.0014 indicates low exploitation probability. Not confirmed exploited in the wild.
CVE-2025-26645,Windows 10 Pro,8.8,0.0014,False,CVE CVE-2025-26645 affects Windows 10 Pro. EPSS score 0.0014 indicates low exploitation probability. Not confirmed exploited in the wild.
CVE-2024-0518,Google Chrome,8.8,0.00139,False,CVE CVE-2024-0518 affects Google Chrome. EPSS score 0.0014 indicates low exploitation probability. Not confirmed exploited in the wild.
CVE-2025-3638,Moodle,8.8,0.00139,False,CVE CVE-2025-3638 affects Moodle. EPSS score 0.0014 indicates low exploitation probability. Not confirmed exploited in the wild.
CVE-2026-8002,Google Chrome,8.8,0.00139,False,CVE CVE-2026-8002 affects Google Chrome. EPSS score 0.0014 indicates low exploitation probability. Not confirmed exploited in the wild.
CVE-2024-34009,Moodle,7.5,0.00138,False,CVE CVE-2024-34009 affects Moodle. EPSS score 0.0014 indicates low exploitation probability. Not confirmed exploited in the wild.
CVE-2024-38153,Windows Server 2022,7.8,0.00138,False,CVE CVE-2024-38153 affects Windows Server 2022. EPSS score 0.0014 indicates low exploitation probability. Not confirmed exploited in the wild.
CVE-2024-38153,Windows 10 Pro,7.8,0.00138,False,CVE CVE-2024-38153 affects Windows 10 Pro. EPSS score 0.0014 indicates low exploitation probability. Not confirmed exploited in the wild.
CVE-2025-48807,Windows Server 2022,6.7,0.00138,False,CVE CVE-2025-48807 affects Windows Server 2022. EPSS score 0.0014 indicates low exploitation probability. Not confirmed exploited in the wild.
CVE-2025-48807,Windows 10 Pro,6.7,0.00138,False,CVE CVE-2025-48807 affects Windows 10 Pro. EPSS score 0.0014 indicates low exploitation probability. Not confirmed exploited in the wild.
CVE-2024-30069,Windows Server 2022,4.7,0.00137,False,CVE CVE-2024-30069 affects Windows Server 2022. EPSS score 0.0014 indicates low exploitation probability. Not confirmed exploited in the wild.
CVE-2024-30069,Windows 10 Pro,4.7,0.00137,False,CVE CVE-2024-30069 affects Windows 10 Pro. EPSS score 0.0014 indicates low exploitation probability. Not confirmed exploited in the wild.
CVE-2025-1916,Google Chrome,8.8,0.00137,False,CVE CVE-2025-1916 affects Google Chrome. EPSS score 0.0014 indicates low exploitation probability. Not confirmed exploited in the wild.
CVE-2025-21274,Windows Server 2022,5.5,0.00137,False,CVE CVE-2025-21274 affects Windows Server 2022. EPSS score 0.0014 indicates low exploitation probability. Not confirmed exploited in the wild.
CVE-2025-21274,Windows 10 Pro,5.5,0.00137,False,CVE CVE-2025-21274 affects Windows 10 Pro. EPSS score 0.0014 indicates low exploitation probability. Not confirmed exploited in the wild.
CVE-2025-59204,Windows Server 2022,5.5,0.00137,False,CVE CVE-2025-59204 affects Windows Server 2022. EPSS score 0.0014 indicates low exploitation probability. Not confirmed exploited in the wild.
CVE-2025-59204,Windows 10 Pro,5.5,0.00137,False,CVE CVE-2025-59204 affects Windows 10 Pro. EPSS score 0.0014 indicates low exploitation probability. Not confirmed exploited in the wild.
CVE-2026-3918,Google Chrome,8.8,0.00136,False,CVE CVE-2026-3918 affects Google Chrome. EPSS score 0.0014 indicates low exploitation probability. Not confirmed exploited in the wild.
CVE-2026-3923,Google Chrome,8.8,0.00136,False,CVE CVE-2026-3923 affects Google Chrome. EPSS score 0.0014 indicates low exploitation probability. Not confirmed exploited in the wild.
CVE-2026-3936,Google Chrome,8.8,0.00136,False,CVE CVE-2026-3936 affects Google Chrome. EPSS score 0.0014 indicates low exploitation probability. Not confirmed exploited in the wild.
CVE-2025-24046,Windows Server 2022,7.8,0.00135,False,CVE CVE-2025-24046 affects Windows Server 2022. EPSS score 0.0014 indicates low exploitation probability. Not confirmed exploited in the wild.
CVE-2025-24046,Windows 10 Pro,7.8,0.00135,False,CVE CVE-2025-24046 affects Windows 10 Pro. EPSS score 0.0014 indicates low exploitation probability. Not confirmed exploited in the wild.
CVE-2024-0805,Google Chrome,4.3,0.00134,False,CVE CVE-2024-0805 affects Google Chrome. EPSS score 0.0013 indicates low exploitation probability. Not confirmed exploited in the wild.
CVE-2024-21307,Windows Server 2022,7.5,0.00134,False,CVE CVE-2024-21307 affects Windows Server 2022. EPSS score 0.0013 indicates low exploitation probability. Not confirmed exploited in the wild.
CVE-2024-21307,Windows 10 Pro,7.5,0.00134,False,CVE CVE-2024-21307 affects Windows 10 Pro. EPSS score 0.0013 indicates low exploitation probability. Not confirmed exploited in the wild.
CVE-2025-54115,Windows Server 2022,7.0,0.00134,False,CVE CVE-2025-54115 affects Windows Server 2022. EPSS score 0.0013 indicates low exploitation probability. Not confirmed exploited in the wild.
CVE-2025-54115,Windows 10 Pro,7.0,0.00134,False,CVE CVE-2025-54115 affects Windows 10 Pro. EPSS score 0.0013 indicates low exploitation probability. Not confirmed exploited in the wild.
CVE-2026-3545,Google Chrome,9.6,0.00134,False,CVE CVE-2026-3545 affects Google Chrome. EPSS score 0.0013 indicates low exploitation probability. Not confirmed exploited in the wild.
CVE-2026-5860,Google Chrome,8.8,0.00134,False,CVE CVE-2026-5860 affects Google Chrome. EPSS score 0.0013 indicates low exploitation probability. Not confirmed exploited in the wild.
CVE-2024-21340,Windows Server 2022,4.6,0.00131,False,CVE CVE-2024-21340 affects Windows Server 2022. EPSS score 0.0013 indicates low exploitation probability. Not confirmed exploited in the wild.
CVE-2024-21340,Windows 10 Pro,4.6,0.00131,False,CVE CVE-2024-21340 affects Windows 10 Pro. EPSS score 0.0013 indicates low exploitation probability. Not confirmed exploited in the wild.
CVE-2024-2884,Google Chrome,6.5,0.00131,False,CVE CVE-2024-2884 affects Google Chrome. EPSS score 0.0013 indicates low exploitation probability. Not confirmed exploited in the wild.
CVE-2024-2885,Google Chrome,8.8,0.00131,False,CVE CVE-2024-2885 affects Google Chrome. EPSS score 0.0013 indicates low exploitation probability. Not confirmed exploited in the wild.
CVE-2026-32157,Windows Server 2022,8.8,0.00131,False,CVE CVE-2026-32157 affects Windows Server 2022. EPSS score 0.0013 indicates low exploitation probability. Not confirmed exploited in the wild.
CVE-2026-32157,Windows 10 Pro,8.8,0.00131,False,CVE CVE-2026-32157 affects Windows 10 Pro. EPSS score 0.0013 indicates low exploitation probability. Not confirmed exploited in the wild.
CVE-2026-23666,Windows Server 2022,7.5,0.0013,False,CVE CVE-2026-23666 affects Windows Server 2022. EPSS score 0.0013 indicates low exploitation probability. Not confirmed exploited in the wild.
CVE-2026-23666,Windows 10 Pro,7.5,0.0013,False,CVE CVE-2026-23666 affects Windows 10 Pro. EPSS score 0.0013 indicates low exploitation probability. Not confirmed exploited in the wild.
CVE-2026-32149,Windows Server 2022,7.3,0.0013,False,CVE CVE-2026-32149 affects Windows Server 2022. EPSS score 0.0013 indicates low exploitation probability. Not confirmed exploited in the wild.
CVE-2026-32149,Windows 10 Pro,7.3,0.0013,False,CVE CVE-2026-32149 affects Windows 10 Pro. EPSS score 0.0013 indicates low exploitation probability. Not confirmed exploited in the wild.
CVE-2024-0814,Google Chrome,6.5,0.00129,False,CVE CVE-2024-0814 affects Google Chrome. EPSS score 0.0013 indicates low exploitation probability. Not confirmed exploited in the wild.
CVE-2024-49076,Windows Server 2022,7.8,0.00129,False,CVE CVE-2024-49076 affects Windows Server 2022. EPSS score 0.0013 indicates low exploitation probability. Not confirmed exploited in the wild.
CVE-2024-49076,Windows 10 Pro,7.8,0.00129,False,CVE CVE-2024-49076 affects Windows 10 Pro. EPSS score 0.0013 indicates low exploitation probability. Not confirmed exploited in the wild.
CVE-2024-8638,Google Chrome,8.8,0.00129,False,CVE CVE-2024-8638 affects Google Chrome. EPSS score 0.0013 indicates low exploitation probability. Not confirmed exploited in the wild.
CVE-2024-9963,Google Chrome,4.3,0.00129,False,CVE CVE-2024-9963 affects Google Chrome. EPSS score 0.0013 indicates low exploitation probability. Not confirmed exploited in the wild.
CVE-2024-9964,Google Chrome,4.3,0.00129,False,CVE CVE-2024-9964 affects Google Chrome. EPSS score 0.0013 indicates low exploitation probability. Not confirmed exploited in the wild.
CVE-2025-53803,Windows Server 2022,5.5,0.00129,False,CVE CVE-2025-53803 affects Windows Server 2022. EPSS score 0.0013 indicates low exploitation probability. Not confirmed exploited in the wild.
CVE-2025-53803,Windows 10 Pro,5.5,0.00129,False,CVE CVE-2025-53803 affects Windows 10 Pro. EPSS score 0.0013 indicates low exploitation probability. Not confirmed exploited in the wild.
CVE-2025-53804,Windows Server 2022,5.5,0.00129,False,CVE CVE-2025-53804 affects Windows Server 2022. EPSS score 0.0013 indicates low exploitation probability. Not confirmed exploited in the wild.
CVE-2025-53804,Windows 10 Pro,5.5,0.00129,False,CVE CVE-2025-53804 affects Windows 10 Pro. EPSS score 0.0013 indicates low exploitation probability. Not confirmed exploited in the wild.
CVE-2026-20872,Windows Server 2022,6.5,0.00129,False,CVE CVE-2026-20872 affects Windows Server 2022. EPSS score 0.0013 indicates low exploitation probability. Not confirmed exploited in the wild.
CVE-2026-20872,Windows 10 Pro,6.5,0.00129,False,CVE CVE-2026-20872 affects Windows 10 Pro. EPSS score 0.0013 indicates low exploitation probability. Not confirmed exploited in the wild.
CVE-2026-26152,Windows Server 2022,7.0,0.00129,False,CVE CVE-2026-26152 affects Windows Server 2022. EPSS score 0.0013 indicates low exploitation probability. Not confirmed exploited in the wild.
CVE-2026-26152,Windows 10 Pro,7.0,0.00129,False,CVE CVE-2026-26152 affects Windows 10 Pro. EPSS score 0.0013 indicates low exploitation probability. Not confirmed exploited in the wild.
CVE-2026-33006,Apache HTTP Server,4.8,0.00129,False,CVE CVE-2026-33006 affects Apache HTTP Server. EPSS score 0.0013 indicates low exploitation probability. Not confirmed exploited in the wild.
CVE-2026-41089,Windows Server 2022,9.8,0.00129,False,CVE CVE-2026-41089 affects Windows Server 2022. EPSS score 0.0013 indicates low exploitation probability. Not confirmed exploited in the wild.
CVE-2026-6315,Google Chrome,8.8,0.00129,False,CVE CVE-2026-6315 affects Google Chrome. EPSS score 0.0013 indicates low exploitation probability. Not confirmed exploited in the wild.
CVE-2024-20278,Cisco IOS XE,6.5,0.00128,False,CVE CVE-2024-20278 affects Cisco IOS XE. EPSS score 0.0013 indicates low exploitation probability. Not confirmed exploited in the wild.
CVE-2025-14765,Google Chrome,8.8,0.00128,False,CVE CVE-2025-14765 affects Google Chrome. EPSS score 0.0013 indicates low exploitation probability. Not confirmed exploited in the wild.
CVE-2025-21332,Windows Server 2022,4.3,0.00128,False,CVE CVE-2025-21332 affects Windows Server 2022. EPSS score 0.0013 indicates low exploitation probability. Not confirmed exploited in the wild.
CVE-2025-21332,Windows 10 Pro,4.3,0.00128,False,CVE CVE-2025-21332 affects Windows 10 Pro. EPSS score 0.0013 indicates low exploitation probability. Not confirmed exploited in the wild.
CVE-2025-5064,Google Chrome,5.4,0.00128,False,CVE CVE-2025-5064 affects Google Chrome. EPSS score 0.0013 indicates low exploitation probability. Not confirmed exploited in the wild.
CVE-2026-20811,Windows Server 2022,7.8,0.00128,False,CVE CVE-2026-20811 affects Windows Server 2022. EPSS score 0.0013 indicates low exploitation probability. Not confirmed exploited in the wild.
CVE-2026-20849,Windows Server 2022,7.5,0.00128,False,CVE CVE-2026-20849 affects Windows Server 2022. EPSS score 0.0013 indicates low exploitation probability. Not confirmed exploited in the wild.
CVE-2026-20849,Windows 10 Pro,7.5,0.00128,False,CVE CVE-2026-20849 affects Windows 10 Pro. EPSS score 0.0013 indicates low exploitation probability. Not confirmed exploited in the wild.
CVE-2026-5874,Google Chrome,9.6,0.00128,False,CVE CVE-2026-5874 affects Google Chrome. EPSS score 0.0013 indicates low exploitation probability. Not confirmed exploited in the wild.
CVE-2026-6358,Google Chrome,8.8,0.00128,False,CVE CVE-2026-6358 affects Google Chrome. EPSS score 0.0013 indicates low exploitation probability. Not confirmed exploited in the wild.
CVE-2026-7957,Google Chrome,8.8,0.00128,False,CVE CVE-2026-7957 affects Google Chrome. EPSS score 0.0013 indicates low exploitation probability. Not confirmed exploited in the wild.
CVE-2026-8581,Google Chrome,8.8,0.00128,False,CVE CVE-2026-8581 affects Google Chrome. EPSS score 0.0013 indicates low exploitation probability. Not confirmed exploited in the wild.
CVE-2024-20691,Windows Server 2022,4.7,0.00127,False,CVE CVE-2024-20691 affects Windows Server 2022. EPSS score 0.0013 indicates low exploitation probability. Not confirmed exploited in the wild.
CVE-2024-20691,Windows 10 Pro,4.7,0.00127,False,CVE CVE-2024-20691 affects Windows 10 Pro. EPSS score 0.0013 indicates low exploitation probability. Not confirmed exploited in the wild.
CVE-2024-28897,Windows Server 2022,6.8,0.00127,False,CVE CVE-2024-28897 affects Windows Server 2022. EPSS score 0.0013 indicates low exploitation probability. Not confirmed exploited in the wild.
CVE-2024-28897,Windows 10 Pro,6.8,0.00127,False,CVE CVE-2024-28897 affects Windows 10 Pro. EPSS score 0.0013 indicates low exploitation probability. Not confirmed exploited in the wild.
CVE-2024-49095,Windows Server 2022,7.0,0.00127,False,CVE CVE-2024-49095 affects Windows Server 2022. EPSS score 0.0013 indicates low exploitation probability. Not confirmed exploited in the wild.
CVE-2024-49095,Windows 10 Pro,7.0,0.00127,False,CVE CVE-2024-49095 affects Windows 10 Pro. EPSS score 0.0013 indicates low exploitation probability. Not confirmed exploited in the wild.
CVE-2025-50158,Windows Server 2022,7.0,0.00127,False,CVE CVE-2025-50158 affects Windows Server 2022. EPSS score 0.0013 indicates low exploitation probability. Not confirmed exploited in the wild.
CVE-2025-50158,Windows 10 Pro,7.0,0.00127,False,CVE CVE-2025-50158 affects Windows 10 Pro. EPSS score 0.0013 indicates low exploitation probability. Not confirmed exploited in the wild.
CVE-2025-59231,Microsoft 365 Apps for Business,7.8,0.00127,False,CVE CVE-2025-59231 affects Microsoft 365 Apps for Business. EPSS score 0.0013 indicates low exploitation probability. Not confirmed exploited in the wild.
CVE-2025-59233,Microsoft 365 Apps for Business,7.8,0.00127,False,CVE CVE-2025-59233 affects Microsoft 365 Apps for Business. EPSS score 0.0013 indicates low exploitation probability. Not confirmed exploited in the wild.
CVE-2026-20955,Microsoft 365 Apps for Business,7.8,0.00127,False,CVE CVE-2026-20955 affects Microsoft 365 Apps for Business. EPSS score 0.0013 indicates low exploitation probability. Not confirmed exploited in the wild.
CVE-2026-20956,Microsoft 365 Apps for Business,7.8,0.00127,False,CVE CVE-2026-20956 affects Microsoft 365 Apps for Business. EPSS score 0.0013 indicates low exploitation probability. Not confirmed exploited in the wild.
CVE-2024-11116,Google Chrome,4.3,0.00126,False,CVE CVE-2024-11116 affects Google Chrome. EPSS score 0.0013 indicates low exploitation probability. Not confirmed exploited in the wild.
CVE-2024-30065,Windows Server 2022,5.5,0.00126,False,CVE CVE-2024-30065 affects Windows Server 2022. EPSS score 0.0013 indicates low exploitation probability. Not confirmed exploited in the wild.
CVE-2024-30065,Windows 10 Pro,5.5,0.00126,False,CVE CVE-2024-30065 affects Windows 10 Pro. EPSS score 0.0013 indicates low exploitation probability. Not confirmed exploited in the wild.
CVE-2024-45689,Moodle,6.5,0.00126,False,CVE CVE-2024-45689 affects Moodle. EPSS score 0.0013 indicates low exploitation probability. Not confirmed exploited in the wild.
CVE-2024-6995,Google Chrome,4.7,0.00126,False,CVE CVE-2024-6995 affects Google Chrome. EPSS score 0.0013 indicates low exploitation probability. Not confirmed exploited in the wild.
CVE-2024-8909,Google Chrome,4.3,0.00126,False,CVE CVE-2024-8909 affects Google Chrome. EPSS score 0.0013 indicates low exploitation probability. Not confirmed exploited in the wild.
CVE-2025-0144,Zoom,3.1,0.00126,False,CVE CVE-2025-0144 affects Zoom. EPSS score 0.0013 indicates low exploitation probability. Not confirmed exploited in the wild.
CVE-2025-0448,Google Chrome,4.3,0.00126,False,CVE CVE-2025-0448 affects Google Chrome. EPSS score 0.0013 indicates low exploitation probability. Not confirmed exploited in the wild.
CVE-2026-0906,Google Chrome,9.8,0.00126,False,CVE CVE-2026-0906 affects Google Chrome. EPSS score 0.0013 indicates low exploitation probability. Not confirmed exploited in the wild.
CVE-2026-0907,Google Chrome,9.8,0.00126,False,CVE CVE-2026-0907 affects Google Chrome. EPSS score 0.0013 indicates low exploitation probability. Not confirmed exploited in the wild.
CVE-2026-34344,Windows Server 2022,7.8,0.00126,False,CVE CVE-2026-34344 affects Windows Server 2022. EPSS score 0.0013 indicates low exploitation probability. Not confirmed exploited in the wild.
CVE-2026-34344,Windows 10 Pro,7.8,0.00126,False,CVE CVE-2026-34344 affects Windows 10 Pro. EPSS score 0.0013 indicates low exploitation probability. Not confirmed exploited in the wild.
CVE-2026-35417,Windows Server 2022,7.8,0.00126,False,CVE CVE-2026-35417 affects Windows Server 2022. EPSS score 0.0013 indicates low exploitation probability. Not confirmed exploited in the wild.
CVE-2026-35417,Windows 10 Pro,7.8,0.00126,False,CVE CVE-2026-35417 affects Windows 10 Pro. EPSS score 0.0013 indicates low exploitation probability. Not confirmed exploited in the wild.
CVE-2024-21313,Windows Server 2022,5.3,0.00125,False,CVE CVE-2024-21313 affects Windows Server 2022. EPSS score 0.0013 indicates low exploitation probability. Not confirmed exploited in the wild.
CVE-2024-21313,Windows 10 Pro,5.3,0.00125,False,CVE CVE-2024-21313 affects Windows 10 Pro. EPSS score 0.0013 indicates low exploitation probability. Not confirmed exploited in the wild.
CVE-2024-22267,VMware vSphere,9.3,0.00125,False,CVE CVE-2024-22267 affects VMware vSphere. EPSS score 0.0013 indicates low exploitation probability. Not confirmed exploited in the wild.
CVE-2025-62554,Microsoft 365 Apps for Business,8.4,0.00125,False,CVE CVE-2025-62554 affects Microsoft 365 Apps for Business. EPSS score 0.0013 indicates low exploitation probability. Not confirmed exploited in the wild.
CVE-2025-8292,Google Chrome,8.8,0.00125,False,CVE CVE-2025-8292 affects Google Chrome. EPSS score 0.0013 indicates low exploitation probability. Not confirmed exploited in the wild.
CVE-2026-7967,Google Chrome,8.3,0.00125,False,CVE CVE-2026-7967 affects Google Chrome. EPSS score 0.0013 indicates low exploitation probability. Not confirmed exploited in the wild.
CVE-2026-8007,Google Chrome,7.5,0.00125,False,CVE CVE-2026-8007 affects Google Chrome. EPSS score 0.0013 indicates low exploitation probability. Not confirmed exploited in the wild.
CVE-2026-8527,Google Chrome,8.8,0.00125,False,CVE CVE-2026-8527 affects Google Chrome. EPSS score 0.0013 indicates low exploitation probability. Not confirmed exploited in the wild.
CVE-2025-21359,Windows Server 2022,7.8,0.00124,False,CVE CVE-2025-21359 affects Windows Server 2022. EPSS score 0.0012 indicates low exploitation probability. Not confirmed exploited in the wild.
CVE-2025-21359,Windows 10 Pro,7.8,0.00124,False,CVE CVE-2025-21359 affects Windows 10 Pro. EPSS score 0.0012 indicates low exploitation probability. Not confirmed exploited in the wild.
CVE-2025-3069,Google Chrome,8.8,0.00124,False,CVE CVE-2025-3069 affects Google Chrome. EPSS score 0.0012 indicates low exploitation probability. Not confirmed exploited in the wild.
CVE-2025-4051,Google Chrome,6.3,0.00124,False,CVE CVE-2025-4051 affects Google Chrome. EPSS score 0.0012 indicates low exploitation probability. Not confirmed exploited in the wild.
CVE-2025-54113,Windows Server 2022,8.8,0.00124,False,CVE CVE-2025-54113 affects Windows Server 2022. EPSS score 0.0012 indicates low exploitation probability. Not confirmed exploited in the wild.
CVE-2024-2630,Google Chrome,6.5,0.00123,False,CVE CVE-2024-2630 affects Google Chrome. EPSS score 0.0012 indicates low exploitation probability. Not confirmed exploited in the wild.
CVE-2024-7024,Google Chrome,9.6,0.00123,False,CVE CVE-2024-7024 affects Google Chrome. EPSS score 0.0012 indicates low exploitation probability. Not confirmed exploited in the wild.
CVE-2025-3635,Moodle,3.5,0.00123,False,CVE CVE-2025-3635 affects Moodle. EPSS score 0.0012 indicates low exploitation probability. Not confirmed exploited in the wild.
CVE-2026-8016,Google Chrome,8.8,0.00123,False,CVE CVE-2026-8016 affects Google Chrome. EPSS score 0.0012 indicates low exploitation probability. Not confirmed exploited in the wild.
CVE-2024-5839,Google Chrome,6.5,0.00122,False,CVE CVE-2024-5839 affects Google Chrome. EPSS score 0.0012 indicates low exploitation probability. Not confirmed exploited in the wild.
CVE-2026-40413,Windows Server 2022,7.4,0.00122,False,CVE CVE-2026-40413 affects Windows Server 2022. EPSS score 0.0012 indicates low exploitation probability. Not confirmed exploited in the wild.
CVE-2026-40413,Windows 10 Pro,7.4,0.00122,False,CVE CVE-2026-40413 affects Windows 10 Pro. EPSS score 0.0012 indicates low exploitation probability. Not confirmed exploited in the wild.
CVE-2026-40414,Windows Server 2022,7.4,0.00122,False,CVE CVE-2026-40414 affects Windows Server 2022. EPSS score 0.0012 indicates low exploitation probability. Not confirmed exploited in the wild.
CVE-2026-40414,Windows 10 Pro,7.4,0.00122,False,CVE CVE-2026-40414 affects Windows 10 Pro. EPSS score 0.0012 indicates low exploitation probability. Not confirmed exploited in the wild.
CVE-2024-43631,Windows Server 2022,6.7,0.00121,False,CVE CVE-2024-43631 affects Windows Server 2022. EPSS score 0.0012 indicates low exploitation probability. Not confirmed exploited in the wild.
CVE-2024-43631,Windows 10 Pro,6.7,0.00121,False,CVE CVE-2024-43631 affects Windows 10 Pro. EPSS score 0.0012 indicates low exploitation probability. Not confirmed exploited in the wild.
CVE-2024-43646,Windows Server 2022,6.7,0.00121,False,CVE CVE-2024-43646 affects Windows Server 2022. EPSS score 0.0012 indicates low exploitation probability. Not confirmed exploited in the wild.
CVE-2024-43646,Windows 10 Pro,6.7,0.00121,False,CVE CVE-2024-43646 affects Windows 10 Pro. EPSS score 0.0012 indicates low exploitation probability. Not confirmed exploited in the wild.
CVE-2024-7019,Google Chrome,4.3,0.00121,False,CVE CVE-2024-7019 affects Google Chrome. EPSS score 0.0012 indicates low exploitation probability. Not confirmed exploited in the wild.
CVE-2024-7020,Google Chrome,4.3,0.00121,False,CVE CVE-2024-7020 affects Google Chrome. EPSS score 0.0012 indicates low exploitation probability. Not confirmed exploited in the wild.
CVE-2025-10891,Google Chrome,8.8,0.00121,False,CVE CVE-2025-10891 affects Google Chrome. EPSS score 0.0012 indicates low exploitation probability. Not confirmed exploited in the wild.
CVE-2025-10892,Google Chrome,8.8,0.00121,False,CVE CVE-2025-10892 affects Google Chrome. EPSS score 0.0012 indicates low exploitation probability. Not confirmed exploited in the wild.
CVE-2025-3619,Google Chrome,8.8,0.00121,False,CVE CVE-2025-3619 affects Google Chrome. EPSS score 0.0012 indicates low exploitation probability. Not confirmed exploited in the wild.
CVE-2025-62559,Microsoft 365 Apps for Business,7.8,0.00121,False,CVE CVE-2025-62559 affects Microsoft 365 Apps for Business. EPSS score 0.0012 indicates low exploitation probability. Not confirmed exploited in the wild.
CVE-2026-20806,Windows Server 2022,5.5,0.00121,False,CVE CVE-2026-20806 affects Windows Server 2022. EPSS score 0.0012 indicates low exploitation probability. Not confirmed exploited in the wild.
CVE-2026-20806,Windows 10 Pro,5.5,0.00121,False,CVE CVE-2026-20806 affects Windows 10 Pro. EPSS score 0.0012 indicates low exploitation probability. Not confirmed exploited in the wild.
CVE-2025-50167,Windows Server 2022,7.0,0.0012,False,CVE CVE-2025-50167 affects Windows Server 2022. EPSS score 0.0012 indicates low exploitation probability. Not confirmed exploited in the wild.
CVE-2025-50167,Windows 10 Pro,7.0,0.0012,False,CVE CVE-2025-50167 affects Windows 10 Pro. EPSS score 0.0012 indicates low exploitation probability. Not confirmed exploited in the wild.
CVE-2025-62399,Moodle,7.5,0.0012,False,CVE CVE-2025-62399 affects Moodle. EPSS score 0.0012 indicates low exploitation probability. Not confirmed exploited in the wild.
CVE-2024-26194,Windows Server 2022,7.4,0.00119,False,CVE CVE-2024-26194 affects Windows Server 2022. EPSS score 0.0012 indicates low exploitation probability. Not confirmed exploited in the wild.
CVE-2024-26194,Windows 10 Pro,7.4,0.00119,False,CVE CVE-2024-26194 affects Windows 10 Pro. EPSS score 0.0012 indicates low exploitation probability. Not confirmed exploited in the wild.
CVE-2025-54106,Windows Server 2022,8.8,0.00119,False,CVE CVE-2025-54106 affects Windows Server 2022. EPSS score 0.0012 indicates low exploitation probability. Not confirmed exploited in the wild.
CVE-2025-54916,Windows Server 2022,7.8,0.00119,False,CVE CVE-2025-54916 affects Windows Server 2022. EPSS score 0.0012 indicates low exploitation probability. Not confirmed exploited in the wild.
CVE-2025-54916,Windows 10 Pro,7.8,0.00119,False,CVE CVE-2025-54916 affects Windows 10 Pro. EPSS score 0.0012 indicates low exploitation probability. Not confirmed exploited in the wild.
CVE-2025-59511,Windows Server 2022,7.8,0.00119,False,CVE CVE-2025-59511 affects Windows Server 2022. EPSS score 0.0012 indicates low exploitation probability. Not confirmed exploited in the wild.
CVE-2025-59511,Windows 10 Pro,7.8,0.00119,False,CVE CVE-2025-59511 affects Windows 10 Pro. EPSS score 0.0012 indicates low exploitation probability. Not confirmed exploited in the wild.
CVE-2026-26144,Microsoft 365 Apps for Business,7.5,0.00119,False,CVE CVE-2026-26144 affects Microsoft 365 Apps for Business. EPSS score 0.0012 indicates low exploitation probability. Not confirmed exploited in the wild.
CVE-2026-7978,Google Chrome,8.1,0.00119,False,CVE CVE-2026-7978 affects Google Chrome. EPSS score 0.0012 indicates low exploitation probability. Not confirmed exploited in the wild.
CVE-2024-7025,Google Chrome,8.8,0.00118,False,CVE CVE-2024-7025 affects Google Chrome. EPSS score 0.0012 indicates low exploitation probability. Not confirmed exploited in the wild.
CVE-2025-4664,Google Chrome,4.3,0.00118,False,CVE CVE-2025-4664 affects Google Chrome. EPSS score 0.0012 indicates low exploitation probability. Not confirmed exploited in the wild.
CVE-2025-53140,Windows Server 2022,7.0,0.00118,False,CVE CVE-2025-53140 affects Windows Server 2022. EPSS score 0.0012 indicates low exploitation probability. Not confirmed exploited in the wild.
CVE-2025-53140,Windows 10 Pro,7.0,0.00118,False,CVE CVE-2025-53140 affects Windows 10 Pro. EPSS score 0.0012 indicates low exploitation probability. Not confirmed exploited in the wild.
CVE-2025-53142,Windows Server 2022,7.0,0.00118,False,CVE CVE-2025-53142 affects Windows Server 2022. EPSS score 0.0012 indicates low exploitation probability. Not confirmed exploited in the wild.
CVE-2025-53147,Windows Server 2022,7.0,0.00118,False,CVE CVE-2025-53147 affects Windows Server 2022. EPSS score 0.0012 indicates low exploitation probability. Not confirmed exploited in the wild.
CVE-2025-53147,Windows 10 Pro,7.0,0.00118,False,CVE CVE-2025-53147 affects Windows 10 Pro. EPSS score 0.0012 indicates low exploitation probability. Not confirmed exploited in the wild.
CVE-2025-53718,Windows Server 2022,7.0,0.00118,False,CVE CVE-2025-53718 affects Windows Server 2022. EPSS score 0.0012 indicates low exploitation probability. Not confirmed exploited in the wild.
CVE-2025-53718,Windows 10 Pro,7.0,0.00118,False,CVE CVE-2025-53718 affects Windows 10 Pro. EPSS score 0.0012 indicates low exploitation probability. Not confirmed exploited in the wild.
CVE-2025-53721,Windows Server 2022,7.0,0.00118,False,CVE CVE-2025-53721 affects Windows Server 2022. EPSS score 0.0012 indicates low exploitation probability. Not confirmed exploited in the wild.
CVE-2025-53721,Windows 10 Pro,7.0,0.00118,False,CVE CVE-2025-53721 affects Windows 10 Pro. EPSS score 0.0012 indicates low exploitation probability. Not confirmed exploited in the wild.
CVE-2025-53799,Windows Server 2022,5.5,0.00118,False,CVE CVE-2025-53799 affects Windows Server 2022. EPSS score 0.0012 indicates low exploitation probability. Not confirmed exploited in the wild.
CVE-2025-53799,Windows 10 Pro,5.5,0.00118,False,CVE CVE-2025-53799 affects Windows 10 Pro. EPSS score 0.0012 indicates low exploitation probability. Not confirmed exploited in the wild.
CVE-2026-32151,Windows Server 2022,6.5,0.00118,False,CVE CVE-2026-32151 affects Windows Server 2022. EPSS score 0.0012 indicates low exploitation probability. Not confirmed exploited in the wild.
CVE-2026-32151,Windows 10 Pro,6.5,0.00118,False,CVE CVE-2026-32151 affects Windows 10 Pro. EPSS score 0.0012 indicates low exploitation probability. Not confirmed exploited in the wild.
CVE-2026-6919,Google Chrome,9.6,0.00118,False,CVE CVE-2026-6919 affects Google Chrome. EPSS score 0.0012 indicates low exploitation probability. Not confirmed exploited in the wild.
CVE-2026-7956,Google Chrome,8.3,0.00118,False,CVE CVE-2026-7956 affects Google Chrome. EPSS score 0.0012 indicates low exploitation probability. Not confirmed exploited in the wild.
CVE-2026-8001,Google Chrome,8.3,0.00118,False,CVE CVE-2026-8001 affects Google Chrome. EPSS score 0.0012 indicates low exploitation probability. Not confirmed exploited in the wild.
CVE-2024-24698,Zoom,4.9,0.00117,False,CVE CVE-2024-24698 affects Zoom. EPSS score 0.0012 indicates low exploitation probability. Not confirmed exploited in the wild.
CVE-2026-27913,Windows Server 2022,7.7,0.00117,False,CVE CVE-2026-27913 affects Windows Server 2022. EPSS score 0.0012 indicates low exploitation probability. Not confirmed exploited in the wild.
CVE-2024-21362,Windows Server 2022,5.5,0.00116,False,CVE CVE-2024-21362 affects Windows Server 2022. EPSS score 0.0012 indicates low exploitation probability. Not confirmed exploited in the wild.
CVE-2024-21362,Windows 10 Pro,5.5,0.00116,False,CVE CVE-2024-21362 affects Windows 10 Pro. EPSS score 0.0012 indicates low exploitation probability. Not confirmed exploited in the wild.
CVE-2024-49084,Windows Server 2022,7.0,0.00116,False,CVE CVE-2024-49084 affects Windows Server 2022. EPSS score 0.0012 indicates low exploitation probability. Not confirmed exploited in the wild.
CVE-2024-49084,Windows 10 Pro,7.0,0.00116,False,CVE CVE-2024-49084 affects Windows 10 Pro. EPSS score 0.0012 indicates low exploitation probability. Not confirmed exploited in the wild.
CVE-2024-8194,Google Chrome,8.8,0.00116,False,CVE CVE-2024-8194 affects Google Chrome. EPSS score 0.0012 indicates low exploitation probability. Not confirmed exploited in the wild.
CVE-2024-9603,Google Chrome,8.8,0.00116,False,CVE CVE-2024-9603 affects Google Chrome. EPSS score 0.0012 indicates low exploitation probability. Not confirmed exploited in the wild.
CVE-2025-21337,Windows Server 2022,3.3,0.00116,False,CVE CVE-2025-21337 affects Windows Server 2022. EPSS score 0.0012 indicates low exploitation probability. Not confirmed exploited in the wild.
CVE-2025-21337,Windows 10 Pro,3.3,0.00116,False,CVE CVE-2025-21337 affects Windows 10 Pro. EPSS score 0.0012 indicates low exploitation probability. Not confirmed exploited in the wild.
CVE-2025-27161,Adobe Acrobat Reader DC,7.8,0.00116,False,CVE CVE-2025-27161 affects Adobe Acrobat Reader DC. EPSS score 0.0012 indicates low exploitation probability. Not confirmed exploited in the wild.
CVE-2026-20875,Windows Server 2022,7.5,0.00116,False,CVE CVE-2026-20875 affects Windows Server 2022. EPSS score 0.0012 indicates low exploitation probability. Not confirmed exploited in the wild.
CVE-2026-20875,Windows 10 Pro,7.5,0.00116,False,CVE CVE-2026-20875 affects Windows 10 Pro. EPSS score 0.0012 indicates low exploitation probability. Not confirmed exploited in the wild.
CVE-2026-7992,Google Chrome,8.8,0.00116,False,CVE CVE-2026-7992 affects Google Chrome. EPSS score 0.0012 indicates low exploitation probability. Not confirmed exploited in the wild.
CVE-2024-21316,Windows Server 2022,6.1,0.00115,False,CVE CVE-2024-21316 affects Windows Server 2022. EPSS score 0.0011 indicates low exploitation probability. Not confirmed exploited in the wild.
CVE-2024-21316,Windows 10 Pro,6.1,0.00115,False,CVE CVE-2024-21316 affects Windows 10 Pro. EPSS score 0.0011 indicates low exploitation probability. Not confirmed exploited in the wild.
CVE-2024-41833,Adobe Acrobat Reader DC,5.5,0.00115,False,CVE CVE-2024-41833 affects Adobe Acrobat Reader DC. EPSS score 0.0011 indicates low exploitation probability. Not confirmed exploited in the wild.
CVE-2024-41834,Adobe Acrobat Reader DC,5.5,0.00115,False,CVE CVE-2024-41834 affects Adobe Acrobat Reader DC. EPSS score 0.0011 indicates low exploitation probability. Not confirmed exploited in the wild.
CVE-2025-43575,Adobe Acrobat Reader DC,7.8,0.00115,False,CVE CVE-2025-43575 affects Adobe Acrobat Reader DC. EPSS score 0.0011 indicates low exploitation probability. Not confirmed exploited in the wild.
CVE-2025-13226,Google Chrome,8.8,0.00114,False,CVE CVE-2025-13226 affects Google Chrome. EPSS score 0.0011 indicates low exploitation probability. Not confirmed exploited in the wild.
CVE-2025-13230,Google Chrome,8.8,0.00114,False,CVE CVE-2025-13230 affects Google Chrome. EPSS score 0.0011 indicates low exploitation probability. Not confirmed exploited in the wild.
CVE-2026-7951,Google Chrome,8.8,0.00114,False,CVE CVE-2026-7951 affects Google Chrome. EPSS score 0.0011 indicates low exploitation probability. Not confirmed exploited in the wild.
CVE-2026-7963,Google Chrome,8.3,0.00114,False,CVE CVE-2026-7963 affects Google Chrome. EPSS score 0.0011 indicates low exploitation probability. Not confirmed exploited in the wild.
CVE-2024-0804,Google Chrome,7.5,0.00113,False,CVE CVE-2024-0804 affects Google Chrome. EPSS score 0.0011 indicates low exploitation probability. Not confirmed exploited in the wild.
CVE-2025-49743,Windows Server 2022,6.7,0.00113,False,CVE CVE-2025-49743 affects Windows Server 2022. EPSS score 0.0011 indicates low exploitation probability. Not confirmed exploited in the wild.
CVE-2025-49743,Windows 10 Pro,6.7,0.00113,False,CVE CVE-2025-49743 affects Windows 10 Pro. EPSS score 0.0011 indicates low exploitation probability. Not confirmed exploited in the wild.
CVE-2026-26045,Moodle,7.2,0.00113,False,CVE CVE-2026-26045 affects Moodle. EPSS score 0.0011 indicates low exploitation probability. Not confirmed exploited in the wild.
CVE-2026-5865,Google Chrome,8.8,0.00113,False,CVE CVE-2026-5865 affects Google Chrome. EPSS score 0.0011 indicates low exploitation probability. Not confirmed exploited in the wild.
CVE-2026-5871,Google Chrome,8.8,0.00113,False,CVE CVE-2026-5871 affects Google Chrome. EPSS score 0.0011 indicates low exploitation probability. Not confirmed exploited in the wild.
CVE-2024-21339,Windows Server 2022,6.4,0.00112,False,CVE CVE-2024-21339 affects Windows Server 2022. EPSS score 0.0011 indicates low exploitation probability. Not confirmed exploited in the wild.
CVE-2024-21339,Windows 10 Pro,6.4,0.00112,False,CVE CVE-2024-21339 affects Windows 10 Pro. EPSS score 0.0011 indicates low exploitation probability. Not confirmed exploited in the wild.
CVE-2025-12727,Google Chrome,8.8,0.00112,False,CVE CVE-2025-12727 affects Google Chrome. EPSS score 0.0011 indicates low exploitation probability. Not confirmed exploited in the wild.
CVE-2025-13042,Google Chrome,8.8,0.00112,False,CVE CVE-2025-13042 affects Google Chrome. EPSS score 0.0011 indicates low exploitation probability. Not confirmed exploited in the wild.
CVE-2025-20155,Cisco IOS XE,6.0,0.00112,False,CVE CVE-2025-20155 affects Cisco IOS XE. EPSS score 0.0011 indicates low exploitation probability. Not confirmed exploited in the wild.
CVE-2024-49082,Windows Server 2022,6.8,0.00111,False,CVE CVE-2024-49082 affects Windows Server 2022. EPSS score 0.0011 indicates low exploitation probability. Not confirmed exploited in the wild.
CVE-2024-49082,Windows 10 Pro,6.8,0.00111,False,CVE CVE-2024-49082 affects Windows 10 Pro. EPSS score 0.0011 indicates low exploitation probability. Not confirmed exploited in the wild.
CVE-2025-10502,Google Chrome,8.8,0.00111,False,CVE CVE-2025-10502 affects Google Chrome. EPSS score 0.0011 indicates low exploitation probability. Not confirmed exploited in the wild.
CVE-2025-21278,Windows Server 2022,6.2,0.00111,False,CVE CVE-2025-21278 affects Windows Server 2022. EPSS score 0.0011 indicates low exploitation probability. Not confirmed exploited in the wild.
CVE-2025-21278,Windows 10 Pro,6.2,0.00111,False,CVE CVE-2025-21278 affects Windows 10 Pro. EPSS score 0.0011 indicates low exploitation probability. Not confirmed exploited in the wild.
CVE-2025-54910,Microsoft 365 Apps for Business,8.4,0.00111,False,CVE CVE-2025-54910 affects Microsoft 365 Apps for Business. EPSS score 0.0011 indicates low exploitation probability. Not confirmed exploited in the wild.
CVE-2025-62472,Windows Server 2022,7.8,0.00111,False,CVE CVE-2025-62472 affects Windows Server 2022. EPSS score 0.0011 indicates low exploitation probability. Not confirmed exploited in the wild.
CVE-2025-62472,Windows 10 Pro,7.8,0.00111,False,CVE CVE-2025-62472 affects Windows 10 Pro. EPSS score 0.0011 indicates low exploitation probability. Not confirmed exploited in the wild.
CVE-2026-5862,Google Chrome,8.8,0.00111,False,CVE CVE-2026-5862 affects Google Chrome. EPSS score 0.0011 indicates low exploitation probability. Not confirmed exploited in the wild.
CVE-2026-5870,Google Chrome,8.8,0.00111,False,CVE CVE-2026-5870 affects Google Chrome. EPSS score 0.0011 indicates low exploitation probability. Not confirmed exploited in the wild.
CVE-2026-5873,Google Chrome,8.8,0.00111,False,CVE CVE-2026-5873 affects Google Chrome. EPSS score 0.0011 indicates low exploitation probability. Not confirmed exploited in the wild.
CVE-2024-8908,Google Chrome,4.3,0.0011,False,CVE CVE-2024-8908 affects Google Chrome. EPSS score 0.0011 indicates low exploitation probability. Not confirmed exploited in the wild.
CVE-2025-11460,Google Chrome,8.8,0.0011,False,CVE CVE-2025-11460 affects Google Chrome. EPSS score 0.0011 indicates low exploitation probability. Not confirmed exploited in the wild.
CVE-2025-53801,Windows Server 2022,7.8,0.0011,False,CVE CVE-2025-53801 affects Windows Server 2022. EPSS score 0.0011 indicates low exploitation probability. Not confirmed exploited in the wild.
CVE-2025-53801,Windows 10 Pro,7.8,0.0011,False,CVE CVE-2025-53801 affects Windows 10 Pro. EPSS score 0.0011 indicates low exploitation probability. Not confirmed exploited in the wild.
CVE-2025-54102,Windows Server 2022,7.8,0.0011,False,CVE CVE-2025-54102 affects Windows Server 2022. EPSS score 0.0011 indicates low exploitation probability. Not confirmed exploited in the wild.
CVE-2025-54102,Windows 10 Pro,7.8,0.0011,False,CVE CVE-2025-54102 affects Windows 10 Pro. EPSS score 0.0011 indicates low exploitation probability. Not confirmed exploited in the wild.
CVE-2025-54894,Windows Server 2022,7.8,0.0011,False,CVE CVE-2025-54894 affects Windows Server 2022. EPSS score 0.0011 indicates low exploitation probability. Not confirmed exploited in the wild.
CVE-2025-54894,Windows 10 Pro,7.8,0.0011,False,CVE CVE-2025-54894 affects Windows 10 Pro. EPSS score 0.0011 indicates low exploitation probability. Not confirmed exploited in the wild.
CVE-2024-12053,Google Chrome,8.8,0.00109,False,CVE CVE-2024-12053 affects Google Chrome. EPSS score 0.0011 indicates low exploitation probability. Not confirmed exploited in the wild.
CVE-2024-49531,Adobe Acrobat Reader DC,5.5,0.00109,False,CVE CVE-2024-49531 affects Adobe Acrobat Reader DC. EPSS score 0.0011 indicates low exploitation probability. Not confirmed exploited in the wild.
CVE-2025-12726,Google Chrome,7.5,0.00109,False,CVE CVE-2025-12726 affects Google Chrome. EPSS score 0.0011 indicates low exploitation probability. Not confirmed exploited in the wild.
CVE-2025-54896,Microsoft 365 Apps for Business,7.8,0.00109,False,CVE CVE-2025-54896 affects Microsoft 365 Apps for Business. EPSS score 0.0011 indicates low exploitation probability. Not confirmed exploited in the wild.
CVE-2025-54898,Microsoft 365 Apps for Business,7.8,0.00109,False,CVE CVE-2025-54898 affects Microsoft 365 Apps for Business. EPSS score 0.0011 indicates low exploitation probability. Not confirmed exploited in the wild.
CVE-2025-54899,Microsoft 365 Apps for Business,7.8,0.00109,False,CVE CVE-2025-54899 affects Microsoft 365 Apps for Business. EPSS score 0.0011 indicates low exploitation probability. Not confirmed exploited in the wild.
CVE-2025-54900,Microsoft 365 Apps for Business,7.8,0.00109,False,CVE CVE-2025-54900 affects Microsoft 365 Apps for Business. EPSS score 0.0011 indicates low exploitation probability. Not confirmed exploited in the wild.
CVE-2025-54902,Microsoft 365 Apps for Business,7.8,0.00109,False,CVE CVE-2025-54902 affects Microsoft 365 Apps for Business. EPSS score 0.0011 indicates low exploitation probability. Not confirmed exploited in the wild.
CVE-2025-54903,Microsoft 365 Apps for Business,7.8,0.00109,False,CVE CVE-2025-54903 affects Microsoft 365 Apps for Business. EPSS score 0.0011 indicates low exploitation probability. Not confirmed exploited in the wild.
CVE-2025-54904,Microsoft 365 Apps for Business,7.8,0.00109,False,CVE CVE-2025-54904 affects Microsoft 365 Apps for Business. EPSS score 0.0011 indicates low exploitation probability. Not confirmed exploited in the wild.
CVE-2026-20834,Windows Server 2022,4.6,0.00109,False,CVE CVE-2026-20834 affects Windows Server 2022. EPSS score 0.0011 indicates low exploitation probability. Not confirmed exploited in the wild.
CVE-2026-20834,Windows 10 Pro,4.6,0.00109,False,CVE CVE-2026-20834 affects Windows 10 Pro. EPSS score 0.0011 indicates low exploitation probability. Not confirmed exploited in the wild.
CVE-2026-3926,Google Chrome,8.8,0.00109,False,CVE CVE-2026-3926 affects Google Chrome. EPSS score 0.0011 indicates low exploitation probability. Not confirmed exploited in the wild.
CVE-2026-5912,Google Chrome,8.8,0.00109,False,CVE CVE-2026-5912 affects Google Chrome. EPSS score 0.0011 indicates low exploitation probability. Not confirmed exploited in the wild.
CVE-2026-5915,Google Chrome,8.1,0.00109,False,CVE CVE-2026-5915 affects Google Chrome. EPSS score 0.0011 indicates low exploitation probability. Not confirmed exploited in the wild.
CVE-2024-49074,Windows 10 Pro,7.8,0.00108,False,CVE CVE-2024-49074 affects Windows 10 Pro. EPSS score 0.0011 indicates low exploitation probability. Not confirmed exploited in the wild.
CVE-2025-11212,Google Chrome,6.3,0.00108,False,CVE CVE-2025-11212 affects Google Chrome. EPSS score 0.0011 indicates low exploitation probability. Not confirmed exploited in the wild.
CVE-2026-5863,Google Chrome,8.8,0.00108,False,CVE CVE-2026-5863 affects Google Chrome. EPSS score 0.0011 indicates low exploitation probability. Not confirmed exploited in the wild.
CVE-2025-21328,Windows Server 2022,4.3,0.00107,False,CVE CVE-2025-21328 affects Windows Server 2022. EPSS score 0.0011 indicates low exploitation probability. Not confirmed exploited in the wild.
CVE-2025-21328,Windows 10 Pro,4.3,0.00107,False,CVE CVE-2025-21328 affects Windows 10 Pro. EPSS score 0.0011 indicates low exploitation probability. Not confirmed exploited in the wild.
CVE-2025-3068,Google Chrome,8.8,0.00107,False,CVE CVE-2025-3068 affects Google Chrome. EPSS score 0.0011 indicates low exploitation probability. Not confirmed exploited in the wild.
CVE-2026-26155,Windows Server 2022,6.5,0.00107,False,CVE CVE-2026-26155 affects Windows Server 2022. EPSS score 0.0011 indicates low exploitation probability. Not confirmed exploited in the wild.
CVE-2026-26155,Windows 10 Pro,6.5,0.00107,False,CVE CVE-2026-26155 affects Windows 10 Pro. EPSS score 0.0011 indicates low exploitation probability. Not confirmed exploited in the wild.
CVE-2026-33824,Windows Server 2022,9.8,0.00107,False,CVE CVE-2026-33824 affects Windows Server 2022. EPSS score 0.0011 indicates low exploitation probability. Not confirmed exploited in the wild.
CVE-2026-33824,Windows 10 Pro,9.8,0.00107,False,CVE CVE-2026-33824 affects Windows 10 Pro. EPSS score 0.0011 indicates low exploitation probability. Not confirmed exploited in the wild.
CVE-2026-3544,Google Chrome,8.8,0.00107,False,CVE CVE-2026-3544 affects Google Chrome. EPSS score 0.0011 indicates low exploitation probability. Not confirmed exploited in the wild.
CVE-2025-8901,Google Chrome,8.8,0.00106,False,CVE CVE-2025-8901 affects Google Chrome. EPSS score 0.0011 indicates low exploitation probability. Not confirmed exploited in the wild.
CVE-2026-7345,Google Chrome,8.3,0.00106,False,CVE CVE-2026-7345 affects Google Chrome. EPSS score 0.0011 indicates low exploitation probability. Not confirmed exploited in the wild.
CVE-2025-0442,Google Chrome,6.5,0.00105,False,CVE CVE-2025-0442 affects Google Chrome. EPSS score 0.0010 indicates low exploitation probability. Not confirmed exploited in the wild.
CVE-2025-12437,Google Chrome,7.5,0.00105,False,CVE CVE-2025-12437 affects Google Chrome. EPSS score 0.0010 indicates low exploitation probability. Not confirmed exploited in the wild.
CVE-2025-12438,Google Chrome,8.8,0.00105,False,CVE CVE-2025-12438 affects Google Chrome. EPSS score 0.0010 indicates low exploitation probability. Not confirmed exploited in the wild.
CVE-2025-13633,Google Chrome,8.8,0.00105,False,CVE CVE-2025-13633 affects Google Chrome. EPSS score 0.0010 indicates low exploitation probability. Not confirmed exploited in the wild.
CVE-2025-13638,Google Chrome,8.8,0.00105,False,CVE CVE-2025-13638 affects Google Chrome. EPSS score 0.0010 indicates low exploitation probability. Not confirmed exploited in the wild.
CVE-2025-21329,Windows Server 2022,4.3,0.00105,False,CVE CVE-2025-21329 affects Windows Server 2022. EPSS score 0.0010 indicates low exploitation probability. Not confirmed exploited in the wild.
CVE-2025-21329,Windows 10 Pro,4.3,0.00105,False,CVE CVE-2025-21329 affects Windows 10 Pro. EPSS score 0.0010 indicates low exploitation probability. Not confirmed exploited in the wild.
CVE-2026-0902,Google Chrome,8.8,0.00105,False,CVE CVE-2026-0902 affects Google Chrome. EPSS score 0.0010 indicates low exploitation probability. Not confirmed exploited in the wild.
CVE-2026-35424,Windows Server 2022,7.5,0.00105,False,CVE CVE-2026-35424 affects Windows Server 2022. EPSS score 0.0010 indicates low exploitation probability. Not confirmed exploited in the wild.
CVE-2026-35424,Windows 10 Pro,7.5,0.00105,False,CVE CVE-2026-35424 affects Windows 10 Pro. EPSS score 0.0010 indicates low exploitation probability. Not confirmed exploited in the wild.
CVE-2026-5902,Google Chrome,9.8,0.00105,False,CVE CVE-2026-5902 affects Google Chrome. EPSS score 0.0010 indicates low exploitation probability. Not confirmed exploited in the wild.
CVE-2025-20221,Cisco IOS XE,5.3,0.00104,False,CVE CVE-2025-20221 affects Cisco IOS XE. EPSS score 0.0010 indicates low exploitation probability. Not confirmed exploited in the wild.
CVE-2024-20686,Windows Server 2022,7.8,0.00103,False,CVE CVE-2024-20686 affects Windows Server 2022. EPSS score 0.0010 indicates low exploitation probability. Not confirmed exploited in the wild.
CVE-2024-39425,Adobe Acrobat Reader DC,7.0,0.00103,False,CVE CVE-2024-39425 affects Adobe Acrobat Reader DC. EPSS score 0.0010 indicates low exploitation probability. Not confirmed exploited in the wild.
CVE-2025-12725,Google Chrome,8.8,0.00103,False,CVE CVE-2025-12725 affects Google Chrome. EPSS score 0.0010 indicates low exploitation probability. Not confirmed exploited in the wild.
CVE-2025-20140,Cisco IOS XE,7.4,0.00103,False,CVE CVE-2025-20140 affects Cisco IOS XE. EPSS score 0.0010 indicates low exploitation probability. Not confirmed exploited in the wild.
CVE-2025-20189,Cisco IOS XE,7.4,0.00103,False,CVE CVE-2025-20189 affects Cisco IOS XE. EPSS score 0.0010 indicates low exploitation probability. Not confirmed exploited in the wild.
CVE-2025-62549,Windows Server 2022,8.8,0.00103,False,CVE CVE-2025-62549 affects Windows Server 2022. EPSS score 0.0010 indicates low exploitation probability. Not confirmed exploited in the wild.
CVE-2025-62549,Windows 10 Pro,8.8,0.00103,False,CVE CVE-2025-62549 affects Windows 10 Pro. EPSS score 0.0010 indicates low exploitation probability. Not confirmed exploited in the wild.
CVE-2026-23669,Windows Server 2022,8.8,0.00103,False,CVE CVE-2026-23669 affects Windows Server 2022. EPSS score 0.0010 indicates low exploitation probability. Not confirmed exploited in the wild.
CVE-2026-23669,Windows 10 Pro,8.8,0.00103,False,CVE CVE-2026-23669 affects Windows 10 Pro. EPSS score 0.0010 indicates low exploitation probability. Not confirmed exploited in the wild.
CVE-2026-3537,Google Chrome,8.8,0.00103,False,CVE CVE-2026-3537 affects Google Chrome. EPSS score 0.0010 indicates low exploitation probability. Not confirmed exploited in the wild.
CVE-2024-1672,Google Chrome,5.4,0.00102,False,CVE CVE-2024-1672 affects Google Chrome. EPSS score 0.0010 indicates low exploitation probability. Not confirmed exploited in the wild.
CVE-2025-27159,Adobe Acrobat Reader DC,7.8,0.00102,False,CVE CVE-2025-27159 affects Adobe Acrobat Reader DC. EPSS score 0.0010 indicates low exploitation probability. Not confirmed exploited in the wild.
CVE-2025-27160,Adobe Acrobat Reader DC,7.8,0.00102,False,CVE CVE-2025-27160 affects Adobe Acrobat Reader DC. EPSS score 0.0010 indicates low exploitation probability. Not confirmed exploited in the wild.
CVE-2025-27174,Adobe Acrobat Reader DC,7.8,0.00102,False,CVE CVE-2025-27174 affects Adobe Acrobat Reader DC. EPSS score 0.0010 indicates low exploitation probability. Not confirmed exploited in the wild.
CVE-2025-5065,Google Chrome,6.5,0.00102,False,CVE CVE-2025-5065 affects Google Chrome. EPSS score 0.0010 indicates low exploitation probability. Not confirmed exploited in the wild.
CVE-2025-5066,Google Chrome,6.5,0.00102,False,CVE CVE-2025-5066 affects Google Chrome. EPSS score 0.0010 indicates low exploitation probability. Not confirmed exploited in the wild.
CVE-2025-59222,Microsoft 365 Apps for Business,7.8,0.00102,False,CVE CVE-2025-59222 affects Microsoft 365 Apps for Business. EPSS score 0.0010 indicates low exploitation probability. Not confirmed exploited in the wild.
CVE-2024-49535,Adobe Acrobat Reader DC,6.3,0.00101,False,CVE CVE-2024-49535 affects Adobe Acrobat Reader DC. EPSS score 0.0010 indicates low exploitation probability. Not confirmed exploited in the wild.
CVE-2025-47111,Adobe Acrobat Reader DC,5.5,0.00101,False,CVE CVE-2025-47111 affects Adobe Acrobat Reader DC. EPSS score 0.0010 indicates low exploitation probability. Not confirmed exploited in the wild.
CVE-2025-49708,Windows Server 2022,9.9,0.00101,False,CVE CVE-2025-49708 affects Windows Server 2022. EPSS score 0.0010 indicates low exploitation probability. Not confirmed exploited in the wild.
CVE-2025-49708,Windows 10 Pro,9.9,0.00101,False,CVE CVE-2025-49708 affects Windows 10 Pro. EPSS score 0.0010 indicates low exploitation probability. Not confirmed exploited in the wild.
CVE-2025-55701,Windows Server 2022,7.8,0.00101,False,CVE CVE-2025-55701 affects Windows Server 2022. EPSS score 0.0010 indicates low exploitation probability. Not confirmed exploited in the wild.
CVE-2025-55701,Windows 10 Pro,7.8,0.00101,False,CVE CVE-2025-55701 affects Windows 10 Pro. EPSS score 0.0010 indicates low exploitation probability. Not confirmed exploited in the wild.
CVE-2025-58716,Windows Server 2022,8.8,0.00101,False,CVE CVE-2025-58716 affects Windows Server 2022. EPSS score 0.0010 indicates low exploitation probability. Not confirmed exploited in the wild.
CVE-2025-58716,Windows 10 Pro,8.8,0.00101,False,CVE CVE-2025-58716 affects Windows 10 Pro. EPSS score 0.0010 indicates low exploitation probability. Not confirmed exploited in the wild.
CVE-2025-59277,Windows Server 2022,7.8,0.00101,False,CVE CVE-2025-59277 affects Windows Server 2022. EPSS score 0.0010 indicates low exploitation probability. Not confirmed exploited in the wild.
CVE-2025-59277,Windows 10 Pro,7.8,0.00101,False,CVE CVE-2025-59277 affects Windows 10 Pro. EPSS score 0.0010 indicates low exploitation probability. Not confirmed exploited in the wild.
CVE-2025-59278,Windows Server 2022,7.8,0.00101,False,CVE CVE-2025-59278 affects Windows Server 2022. EPSS score 0.0010 indicates low exploitation probability. Not confirmed exploited in the wild.
CVE-2025-59278,Windows 10 Pro,7.8,0.00101,False,CVE CVE-2025-59278 affects Windows 10 Pro. EPSS score 0.0010 indicates low exploitation probability. Not confirmed exploited in the wild.
CVE-2026-3536,Google Chrome,8.8,0.00101,False,CVE CVE-2026-3536 affects Google Chrome. EPSS score 0.0010 indicates low exploitation probability. Not confirmed exploited in the wild.
CVE-2026-3538,Google Chrome,8.8,0.00101,False,CVE CVE-2026-3538 affects Google Chrome. EPSS score 0.0010 indicates low exploitation probability. Not confirmed exploited in the wild.
CVE-2026-7998,Google Chrome,5.4,0.00101,False,CVE CVE-2026-7998 affects Google Chrome. EPSS score 0.0010 indicates low exploitation probability. Not confirmed exploited in the wild.
CVE-2026-8003,Google Chrome,5.4,0.00101,False,CVE CVE-2026-8003 affects Google Chrome. EPSS score 0.0010 indicates low exploitation probability. Not confirmed exploited in the wild.
CVE-2025-11756,Google Chrome,8.8,0.001,False,CVE CVE-2025-11756 affects Google Chrome. EPSS score 0.0010 indicates low exploitation probability. Not confirmed exploited in the wild.
CVE-2026-3914,Google Chrome,8.8,0.001,False,CVE CVE-2026-3914 affects Google Chrome. EPSS score 0.0010 indicates low exploitation probability. Not confirmed exploited in the wild.
CVE-2026-3916,Google Chrome,9.6,0.001,False,CVE CVE-2026-3916 affects Google Chrome. EPSS score 0.0010 indicates low exploitation probability. Not confirmed exploited in the wild.
CVE-2026-3920,Google Chrome,8.8,0.001,False,CVE CVE-2026-3920 affects Google Chrome. EPSS score 0.0010 indicates low exploitation probability. Not confirmed exploited in the wild.
CVE-2024-8906,Google Chrome,4.3,0.00099,False,CVE CVE-2024-8906 affects Google Chrome. EPSS score 0.0010 indicates low exploitation probability. Not confirmed exploited in the wild.
CVE-2024-9958,Google Chrome,4.3,0.00099,False,CVE CVE-2024-9958 affects Google Chrome. EPSS score 0.0010 indicates low exploitation probability. Not confirmed exploited in the wild.
CVE-2026-3931,Google Chrome,8.8,0.00099,False,CVE CVE-2026-3931 affects Google Chrome. EPSS score 0.0010 indicates low exploitation probability. Not confirmed exploited in the wild.
CVE-2026-5868,Google Chrome,8.8,0.00099,False,CVE CVE-2026-5868 affects Google Chrome. EPSS score 0.0010 indicates low exploitation probability. Not confirmed exploited in the wild.
CVE-2026-7905,Google Chrome,8.3,0.00099,False,CVE CVE-2026-7905 affects Google Chrome. EPSS score 0.0010 indicates low exploitation probability. Not confirmed exploited in the wild.
CVE-2026-7916,Google Chrome,8.3,0.00099,False,CVE CVE-2026-7916 affects Google Chrome. EPSS score 0.0010 indicates low exploitation probability. Not confirmed exploited in the wild.
CVE-2026-7930,Google Chrome,8.8,0.00099,False,CVE CVE-2026-7930 affects Google Chrome. EPSS score 0.0010 indicates low exploitation probability. Not confirmed exploited in the wild.
CVE-2024-20669,Windows Server 2022,6.7,0.00098,False,CVE CVE-2024-20669 affects Windows Server 2022. EPSS score 0.0010 indicates low exploitation probability. Not confirmed exploited in the wild.
CVE-2024-20669,Windows 10 Pro,6.7,0.00098,False,CVE CVE-2024-20669 affects Windows 10 Pro. EPSS score 0.0010 indicates low exploitation probability. Not confirmed exploited in the wild.
CVE-2024-28921,Windows Server 2022,6.7,0.00098,False,CVE CVE-2024-28921 affects Windows Server 2022. EPSS score 0.0010 indicates low exploitation probability. Not confirmed exploited in the wild.
CVE-2024-28921,Windows 10 Pro,6.7,0.00098,False,CVE CVE-2024-28921 affects Windows 10 Pro. EPSS score 0.0010 indicates low exploitation probability. Not confirmed exploited in the wild.
CVE-2025-53796,Windows Server 2022,6.5,0.00098,False,CVE CVE-2025-53796 affects Windows Server 2022. EPSS score 0.0010 indicates low exploitation probability. Not confirmed exploited in the wild.
CVE-2025-53806,Windows Server 2022,6.5,0.00098,False,CVE CVE-2025-53806 affects Windows Server 2022. EPSS score 0.0010 indicates low exploitation probability. Not confirmed exploited in the wild.
CVE-2025-54096,Windows Server 2022,6.5,0.00098,False,CVE CVE-2025-54096 affects Windows Server 2022. EPSS score 0.0010 indicates low exploitation probability. Not confirmed exploited in the wild.
CVE-2025-54097,Windows Server 2022,6.5,0.00098,False,CVE CVE-2025-54097 affects Windows Server 2022. EPSS score 0.0010 indicates low exploitation probability. Not confirmed exploited in the wild.
CVE-2026-24287,Windows Server 2022,7.8,0.00098,False,CVE CVE-2026-24287 affects Windows Server 2022. EPSS score 0.0010 indicates low exploitation probability. Not confirmed exploited in the wild.
CVE-2026-24287,Windows 10 Pro,7.8,0.00098,False,CVE CVE-2026-24287 affects Windows 10 Pro. EPSS score 0.0010 indicates low exploitation probability. Not confirmed exploited in the wild.
CVE-2026-26151,Windows Server 2022,7.1,0.00098,False,CVE CVE-2026-26151 affects Windows Server 2022. EPSS score 0.0010 indicates low exploitation probability. Not confirmed exploited in the wild.
CVE-2026-26151,Windows 10 Pro,7.1,0.00098,False,CVE CVE-2026-26151 affects Windows 10 Pro. EPSS score 0.0010 indicates low exploitation probability. Not confirmed exploited in the wild.
CVE-2026-3541,Google Chrome,8.8,0.00098,False,CVE CVE-2026-3541 affects Google Chrome. EPSS score 0.0010 indicates low exploitation probability. Not confirmed exploited in the wild.
CVE-2026-3543,Google Chrome,8.8,0.00098,False,CVE CVE-2026-3543 affects Google Chrome. EPSS score 0.0010 indicates low exploitation probability. Not confirmed exploited in the wild.
CVE-2024-28919,Windows Server 2022,6.7,0.00097,False,CVE CVE-2024-28919 affects Windows Server 2022. EPSS score 0.0010 indicates low exploitation probability. Not confirmed exploited in the wild.
CVE-2024-28919,Windows 10 Pro,6.7,0.00097,False,CVE CVE-2024-28919 affects Windows 10 Pro. EPSS score 0.0010 indicates low exploitation probability. Not confirmed exploited in the wild.
CVE-2025-10200,Google Chrome,8.8,0.00097,False,CVE CVE-2025-10200 affects Google Chrome. EPSS score 0.0010 indicates low exploitation probability. Not confirmed exploited in the wild.
CVE-2025-55236,Windows Server 2022,7.3,0.00097,False,CVE CVE-2025-55236 affects Windows Server 2022. EPSS score 0.0010 indicates low exploitation probability. Not confirmed exploited in the wild.
CVE-2025-55236,Windows 10 Pro,7.3,0.00097,False,CVE CVE-2025-55236 affects Windows 10 Pro. EPSS score 0.0010 indicates low exploitation probability. Not confirmed exploited in the wild.
CVE-2025-59187,Windows Server 2022,7.8,0.00097,False,CVE CVE-2025-59187 affects Windows Server 2022. EPSS score 0.0010 indicates low exploitation probability. Not confirmed exploited in the wild.
CVE-2025-59187,Windows 10 Pro,7.8,0.00097,False,CVE CVE-2025-59187 affects Windows 10 Pro. EPSS score 0.0010 indicates low exploitation probability. Not confirmed exploited in the wild.
CVE-2025-59207,Windows Server 2022,7.8,0.00097,False,CVE CVE-2025-59207 affects Windows Server 2022. EPSS score 0.0010 indicates low exploitation probability. Not confirmed exploited in the wild.
CVE-2025-59207,Windows 10 Pro,7.8,0.00097,False,CVE CVE-2025-59207 affects Windows 10 Pro. EPSS score 0.0010 indicates low exploitation probability. Not confirmed exploited in the wild.
CVE-2025-59275,Windows Server 2022,7.8,0.00097,False,CVE CVE-2025-59275 affects Windows Server 2022. EPSS score 0.0010 indicates low exploitation probability. Not confirmed exploited in the wild.
CVE-2025-59275,Windows 10 Pro,7.8,0.00097,False,CVE CVE-2025-59275 affects Windows 10 Pro. EPSS score 0.0010 indicates low exploitation probability. Not confirmed exploited in the wild.
CVE-2025-23048,Apache HTTP Server,9.1,0.00096,False,CVE CVE-2025-23048 affects Apache HTTP Server. EPSS score 0.0010 indicates low exploitation probability. Not confirmed exploited in the wild.
CVE-2025-26665,Windows Server 2022,7.0,0.00096,False,CVE CVE-2025-26665 affects Windows Server 2022. EPSS score 0.0010 indicates low exploitation probability. Not confirmed exploited in the wild.
CVE-2025-26665,Windows 10 Pro,7.0,0.00096,False,CVE CVE-2025-26665 affects Windows 10 Pro. EPSS score 0.0010 indicates low exploitation probability. Not confirmed exploited in the wild.
CVE-2026-34329,Windows Server 2022,8.8,0.00096,False,CVE CVE-2026-34329 affects Windows Server 2022. EPSS score 0.0010 indicates low exploitation probability. Not confirmed exploited in the wild.
CVE-2026-34329,Windows 10 Pro,8.8,0.00096,False,CVE CVE-2026-34329 affects Windows 10 Pro. EPSS score 0.0010 indicates low exploitation probability. Not confirmed exploited in the wild.
CVE-2026-41096,Windows Server 2022,9.8,0.00096,False,CVE CVE-2026-41096 affects Windows Server 2022. EPSS score 0.0010 indicates low exploitation probability. Not confirmed exploited in the wild.
CVE-2024-13983,Google Chrome,6.3,0.00095,False,CVE CVE-2024-13983 affects Google Chrome. EPSS score 0.0009 indicates low exploitation probability. Not confirmed exploited in the wild.
CVE-2024-20735,Adobe Acrobat Reader DC,5.5,0.00095,False,CVE CVE-2024-20735 affects Adobe Acrobat Reader DC. EPSS score 0.0009 indicates low exploitation probability. Not confirmed exploited in the wild.
CVE-2024-20736,Adobe Acrobat Reader DC,5.5,0.00095,False,CVE CVE-2024-20736 affects Adobe Acrobat Reader DC. EPSS score 0.0009 indicates low exploitation probability. Not confirmed exploited in the wild.
CVE-2024-20748,Adobe Acrobat Reader DC,5.5,0.00095,False,CVE CVE-2024-20748 affects Adobe Acrobat Reader DC. EPSS score 0.0009 indicates low exploitation probability. Not confirmed exploited in the wild.
CVE-2024-20749,Adobe Acrobat Reader DC,5.5,0.00095,False,CVE CVE-2024-20749 affects Adobe Acrobat Reader DC. EPSS score 0.0009 indicates low exploitation probability. Not confirmed exploited in the wild.
CVE-2024-49059,Microsoft 365 Apps for Business,7.0,0.00095,False,CVE CVE-2024-49059 affects Microsoft 365 Apps for Business. EPSS score 0.0009 indicates low exploitation probability. Not confirmed exploited in the wild.
CVE-2024-5498,Google Chrome,8.8,0.00095,False,CVE CVE-2024-5498 affects Google Chrome. EPSS score 0.0009 indicates low exploitation probability. Not confirmed exploited in the wild.
CVE-2025-11205,Google Chrome,8.8,0.00095,False,CVE CVE-2025-11205 affects Google Chrome. EPSS score 0.0009 indicates low exploitation probability. Not confirmed exploited in the wild.
CVE-2025-11206,Google Chrome,7.1,0.00095,False,CVE CVE-2025-11206 affects Google Chrome. EPSS score 0.0009 indicates low exploitation probability. Not confirmed exploited in the wild.
CVE-2025-14766,Google Chrome,8.8,0.00095,False,CVE CVE-2025-14766 affects Google Chrome. EPSS score 0.0009 indicates low exploitation probability. Not confirmed exploited in the wild.
CVE-2024-7017,Google Chrome,7.5,0.00094,False,CVE CVE-2024-7017 affects Google Chrome. EPSS score 0.0009 indicates low exploitation probability. Not confirmed exploited in the wild.
CVE-2025-11213,Google Chrome,6.3,0.00094,False,CVE CVE-2025-11213 affects Google Chrome. EPSS score 0.0009 indicates low exploitation probability. Not confirmed exploited in the wild.
CVE-2025-59221,Microsoft 365 Apps for Business,7.0,0.00094,False,CVE CVE-2025-59221 affects Microsoft 365 Apps for Business. EPSS score 0.0009 indicates low exploitation probability. Not confirmed exploited in the wild.
CVE-2025-62483,Zoom,5.3,0.00094,False,CVE CVE-2025-62483 affects Zoom. EPSS score 0.0009 indicates low exploitation probability. Not confirmed exploited in the wild.
CVE-2026-0390,Windows Server 2022,6.7,0.00094,False,CVE CVE-2026-0390 affects Windows Server 2022. EPSS score 0.0009 indicates low exploitation probability. Not confirmed exploited in the wild.
CVE-2026-0390,Windows 10 Pro,6.7,0.00094,False,CVE CVE-2026-0390 affects Windows 10 Pro. EPSS score 0.0009 indicates low exploitation probability. Not confirmed exploited in the wild.
CVE-2026-20812,Windows Server 2022,6.5,0.00094,False,CVE CVE-2026-20812 affects Windows Server 2022. EPSS score 0.0009 indicates low exploitation probability. Not confirmed exploited in the wild.
CVE-2026-20812,Windows 10 Pro,6.5,0.00094,False,CVE CVE-2026-20812 affects Windows 10 Pro. EPSS score 0.0009 indicates low exploitation probability. Not confirmed exploited in the wild.
CVE-2026-26047,Moodle,6.5,0.00094,False,CVE CVE-2026-26047 affects Moodle. EPSS score 0.0009 indicates low exploitation probability. Not confirmed exploited in the wild.
CVE-2026-32225,Windows Server 2022,8.8,0.00094,False,CVE CVE-2026-32225 affects Windows Server 2022. EPSS score 0.0009 indicates low exploitation probability. Not confirmed exploited in the wild.
CVE-2026-32225,Windows 10 Pro,8.8,0.00094,False,CVE CVE-2026-32225 affects Windows 10 Pro. EPSS score 0.0009 indicates low exploitation probability. Not confirmed exploited in the wild.
CVE-2026-5907,Google Chrome,8.1,0.00094,False,CVE CVE-2026-5907 affects Google Chrome. EPSS score 0.0009 indicates low exploitation probability. Not confirmed exploited in the wild.
CVE-2026-5908,Google Chrome,8.8,0.00094,False,CVE CVE-2026-5908 affects Google Chrome. EPSS score 0.0009 indicates low exploitation probability. Not confirmed exploited in the wild.
CVE-2026-5909,Google Chrome,8.8,0.00094,False,CVE CVE-2026-5909 affects Google Chrome. EPSS score 0.0009 indicates low exploitation probability. Not confirmed exploited in the wild.
CVE-2026-5910,Google Chrome,8.8,0.00094,False,CVE CVE-2026-5910 affects Google Chrome. EPSS score 0.0009 indicates low exploitation probability. Not confirmed exploited in the wild.
CVE-2026-5913,Google Chrome,8.1,0.00094,False,CVE CVE-2026-5913 affects Google Chrome. EPSS score 0.0009 indicates low exploitation probability. Not confirmed exploited in the wild.
CVE-2025-20202,Cisco IOS XE,7.4,0.00093,False,CVE CVE-2025-20202 affects Cisco IOS XE. EPSS score 0.0009 indicates low exploitation probability. Not confirmed exploited in the wild.
CVE-2026-3540,Google Chrome,8.8,0.00093,False,CVE CVE-2026-3540 affects Google Chrome. EPSS score 0.0009 indicates low exploitation probability. Not confirmed exploited in the wild.
CVE-2026-40380,Windows Server 2022,6.2,0.00093,False,CVE CVE-2026-40380 affects Windows Server 2022. EPSS score 0.0009 indicates low exploitation probability. Not confirmed exploited in the wild.
CVE-2026-40380,Windows 10 Pro,6.2,0.00093,False,CVE CVE-2026-40380 affects Windows 10 Pro. EPSS score 0.0009 indicates low exploitation probability. Not confirmed exploited in the wild.
CVE-2025-58715,Windows Server 2022,8.8,0.00092,False,CVE CVE-2025-58715 affects Windows Server 2022. EPSS score 0.0009 indicates low exploitation probability. Not confirmed exploited in the wild.
CVE-2025-58715,Windows 10 Pro,8.8,0.00092,False,CVE CVE-2025-58715 affects Windows 10 Pro. EPSS score 0.0009 indicates low exploitation probability. Not confirmed exploited in the wild.
CVE-2025-62558,Microsoft 365 Apps for Business,7.8,0.00092,False,CVE CVE-2025-62558 affects Microsoft 365 Apps for Business. EPSS score 0.0009 indicates low exploitation probability. Not confirmed exploited in the wild.
CVE-2025-62562,Microsoft 365 Apps for Business,7.8,0.00092,False,CVE CVE-2025-62562 affects Microsoft 365 Apps for Business. EPSS score 0.0009 indicates low exploitation probability. Not confirmed exploited in the wild.
CVE-2026-3913,Google Chrome,8.8,0.00092,False,CVE CVE-2026-3913 affects Google Chrome. EPSS score 0.0009 indicates low exploitation probability. Not confirmed exploited in the wild.
CVE-2026-3915,Google Chrome,8.8,0.00092,False,CVE CVE-2026-3915 affects Google Chrome. EPSS score 0.0009 indicates low exploitation probability. Not confirmed exploited in the wild.
CVE-2025-24052,Windows Server 2022,7.8,0.00091,False,CVE CVE-2025-24052 affects Windows Server 2022. EPSS score 0.0009 indicates low exploitation probability. Not confirmed exploited in the wild.
CVE-2025-24052,Windows 10 Pro,7.8,0.00091,False,CVE CVE-2025-24052 affects Windows 10 Pro. EPSS score 0.0009 indicates low exploitation probability. Not confirmed exploited in the wild.
CVE-2025-53797,Windows Server 2022,6.5,0.00091,False,CVE CVE-2025-53797 affects Windows Server 2022. EPSS score 0.0009 indicates low exploitation probability. Not confirmed exploited in the wild.
CVE-2025-53798,Windows Server 2022,6.5,0.00091,False,CVE CVE-2025-53798 affects Windows Server 2022. EPSS score 0.0009 indicates low exploitation probability. Not confirmed exploited in the wild.
CVE-2025-54095,Windows Server 2022,6.5,0.00091,False,CVE CVE-2025-54095 affects Windows Server 2022. EPSS score 0.0009 indicates low exploitation probability. Not confirmed exploited in the wild.
CVE-2025-54905,Microsoft 365 Apps for Business,7.1,0.00091,False,CVE CVE-2025-54905 affects Microsoft 365 Apps for Business. EPSS score 0.0009 indicates low exploitation probability. Not confirmed exploited in the wild.
CVE-2025-58722,Windows Server 2022,7.8,0.00091,False,CVE CVE-2025-58722 affects Windows Server 2022. EPSS score 0.0009 indicates low exploitation probability. Not confirmed exploited in the wild.
CVE-2025-58722,Windows 10 Pro,7.8,0.00091,False,CVE CVE-2025-58722 affects Windows 10 Pro. EPSS score 0.0009 indicates low exploitation probability. Not confirmed exploited in the wild.
CVE-2025-59232,Microsoft 365 Apps for Business,7.1,0.00091,False,CVE CVE-2025-59232 affects Microsoft 365 Apps for Business. EPSS score 0.0009 indicates low exploitation probability. Not confirmed exploited in the wild.
CVE-2025-59235,Microsoft 365 Apps for Business,7.1,0.00091,False,CVE CVE-2025-59235 affects Microsoft 365 Apps for Business. EPSS score 0.0009 indicates low exploitation probability. Not confirmed exploited in the wild.
CVE-2025-5959,Google Chrome,8.8,0.00091,False,CVE CVE-2025-5959 affects Google Chrome. EPSS score 0.0009 indicates low exploitation probability. Not confirmed exploited in the wild.
CVE-2025-66199,OpenSSL,5.9,0.00091,False,CVE CVE-2025-66199 affects OpenSSL. EPSS score 0.0009 indicates low exploitation probability. Not confirmed exploited in the wild.
CVE-2026-40415,Windows Server 2022,8.1,0.00091,False,CVE CVE-2026-40415 affects Windows Server 2022. EPSS score 0.0009 indicates low exploitation probability. Not confirmed exploited in the wild.
CVE-2026-40415,Windows 10 Pro,8.1,0.00091,False,CVE CVE-2026-40415 affects Windows 10 Pro. EPSS score 0.0009 indicates low exploitation probability. Not confirmed exploited in the wild.
CVE-2024-20734,Adobe Acrobat Reader DC,5.5,0.0009,False,CVE CVE-2024-20734 affects Adobe Acrobat Reader DC. EPSS score 0.0009 indicates low exploitation probability. Not confirmed exploited in the wild.
CVE-2024-21355,Windows Server 2022,7.0,0.0009,False,CVE CVE-2024-21355 affects Windows Server 2022. EPSS score 0.0009 indicates low exploitation probability. Not confirmed exploited in the wild.
CVE-2024-21355,Windows 10 Pro,7.0,0.0009,False,CVE CVE-2024-21355 affects Windows 10 Pro. EPSS score 0.0009 indicates low exploitation probability. Not confirmed exploited in the wild.
CVE-2025-8582,Google Chrome,4.3,0.0009,False,CVE CVE-2025-8582 affects Google Chrome. EPSS score 0.0009 indicates low exploitation probability. Not confirmed exploited in the wild.
CVE-2026-21243,Windows Server 2022,7.5,0.0009,False,CVE CVE-2026-21243 affects Windows Server 2022. EPSS score 0.0009 indicates low exploitation probability. Not confirmed exploited in the wild.
CVE-2026-26111,Windows Server 2022,8.0,0.0009,False,CVE CVE-2026-26111 affects Windows Server 2022. EPSS score 0.0009 indicates low exploitation probability. Not confirmed exploited in the wild.
CVE-2026-28780,Apache HTTP Server,9.8,0.0009,False,CVE CVE-2026-28780 affects Apache HTTP Server. EPSS score 0.0009 indicates low exploitation probability. Not confirmed exploited in the wild.
CVE-2026-3542,Google Chrome,8.8,0.0009,False,CVE CVE-2026-3542 affects Google Chrome. EPSS score 0.0009 indicates low exploitation probability. Not confirmed exploited in the wild.
CVE-2024-22268,VMware vSphere,7.1,0.00089,False,CVE CVE-2024-22268 affects VMware vSphere. EPSS score 0.0009 indicates low exploitation probability. Not confirmed exploited in the wild.
CVE-2024-38203,Windows Server 2022,6.2,0.00089,False,CVE CVE-2024-38203 affects Windows Server 2022. EPSS score 0.0009 indicates low exploitation probability. Not confirmed exploited in the wild.
CVE-2024-38203,Windows 10 Pro,6.2,0.00089,False,CVE CVE-2024-38203 affects Windows 10 Pro. EPSS score 0.0009 indicates low exploitation probability. Not confirmed exploited in the wild.
CVE-2025-0996,Google Chrome,5.4,0.00089,False,CVE CVE-2025-0996 affects Google Chrome. EPSS score 0.0009 indicates low exploitation probability. Not confirmed exploited in the wild.
CVE-2025-27162,Adobe Acrobat Reader DC,7.8,0.00089,False,CVE CVE-2025-27162 affects Adobe Acrobat Reader DC. EPSS score 0.0009 indicates low exploitation probability. Not confirmed exploited in the wild.
CVE-2025-62456,Windows Server 2022,8.8,0.00089,False,CVE CVE-2025-62456 affects Windows Server 2022. EPSS score 0.0009 indicates low exploitation probability. Not confirmed exploited in the wild.
CVE-2025-62571,Windows Server 2022,7.8,0.00089,False,CVE CVE-2025-62571 affects Windows Server 2022. EPSS score 0.0009 indicates low exploitation probability. Not confirmed exploited in the wild.
CVE-2025-62571,Windows 10 Pro,7.8,0.00089,False,CVE CVE-2025-62571 affects Windows 10 Pro. EPSS score 0.0009 indicates low exploitation probability. Not confirmed exploited in the wild.
CVE-2025-69419,OpenSSL,7.4,0.00089,False,CVE CVE-2025-69419 affects OpenSSL. EPSS score 0.0009 indicates low exploitation probability. Not confirmed exploited in the wild.
CVE-2026-27906,Windows 10 Pro,4.4,0.00089,False,CVE CVE-2026-27906 affects Windows 10 Pro. EPSS score 0.0009 indicates low exploitation probability. Not confirmed exploited in the wild.
CVE-2026-34059,Apache HTTP Server,7.5,0.00089,False,CVE CVE-2026-34059 affects Apache HTTP Server. EPSS score 0.0009 indicates low exploitation probability. Not confirmed exploited in the wild.
CVE-2026-8571,Google Chrome,8.3,0.00089,False,CVE CVE-2026-8571 affects Google Chrome. EPSS score 0.0009 indicates low exploitation probability. Not confirmed exploited in the wild.
CVE-2026-8585,Google Chrome,7.5,0.00089,False,CVE CVE-2026-8585 affects Google Chrome. EPSS score 0.0009 indicates low exploitation probability. Not confirmed exploited in the wild.
CVE-2024-11919,Google Chrome,4.3,0.00088,False,CVE CVE-2024-11919 affects Google Chrome. EPSS score 0.0009 indicates low exploitation probability. Not confirmed exploited in the wild.
CVE-2024-13178,Google Chrome,4.3,0.00088,False,CVE CVE-2024-13178 affects Google Chrome. EPSS score 0.0009 indicates low exploitation probability. Not confirmed exploited in the wild.
CVE-2025-0145,Zoom,4.6,0.00088,False,CVE CVE-2025-0145 affects Zoom. EPSS score 0.0009 indicates low exploitation probability. Not confirmed exploited in the wild.
CVE-2025-13107,Google Chrome,4.3,0.00088,False,CVE CVE-2025-13107 affects Google Chrome. EPSS score 0.0009 indicates low exploitation probability. Not confirmed exploited in the wild.
CVE-2025-49458,Zoom,6.5,0.00088,False,CVE CVE-2025-49458 affects Zoom. EPSS score 0.0009 indicates low exploitation probability. Not confirmed exploited in the wild.
CVE-2025-54107,Windows Server 2022,4.3,0.00088,False,CVE CVE-2025-54107 affects Windows Server 2022. EPSS score 0.0009 indicates low exploitation probability. Not confirmed exploited in the wild.
CVE-2025-54107,Windows 10 Pro,4.3,0.00088,False,CVE CVE-2025-54107 affects Windows 10 Pro. EPSS score 0.0009 indicates low exploitation probability. Not confirmed exploited in the wild.
CVE-2025-59185,Windows Server 2022,6.5,0.00088,False,CVE CVE-2025-59185 affects Windows Server 2022. EPSS score 0.0009 indicates low exploitation probability. Not confirmed exploited in the wild.
CVE-2025-59185,Windows 10 Pro,6.5,0.00088,False,CVE CVE-2025-59185 affects Windows 10 Pro. EPSS score 0.0009 indicates low exploitation probability. Not confirmed exploited in the wild.
CVE-2025-59242,Windows Server 2022,7.8,0.00088,False,CVE CVE-2025-59242 affects Windows Server 2022. EPSS score 0.0009 indicates low exploitation probability. Not confirmed exploited in the wild.
CVE-2025-59242,Windows 10 Pro,7.8,0.00088,False,CVE CVE-2025-59242 affects Windows 10 Pro. EPSS score 0.0009 indicates low exploitation probability. Not confirmed exploited in the wild.
CVE-2025-59244,Windows Server 2022,6.5,0.00088,False,CVE CVE-2025-59244 affects Windows Server 2022. EPSS score 0.0009 indicates low exploitation probability. Not confirmed exploited in the wild.
CVE-2025-59244,Windows 10 Pro,6.5,0.00088,False,CVE CVE-2025-59244 affects Windows 10 Pro. EPSS score 0.0009 indicates low exploitation probability. Not confirmed exploited in the wild.
CVE-2026-33827,Windows Server 2022,8.1,0.00088,False,CVE CVE-2026-33827 affects Windows Server 2022. EPSS score 0.0009 indicates low exploitation probability. Not confirmed exploited in the wild.
CVE-2026-33827,Windows 10 Pro,8.1,0.00088,False,CVE CVE-2026-33827 affects Windows 10 Pro. EPSS score 0.0009 indicates low exploitation probability. Not confirmed exploited in the wild.
CVE-2026-5858,Google Chrome,8.8,0.00088,False,CVE CVE-2026-5858 affects Google Chrome. EPSS score 0.0009 indicates low exploitation probability. Not confirmed exploited in the wild.
CVE-2025-13227,Google Chrome,8.8,0.00087,False,CVE CVE-2025-13227 affects Google Chrome. EPSS score 0.0009 indicates low exploitation probability. Not confirmed exploited in the wild.
CVE-2025-13228,Google Chrome,8.8,0.00087,False,CVE CVE-2025-13228 affects Google Chrome. EPSS score 0.0009 indicates low exploitation probability. Not confirmed exploited in the wild.
CVE-2025-13229,Google Chrome,8.8,0.00087,False,CVE CVE-2025-13229 affects Google Chrome. EPSS score 0.0009 indicates low exploitation probability. Not confirmed exploited in the wild.
CVE-2025-20198,Cisco IOS XE,4.6,0.00087,False,CVE CVE-2025-20198 affects Cisco IOS XE. EPSS score 0.0009 indicates low exploitation probability. Not confirmed exploited in the wild.
CVE-2025-20199,Cisco IOS XE,4.6,0.00087,False,CVE CVE-2025-20199 affects Cisco IOS XE. EPSS score 0.0009 indicates low exploitation probability. Not confirmed exploited in the wild.
CVE-2025-59199,Windows Server 2022,7.8,0.00087,False,CVE CVE-2025-59199 affects Windows Server 2022. EPSS score 0.0009 indicates low exploitation probability. Not confirmed exploited in the wild.
CVE-2025-59199,Windows 10 Pro,7.8,0.00087,False,CVE CVE-2025-59199 affects Windows 10 Pro. EPSS score 0.0009 indicates low exploitation probability. Not confirmed exploited in the wild.
CVE-2025-9479,Google Chrome,4.3,0.00087,False,CVE CVE-2025-9479 affects Google Chrome. EPSS score 0.0009 indicates low exploitation probability. Not confirmed exploited in the wild.
CVE-2025-9866,Google Chrome,8.8,0.00087,False,CVE CVE-2025-9866 affects Google Chrome. EPSS score 0.0009 indicates low exploitation probability. Not confirmed exploited in the wild.
CVE-2026-24288,Windows 10 Pro,6.8,0.00087,False,CVE CVE-2026-24288 affects Windows 10 Pro. EPSS score 0.0009 indicates low exploitation probability. Not confirmed exploited in the wild.
CVE-2026-5859,Google Chrome,8.8,0.00087,False,CVE CVE-2026-5859 affects Google Chrome. EPSS score 0.0009 indicates low exploitation probability. Not confirmed exploited in the wild.
CVE-2024-9966,Google Chrome,5.3,0.00086,False,CVE CVE-2024-9966 affects Google Chrome. EPSS score 0.0009 indicates low exploitation probability. Not confirmed exploited in the wild.
CVE-2025-0997,Google Chrome,8.1,0.00086,False,CVE CVE-2025-0997 affects Google Chrome. EPSS score 0.0009 indicates low exploitation probability. Not confirmed exploited in the wild.
CVE-2025-54092,Windows Server 2022,7.8,0.00086,False,CVE CVE-2025-54092 affects Windows Server 2022. EPSS score 0.0009 indicates low exploitation probability. Not confirmed exploited in the wild.
CVE-2025-54092,Windows 10 Pro,7.8,0.00086,False,CVE CVE-2025-54092 affects Windows 10 Pro. EPSS score 0.0009 indicates low exploitation probability. Not confirmed exploited in the wild.
CVE-2025-58739,Windows Server 2022,6.5,0.00086,False,CVE CVE-2025-58739 affects Windows Server 2022. EPSS score 0.0009 indicates low exploitation probability. Not confirmed exploited in the wild.
CVE-2025-58739,Windows 10 Pro,6.5,0.00086,False,CVE CVE-2025-58739 affects Windows 10 Pro. EPSS score 0.0009 indicates low exploitation probability. Not confirmed exploited in the wild.
CVE-2026-26161,Windows Server 2022,7.8,0.00086,False,CVE CVE-2026-26161 affects Windows Server 2022. EPSS score 0.0009 indicates low exploitation probability. Not confirmed exploited in the wild.
CVE-2026-26161,Windows 10 Pro,7.8,0.00086,False,CVE CVE-2026-26161 affects Windows 10 Pro. EPSS score 0.0009 indicates low exploitation probability. Not confirmed exploited in the wild.
CVE-2026-26170,Windows Server 2022,7.8,0.00086,False,CVE CVE-2026-26170 affects Windows Server 2022. EPSS score 0.0009 indicates low exploitation probability. Not confirmed exploited in the wild.
CVE-2026-26170,Windows 10 Pro,7.8,0.00086,False,CVE CVE-2026-26170 affects Windows 10 Pro. EPSS score 0.0009 indicates low exploitation probability. Not confirmed exploited in the wild.
CVE-2026-6920,Google Chrome,9.6,0.00086,False,CVE CVE-2026-6920 affects Google Chrome. EPSS score 0.0009 indicates low exploitation probability. Not confirmed exploited in the wild.
CVE-2026-7335,Google Chrome,8.8,0.00086,False,CVE CVE-2026-7335 affects Google Chrome. EPSS score 0.0009 indicates low exploitation probability. Not confirmed exploited in the wild.
CVE-2026-7355,Google Chrome,8.8,0.00086,False,CVE CVE-2026-7355 affects Google Chrome. EPSS score 0.0009 indicates low exploitation probability. Not confirmed exploited in the wild.
CVE-2026-7356,Google Chrome,8.8,0.00086,False,CVE CVE-2026-7356 affects Google Chrome. EPSS score 0.0009 indicates low exploitation probability. Not confirmed exploited in the wild.
CVE-2026-7923,Google Chrome,8.3,0.00086,False,CVE CVE-2026-7923 affects Google Chrome. EPSS score 0.0009 indicates low exploitation probability. Not confirmed exploited in the wild.
CVE-2025-54116,Windows Server 2022,7.3,0.00085,False,CVE CVE-2025-54116 affects Windows Server 2022. EPSS score 0.0008 indicates low exploitation probability. Not confirmed exploited in the wild.
CVE-2025-54116,Windows 10 Pro,7.3,0.00085,False,CVE CVE-2025-54116 affects Windows 10 Pro. EPSS score 0.0008 indicates low exploitation probability. Not confirmed exploited in the wild.
CVE-2025-54895,Windows Server 2022,7.8,0.00085,False,CVE CVE-2025-54895 affects Windows Server 2022. EPSS score 0.0008 indicates low exploitation probability. Not confirmed exploited in the wild.
CVE-2025-54895,Windows 10 Pro,7.8,0.00085,False,CVE CVE-2025-54895 affects Windows 10 Pro. EPSS score 0.0008 indicates low exploitation probability. Not confirmed exploited in the wild.
CVE-2025-62555,Microsoft 365 Apps for Business,7.0,0.00085,False,CVE CVE-2025-62555 affects Microsoft 365 Apps for Business. EPSS score 0.0008 indicates low exploitation probability. Not confirmed exploited in the wild.
CVE-2026-0386,Windows Server 2022,7.5,0.00085,False,CVE CVE-2026-0386 affects Windows Server 2022. EPSS score 0.0008 indicates low exploitation probability. Not confirmed exploited in the wild.
CVE-2026-28389,OpenSSL,7.5,0.00085,False,CVE CVE-2026-28389 affects OpenSSL. EPSS score 0.0008 indicates low exploitation probability. Not confirmed exploited in the wild.
CVE-2026-28390,OpenSSL,7.5,0.00085,False,CVE CVE-2026-28390 affects OpenSSL. EPSS score 0.0008 indicates low exploitation probability. Not confirmed exploited in the wild.
CVE-2026-40406,Windows Server 2022,7.5,0.00085,False,CVE CVE-2026-40406 affects Windows Server 2022. EPSS score 0.0008 indicates low exploitation probability. Not confirmed exploited in the wild.
CVE-2026-40406,Windows 10 Pro,7.5,0.00085,False,CVE CVE-2026-40406 affects Windows 10 Pro. EPSS score 0.0008 indicates low exploitation probability. Not confirmed exploited in the wild.
CVE-2024-21405,Windows Server 2022,7.0,0.00084,False,CVE CVE-2024-21405 affects Windows Server 2022. EPSS score 0.0008 indicates low exploitation probability. Not confirmed exploited in the wild.
CVE-2024-21405,Windows 10 Pro,7.0,0.00084,False,CVE CVE-2024-21405 affects Windows 10 Pro. EPSS score 0.0008 indicates low exploitation probability. Not confirmed exploited in the wild.
CVE-2025-0439,Google Chrome,6.5,0.00084,False,CVE CVE-2025-0439 affects Google Chrome. EPSS score 0.0008 indicates low exploitation probability. Not confirmed exploited in the wild.
CVE-2025-3070,Google Chrome,6.5,0.00084,False,CVE CVE-2025-3070 affects Google Chrome. EPSS score 0.0008 indicates low exploitation probability. Not confirmed exploited in the wild.
CVE-2025-54912,Windows Server 2022,7.8,0.00084,False,CVE CVE-2025-54912 affects Windows Server 2022. EPSS score 0.0008 indicates low exploitation probability. Not confirmed exploited in the wild.
CVE-2025-54912,Windows 10 Pro,7.8,0.00084,False,CVE CVE-2025-54912 affects Windows 10 Pro. EPSS score 0.0008 indicates low exploitation probability. Not confirmed exploited in the wild.
CVE-2026-8529,Google Chrome,8.8,0.00084,False,CVE CVE-2026-8529 affects Google Chrome. EPSS score 0.0008 indicates low exploitation probability. Not confirmed exploited in the wild.
CVE-2025-12908,Google Chrome,5.4,0.00083,False,CVE CVE-2025-12908 affects Google Chrome. EPSS score 0.0008 indicates low exploitation probability. Not confirmed exploited in the wild.
CVE-2025-54907,Microsoft 365 Apps for Business,7.8,0.00083,False,CVE CVE-2025-54907 affects Microsoft 365 Apps for Business. EPSS score 0.0008 indicates low exploitation probability. Not confirmed exploited in the wild.
CVE-2025-54908,Microsoft 365 Apps for Business,7.8,0.00083,False,CVE CVE-2025-54908 affects Microsoft 365 Apps for Business. EPSS score 0.0008 indicates low exploitation probability. Not confirmed exploited in the wild.
CVE-2025-54911,Windows Server 2022,7.3,0.00083,False,CVE CVE-2025-54911 affects Windows Server 2022. EPSS score 0.0008 indicates low exploitation probability. Not confirmed exploited in the wild.
CVE-2025-54911,Windows 10 Pro,7.3,0.00083,False,CVE CVE-2025-54911 affects Windows 10 Pro. EPSS score 0.0008 indicates low exploitation probability. Not confirmed exploited in the wild.
CVE-2025-58726,Windows Server 2022,7.5,0.00083,False,CVE CVE-2025-58726 affects Windows Server 2022. EPSS score 0.0008 indicates low exploitation probability. Not confirmed exploited in the wild.
CVE-2025-58726,Windows 10 Pro,7.5,0.00083,False,CVE CVE-2025-58726 affects Windows 10 Pro. EPSS score 0.0008 indicates low exploitation probability. Not confirmed exploited in the wild.
CVE-2025-59227,Microsoft 365 Apps for Business,7.8,0.00083,False,CVE CVE-2025-59227 affects Microsoft 365 Apps for Business. EPSS score 0.0008 indicates low exploitation probability. Not confirmed exploited in the wild.
CVE-2026-8524,Google Chrome,8.8,0.00083,False,CVE CVE-2026-8524 affects Google Chrome. EPSS score 0.0008 indicates low exploitation probability. Not confirmed exploited in the wild.
CVE-2026-8526,Google Chrome,8.8,0.00083,False,CVE CVE-2026-8526 affects Google Chrome. EPSS score 0.0008 indicates low exploitation probability. Not confirmed exploited in the wild.
CVE-2024-20434,Cisco IOS XE,4.3,0.00082,False,CVE CVE-2024-20434 affects Cisco IOS XE. EPSS score 0.0008 indicates low exploitation probability. Not confirmed exploited in the wild.
CVE-2025-0440,Google Chrome,6.5,0.00082,False,CVE CVE-2025-0440 affects Google Chrome. EPSS score 0.0008 indicates low exploitation probability. Not confirmed exploited in the wild.
CVE-2025-20197,Cisco IOS XE,6.7,0.00082,False,CVE CVE-2025-20197 affects Cisco IOS XE. EPSS score 0.0008 indicates low exploitation probability. Not confirmed exploited in the wild.
CVE-2025-20200,Cisco IOS XE,6.7,0.00082,False,CVE CVE-2025-20200 affects Cisco IOS XE. EPSS score 0.0008 indicates low exploitation probability. Not confirmed exploited in the wild.
CVE-2025-20201,Cisco IOS XE,6.7,0.00082,False,CVE CVE-2025-20201 affects Cisco IOS XE. EPSS score 0.0008 indicates low exploitation probability. Not confirmed exploited in the wild.
CVE-2026-29168,Apache HTTP Server,7.3,0.00082,False,CVE CVE-2026-29168 affects Apache HTTP Server. EPSS score 0.0008 indicates low exploitation probability. Not confirmed exploited in the wild.
CVE-2026-7927,Google Chrome,8.8,0.00082,False,CVE CVE-2026-7927 affects Google Chrome. EPSS score 0.0008 indicates low exploitation probability. Not confirmed exploited in the wild.
CVE-2024-41832,Adobe Acrobat Reader DC,5.5,0.00081,False,CVE CVE-2024-41832 affects Adobe Acrobat Reader DC. EPSS score 0.0008 indicates low exploitation probability. Not confirmed exploited in the wild.
CVE-2024-41835,Adobe Acrobat Reader DC,5.5,0.00081,False,CVE CVE-2024-41835 affects Adobe Acrobat Reader DC. EPSS score 0.0008 indicates low exploitation probability. Not confirmed exploited in the wild.
CVE-2025-21358,Windows Server 2022,7.8,0.00081,False,CVE CVE-2025-21358 affects Windows Server 2022. EPSS score 0.0008 indicates low exploitation probability. Not confirmed exploited in the wild.
CVE-2025-21358,Windows 10 Pro,7.8,0.00081,False,CVE CVE-2025-21358 affects Windows 10 Pro. EPSS score 0.0008 indicates low exploitation probability. Not confirmed exploited in the wild.
CVE-2025-24044,Windows Server 2022,7.8,0.00081,False,CVE CVE-2025-24044 affects Windows Server 2022. EPSS score 0.0008 indicates low exploitation probability. Not confirmed exploited in the wild.
CVE-2025-24044,Windows 10 Pro,7.8,0.00081,False,CVE CVE-2025-24044 affects Windows 10 Pro. EPSS score 0.0008 indicates low exploitation probability. Not confirmed exploited in the wild.
CVE-2026-2313,Google Chrome,8.8,0.00081,False,CVE CVE-2026-2313 affects Google Chrome. EPSS score 0.0008 indicates low exploitation probability. Not confirmed exploited in the wild.
CVE-2026-8540,Google Chrome,8.8,0.00081,False,CVE CVE-2026-8540 affects Google Chrome. EPSS score 0.0008 indicates low exploitation probability. Not confirmed exploited in the wild.
CVE-2024-28924,Windows Server 2022,6.7,0.0008,False,CVE CVE-2024-28924 affects Windows Server 2022. EPSS score 0.0008 indicates low exploitation probability. Not confirmed exploited in the wild.
CVE-2024-28924,Windows 10 Pro,6.7,0.0008,False,CVE CVE-2024-28924 affects Windows 10 Pro. EPSS score 0.0008 indicates low exploitation probability. Not confirmed exploited in the wild.
CVE-2025-47979,Windows Server 2022,5.5,0.0008,False,CVE CVE-2025-47979 affects Windows Server 2022. EPSS score 0.0008 indicates low exploitation probability. Not confirmed exploited in the wild.
CVE-2025-55683,Windows Server 2022,5.5,0.0008,False,CVE CVE-2025-55683 affects Windows Server 2022. EPSS score 0.0008 indicates low exploitation probability. Not confirmed exploited in the wild.
CVE-2025-62454,Windows Server 2022,7.8,0.0008,False,CVE CVE-2025-62454 affects Windows Server 2022. EPSS score 0.0008 indicates low exploitation probability. Not confirmed exploited in the wild.
CVE-2025-62454,Windows 10 Pro,7.8,0.0008,False,CVE CVE-2025-62454 affects Windows 10 Pro. EPSS score 0.0008 indicates low exploitation probability. Not confirmed exploited in the wild.
CVE-2025-69421,OpenSSL,7.5,0.0008,False,CVE CVE-2025-69421 affects OpenSSL. EPSS score 0.0008 indicates low exploitation probability. Not confirmed exploited in the wild.
CVE-2026-32161,Windows Server 2022,7.5,0.0008,False,CVE CVE-2026-32161 affects Windows Server 2022. EPSS score 0.0008 indicates low exploitation probability. Not confirmed exploited in the wild.
CVE-2026-32161,Windows 10 Pro,7.5,0.0008,False,CVE CVE-2026-32161 affects Windows 10 Pro. EPSS score 0.0008 indicates low exploitation probability. Not confirmed exploited in the wild.
CVE-2026-7897,Google Chrome,7.5,0.0008,False,CVE CVE-2026-7897 affects Google Chrome. EPSS score 0.0008 indicates low exploitation probability. Not confirmed exploited in the wild.
CVE-2026-7898,Google Chrome,8.8,0.0008,False,CVE CVE-2026-7898 affects Google Chrome. EPSS score 0.0008 indicates low exploitation probability. Not confirmed exploited in the wild.
CVE-2026-7899,Google Chrome,8.8,0.0008,False,CVE CVE-2026-7899 affects Google Chrome. EPSS score 0.0008 indicates low exploitation probability. Not confirmed exploited in the wild.
CVE-2026-7901,Google Chrome,8.8,0.0008,False,CVE CVE-2026-7901 affects Google Chrome. EPSS score 0.0008 indicates low exploitation probability. Not confirmed exploited in the wild.
CVE-2026-7902,Google Chrome,8.8,0.0008,False,CVE CVE-2026-7902 affects Google Chrome. EPSS score 0.0008 indicates low exploitation probability. Not confirmed exploited in the wild.
CVE-2026-7906,Google Chrome,8.8,0.0008,False,CVE CVE-2026-7906 affects Google Chrome. EPSS score 0.0008 indicates low exploitation probability. Not confirmed exploited in the wild.
CVE-2026-7907,Google Chrome,8.8,0.0008,False,CVE CVE-2026-7907 affects Google Chrome. EPSS score 0.0008 indicates low exploitation probability. Not confirmed exploited in the wild.
CVE-2026-7921,Google Chrome,8.8,0.0008,False,CVE CVE-2026-7921 affects Google Chrome. EPSS score 0.0008 indicates low exploitation probability. Not confirmed exploited in the wild.
CVE-2026-7926,Google Chrome,8.8,0.0008,False,CVE CVE-2026-7926 affects Google Chrome. EPSS score 0.0008 indicates low exploitation probability. Not confirmed exploited in the wild.
CVE-2026-7929,Google Chrome,7.5,0.0008,False,CVE CVE-2026-7929 affects Google Chrome. EPSS score 0.0008 indicates low exploitation probability. Not confirmed exploited in the wild.
CVE-2026-7938,Google Chrome,8.8,0.0008,False,CVE CVE-2026-7938 affects Google Chrome. EPSS score 0.0008 indicates low exploitation probability. Not confirmed exploited in the wild.
CVE-2026-7974,Google Chrome,8.8,0.0008,False,CVE CVE-2026-7974 affects Google Chrome. EPSS score 0.0008 indicates low exploitation probability. Not confirmed exploited in the wild.
CVE-2026-7984,Google Chrome,8.8,0.0008,False,CVE CVE-2026-7984 affects Google Chrome. EPSS score 0.0008 indicates low exploitation probability. Not confirmed exploited in the wild.
CVE-2026-7991,Google Chrome,8.8,0.0008,False,CVE CVE-2026-7991 affects Google Chrome. EPSS score 0.0008 indicates low exploitation probability. Not confirmed exploited in the wild.
CVE-2026-7995,Google Chrome,8.8,0.0008,False,CVE CVE-2026-7995 affects Google Chrome. EPSS score 0.0008 indicates low exploitation probability. Not confirmed exploited in the wild.
CVE-2026-8518,Google Chrome,8.8,0.0008,False,CVE CVE-2026-8518 affects Google Chrome. EPSS score 0.0008 indicates low exploitation probability. Not confirmed exploited in the wild.
CVE-2026-8522,Google Chrome,8.8,0.0008,False,CVE CVE-2026-8522 affects Google Chrome. EPSS score 0.0008 indicates low exploitation probability. Not confirmed exploited in the wild.
CVE-2026-8532,Google Chrome,8.8,0.0008,False,CVE CVE-2026-8532 affects Google Chrome. EPSS score 0.0008 indicates low exploitation probability. Not confirmed exploited in the wild.
CVE-2026-8544,Google Chrome,8.8,0.0008,False,CVE CVE-2026-8544 affects Google Chrome. EPSS score 0.0008 indicates low exploitation probability. Not confirmed exploited in the wild.
CVE-2026-8549,Google Chrome,8.8,0.0008,False,CVE CVE-2026-8549 affects Google Chrome. EPSS score 0.0008 indicates low exploitation probability. Not confirmed exploited in the wild.
CVE-2026-8551,Google Chrome,8.8,0.0008,False,CVE CVE-2026-8551 affects Google Chrome. EPSS score 0.0008 indicates low exploitation probability. Not confirmed exploited in the wild.
CVE-2026-8555,Google Chrome,8.8,0.0008,False,CVE CVE-2026-8555 affects Google Chrome. EPSS score 0.0008 indicates low exploitation probability. Not confirmed exploited in the wild.
CVE-2026-8558,Google Chrome,8.8,0.0008,False,CVE CVE-2026-8558 affects Google Chrome. EPSS score 0.0008 indicates low exploitation probability. Not confirmed exploited in the wild.
CVE-2026-8577,Google Chrome,8.8,0.0008,False,CVE CVE-2026-8577 affects Google Chrome. EPSS score 0.0008 indicates low exploitation probability. Not confirmed exploited in the wild.
CVE-2024-6777,Google Chrome,6.5,0.00079,False,CVE CVE-2024-6777 affects Google Chrome. EPSS score 0.0008 indicates low exploitation probability. Not confirmed exploited in the wild.
CVE-2025-13224,Google Chrome,8.8,0.00079,False,CVE CVE-2025-13224 affects Google Chrome. EPSS score 0.0008 indicates low exploitation probability. Not confirmed exploited in the wild.
CVE-2025-13630,Google Chrome,8.8,0.00079,False,CVE CVE-2025-13630 affects Google Chrome. EPSS score 0.0008 indicates low exploitation probability. Not confirmed exploited in the wild.
CVE-2025-13720,Google Chrome,8.8,0.00079,False,CVE CVE-2025-13720 affects Google Chrome. EPSS score 0.0008 indicates low exploitation probability. Not confirmed exploited in the wild.
CVE-2025-54110,Windows Server 2022,8.8,0.00079,False,CVE CVE-2025-54110 affects Windows Server 2022. EPSS score 0.0008 indicates low exploitation probability. Not confirmed exploited in the wild.
CVE-2025-54110,Windows 10 Pro,8.8,0.00079,False,CVE CVE-2025-54110 affects Windows 10 Pro. EPSS score 0.0008 indicates low exploitation probability. Not confirmed exploited in the wild.
CVE-2026-26107,Microsoft 365 Apps for Business,7.8,0.00079,False,CVE CVE-2026-26107 affects Microsoft 365 Apps for Business. EPSS score 0.0008 indicates low exploitation probability. Not confirmed exploited in the wild.
CVE-2026-27925,Windows Server 2022,6.5,0.00079,False,CVE CVE-2026-27925 affects Windows Server 2022. EPSS score 0.0008 indicates low exploitation probability. Not confirmed exploited in the wild.
CVE-2026-27925,Windows 10 Pro,6.5,0.00079,False,CVE CVE-2026-27925 affects Windows 10 Pro. EPSS score 0.0008 indicates low exploitation probability. Not confirmed exploited in the wild.
CVE-2026-7931,Google Chrome,5.4,0.00079,False,CVE CVE-2026-7931 affects Google Chrome. EPSS score 0.0008 indicates low exploitation probability. Not confirmed exploited in the wild.
CVE-2026-7947,Google Chrome,4.2,0.00079,False,CVE CVE-2026-7947 affects Google Chrome. EPSS score 0.0008 indicates low exploitation probability. Not confirmed exploited in the wild.
CVE-2026-7993,Google Chrome,4.2,0.00079,False,CVE CVE-2026-7993 affects Google Chrome. EPSS score 0.0008 indicates low exploitation probability. Not confirmed exploited in the wild.
CVE-2026-7996,Google Chrome,4.2,0.00079,False,CVE CVE-2026-7996 affects Google Chrome. EPSS score 0.0008 indicates low exploitation probability. Not confirmed exploited in the wild.
CVE-2024-21446,Windows Server 2022,7.8,0.00078,False,CVE CVE-2024-21446 affects Windows Server 2022. EPSS score 0.0008 indicates low exploitation probability. Not confirmed exploited in the wild.
CVE-2024-21446,Windows 10 Pro,7.8,0.00078,False,CVE CVE-2024-21446 affects Windows 10 Pro. EPSS score 0.0008 indicates low exploitation probability. Not confirmed exploited in the wild.
CVE-2025-49460,Zoom,4.3,0.00078,False,CVE CVE-2025-49460 affects Zoom. EPSS score 0.0008 indicates low exploitation probability. Not confirmed exploited in the wild.
CVE-2025-55679,Windows Server 2022,5.1,0.00078,False,CVE CVE-2025-55679 affects Windows Server 2022. EPSS score 0.0008 indicates low exploitation probability. Not confirmed exploited in the wild.
CVE-2025-55679,Windows 10 Pro,5.1,0.00078,False,CVE CVE-2025-55679 affects Windows 10 Pro. EPSS score 0.0008 indicates low exploitation probability. Not confirmed exploited in the wild.
CVE-2025-62467,Windows Server 2022,7.8,0.00078,False,CVE CVE-2025-62467 affects Windows Server 2022. EPSS score 0.0008 indicates low exploitation probability. Not confirmed exploited in the wild.
CVE-2025-62467,Windows 10 Pro,7.8,0.00078,False,CVE CVE-2025-62467 affects Windows 10 Pro. EPSS score 0.0008 indicates low exploitation probability. Not confirmed exploited in the wild.
CVE-2026-27907,Windows Server 2022,7.8,0.00078,False,CVE CVE-2026-27907 affects Windows Server 2022. EPSS score 0.0008 indicates low exploitation probability. Not confirmed exploited in the wild.
CVE-2026-6921,Google Chrome,8.3,0.00078,False,CVE CVE-2026-6921 affects Google Chrome. EPSS score 0.0008 indicates low exploitation probability. Not confirmed exploited in the wild.
CVE-2026-8538,Google Chrome,5.3,0.00078,False,CVE CVE-2026-8538 affects Google Chrome. EPSS score 0.0008 indicates low exploitation probability. Not confirmed exploited in the wild.
CVE-2024-1671,Google Chrome,6.5,0.00077,False,CVE CVE-2024-1671 affects Google Chrome. EPSS score 0.0008 indicates low exploitation probability. Not confirmed exploited in the wild.
CVE-2024-22269,VMware vSphere,7.1,0.00077,False,CVE CVE-2024-22269 affects VMware vSphere. EPSS score 0.0008 indicates low exploitation probability. Not confirmed exploited in the wild.
CVE-2024-22270,VMware vSphere,7.1,0.00077,False,CVE CVE-2024-22270 affects VMware vSphere. EPSS score 0.0008 indicates low exploitation probability. Not confirmed exploited in the wild.
CVE-2024-24697,Zoom,7.2,0.00077,False,CVE CVE-2024-24697 affects Zoom. EPSS score 0.0008 indicates low exploitation probability. Not confirmed exploited in the wild.
CVE-2024-5843,Google Chrome,6.5,0.00077,False,CVE CVE-2024-5843 affects Google Chrome. EPSS score 0.0008 indicates low exploitation probability. Not confirmed exploited in the wild.
CVE-2025-0441,Google Chrome,6.5,0.00077,False,CVE CVE-2025-0441 affects Google Chrome. EPSS score 0.0008 indicates low exploitation probability. Not confirmed exploited in the wild.
CVE-2025-13631,Google Chrome,8.8,0.00077,False,CVE CVE-2025-13631 affects Google Chrome. EPSS score 0.0008 indicates low exploitation probability. Not confirmed exploited in the wild.
CVE-2025-4575,OpenSSL,6.5,0.00077,False,CVE CVE-2025-4575 affects OpenSSL. EPSS score 0.0008 indicates low exploitation probability. Not confirmed exploited in the wild.
CVE-2025-53802,Windows Server 2022,7.0,0.00077,False,CVE CVE-2025-53802 affects Windows Server 2022. EPSS score 0.0008 indicates low exploitation probability. Not confirmed exploited in the wild.
CVE-2025-53802,Windows 10 Pro,7.0,0.00077,False,CVE CVE-2025-53802 affects Windows 10 Pro. EPSS score 0.0008 indicates low exploitation probability. Not confirmed exploited in the wild.
CVE-2025-54099,Windows Server 2022,7.0,0.00077,False,CVE CVE-2025-54099 affects Windows Server 2022. EPSS score 0.0008 indicates low exploitation probability. Not confirmed exploited in the wild.
CVE-2025-54099,Windows 10 Pro,7.0,0.00077,False,CVE CVE-2025-54099 affects Windows 10 Pro. EPSS score 0.0008 indicates low exploitation probability. Not confirmed exploited in the wild.
CVE-2025-54103,Windows Server 2022,7.4,0.00077,False,CVE CVE-2025-54103 affects Windows Server 2022. EPSS score 0.0008 indicates low exploitation probability. Not confirmed exploited in the wild.
CVE-2025-54103,Windows 10 Pro,7.4,0.00077,False,CVE CVE-2025-54103 affects Windows 10 Pro. EPSS score 0.0008 indicates low exploitation probability. Not confirmed exploited in the wild.
CVE-2025-54111,Windows Server 2022,7.8,0.00077,False,CVE CVE-2025-54111 affects Windows Server 2022. EPSS score 0.0008 indicates low exploitation probability. Not confirmed exploited in the wild.
CVE-2025-54111,Windows 10 Pro,7.8,0.00077,False,CVE CVE-2025-54111 affects Windows 10 Pro. EPSS score 0.0008 indicates low exploitation probability. Not confirmed exploited in the wild.
CVE-2025-54112,Windows Server 2022,7.0,0.00077,False,CVE CVE-2025-54112 affects Windows Server 2022. EPSS score 0.0008 indicates low exploitation probability. Not confirmed exploited in the wild.
CVE-2025-54112,Windows 10 Pro,7.0,0.00077,False,CVE CVE-2025-54112 affects Windows 10 Pro. EPSS score 0.0008 indicates low exploitation probability. Not confirmed exploited in the wild.
CVE-2025-54901,Microsoft 365 Apps for Business,5.5,0.00077,False,CVE CVE-2025-54901 affects Microsoft 365 Apps for Business. EPSS score 0.0008 indicates low exploitation probability. Not confirmed exploited in the wild.
CVE-2025-59517,Windows Server 2022,7.8,0.00077,False,CVE CVE-2025-59517 affects Windows Server 2022. EPSS score 0.0008 indicates low exploitation probability. Not confirmed exploited in the wild.
CVE-2025-59517,Windows 10 Pro,7.8,0.00077,False,CVE CVE-2025-59517 affects Windows 10 Pro. EPSS score 0.0008 indicates low exploitation probability. Not confirmed exploited in the wild.
CVE-2025-60705,Windows Server 2022,7.8,0.00077,False,CVE CVE-2025-60705 affects Windows Server 2022. EPSS score 0.0008 indicates low exploitation probability. Not confirmed exploited in the wild.
CVE-2025-60705,Windows 10 Pro,7.8,0.00077,False,CVE CVE-2025-60705 affects Windows 10 Pro. EPSS score 0.0008 indicates low exploitation probability. Not confirmed exploited in the wild.
CVE-2025-8577,Google Chrome,4.3,0.00077,False,CVE CVE-2025-8577 affects Google Chrome. EPSS score 0.0008 indicates low exploitation probability. Not confirmed exploited in the wild.
CVE-2025-8579,Google Chrome,4.3,0.00077,False,CVE CVE-2025-8579 affects Google Chrome. EPSS score 0.0008 indicates low exploitation probability. Not confirmed exploited in the wild.
CVE-2025-8580,Google Chrome,4.3,0.00077,False,CVE CVE-2025-8580 affects Google Chrome. EPSS score 0.0008 indicates low exploitation probability. Not confirmed exploited in the wild.
CVE-2026-7342,Google Chrome,8.8,0.00077,False,CVE CVE-2026-7342 affects Google Chrome. EPSS score 0.0008 indicates low exploitation probability. Not confirmed exploited in the wild.
CVE-2024-30099,Windows Server 2022,7.0,0.00076,False,CVE CVE-2024-30099 affects Windows Server 2022. EPSS score 0.0008 indicates low exploitation probability. Not confirmed exploited in the wild.
CVE-2024-30099,Windows 10 Pro,7.0,0.00076,False,CVE CVE-2024-30099 affects Windows 10 Pro. EPSS score 0.0008 indicates low exploitation probability. Not confirmed exploited in the wild.
CVE-2026-20848,Windows Server 2022,7.5,0.00076,False,CVE CVE-2026-20848 affects Windows Server 2022. EPSS score 0.0008 indicates low exploitation probability. Not confirmed exploited in the wild.
CVE-2026-20848,Windows 10 Pro,7.5,0.00076,False,CVE CVE-2026-20848 affects Windows 10 Pro. EPSS score 0.0008 indicates low exploitation probability. Not confirmed exploited in the wild.
CVE-2026-20919,Windows Server 2022,7.5,0.00076,False,CVE CVE-2026-20919 affects Windows Server 2022. EPSS score 0.0008 indicates low exploitation probability. Not confirmed exploited in the wild.
CVE-2026-20919,Windows 10 Pro,7.5,0.00076,False,CVE CVE-2026-20919 affects Windows 10 Pro. EPSS score 0.0008 indicates low exploitation probability. Not confirmed exploited in the wild.
CVE-2026-20921,Windows Server 2022,7.5,0.00076,False,CVE CVE-2026-20921 affects Windows Server 2022. EPSS score 0.0008 indicates low exploitation probability. Not confirmed exploited in the wild.
CVE-2026-20921,Windows 10 Pro,7.5,0.00076,False,CVE CVE-2026-20921 affects Windows 10 Pro. EPSS score 0.0008 indicates low exploitation probability. Not confirmed exploited in the wild.
CVE-2026-20926,Windows Server 2022,7.5,0.00076,False,CVE CVE-2026-20926 affects Windows Server 2022. EPSS score 0.0008 indicates low exploitation probability. Not confirmed exploited in the wild.
CVE-2026-20926,Windows 10 Pro,7.5,0.00076,False,CVE CVE-2026-20926 affects Windows 10 Pro. EPSS score 0.0008 indicates low exploitation probability. Not confirmed exploited in the wild.
CVE-2026-20934,Windows Server 2022,7.5,0.00076,False,CVE CVE-2026-20934 affects Windows Server 2022. EPSS score 0.0008 indicates low exploitation probability. Not confirmed exploited in the wild.
CVE-2026-20934,Windows 10 Pro,7.5,0.00076,False,CVE CVE-2026-20934 affects Windows 10 Pro. EPSS score 0.0008 indicates low exploitation probability. Not confirmed exploited in the wild.
CVE-2026-27909,Windows Server 2022,7.8,0.00076,False,CVE CVE-2026-27909 affects Windows Server 2022. EPSS score 0.0008 indicates low exploitation probability. Not confirmed exploited in the wild.
CVE-2026-27909,Windows 10 Pro,7.8,0.00076,False,CVE CVE-2026-27909 affects Windows 10 Pro. EPSS score 0.0008 indicates low exploitation probability. Not confirmed exploited in the wild.
CVE-2024-24690,Zoom,5.4,0.00075,False,CVE CVE-2024-24690 affects Zoom. EPSS score 0.0008 indicates low exploitation probability. Not confirmed exploited in the wild.
CVE-2024-34129,Adobe Acrobat Reader DC,7.5,0.00075,False,CVE CVE-2024-34129 affects Adobe Acrobat Reader DC. EPSS score 0.0008 indicates low exploitation probability. Not confirmed exploited in the wild.
CVE-2024-6996,Google Chrome,3.1,0.00075,False,CVE CVE-2024-6996 affects Google Chrome. EPSS score 0.0008 indicates low exploitation probability. Not confirmed exploited in the wild.
CVE-2024-9962,Google Chrome,4.3,0.00075,False,CVE CVE-2024-9962 affects Google Chrome. EPSS score 0.0008 indicates low exploitation probability. Not confirmed exploited in the wild.
CVE-2025-20190,Cisco IOS XE,6.5,0.00075,False,CVE CVE-2025-20190 affects Cisco IOS XE. EPSS score 0.0008 indicates low exploitation probability. Not confirmed exploited in the wild.
CVE-2025-55225,Windows Server 2022,6.5,0.00075,False,CVE CVE-2025-55225 affects Windows Server 2022. EPSS score 0.0008 indicates low exploitation probability. Not confirmed exploited in the wild.
CVE-2025-64680,Windows Server 2022,7.8,0.00075,False,CVE CVE-2025-64680 affects Windows Server 2022. EPSS score 0.0008 indicates low exploitation probability. Not confirmed exploited in the wild.
CVE-2025-64680,Windows 10 Pro,7.8,0.00075,False,CVE CVE-2025-64680 affects Windows 10 Pro. EPSS score 0.0008 indicates low exploitation probability. Not confirmed exploited in the wild.
CVE-2026-20827,Windows Server 2022,5.5,0.00075,False,CVE CVE-2026-20827 affects Windows Server 2022. EPSS score 0.0008 indicates low exploitation probability. Not confirmed exploited in the wild.
CVE-2026-20827,Windows 10 Pro,5.5,0.00075,False,CVE CVE-2026-20827 affects Windows 10 Pro. EPSS score 0.0008 indicates low exploitation probability. Not confirmed exploited in the wild.
CVE-2026-20838,Windows Server 2022,5.5,0.00075,False,CVE CVE-2026-20838 affects Windows Server 2022. EPSS score 0.0008 indicates low exploitation probability. Not confirmed exploited in the wild.
CVE-2026-20862,Windows Server 2022,5.5,0.00075,False,CVE CVE-2026-20862 affects Windows Server 2022. EPSS score 0.0008 indicates low exploitation probability. Not confirmed exploited in the wild.
CVE-2026-20862,Windows 10 Pro,5.5,0.00075,False,CVE CVE-2026-20862 affects Windows 10 Pro. EPSS score 0.0008 indicates low exploitation probability. Not confirmed exploited in the wild.
CVE-2026-40361,Microsoft 365 Apps for Business,8.4,0.00075,False,CVE CVE-2026-40361 affects Microsoft 365 Apps for Business. EPSS score 0.0008 indicates low exploitation probability. Not confirmed exploited in the wild.
CVE-2026-6363,Google Chrome,8.8,0.00075,False,CVE CVE-2026-6363 affects Google Chrome. EPSS score 0.0008 indicates low exploitation probability. Not confirmed exploited in the wild.
CVE-2024-0333,Google Chrome,5.3,0.00074,False,CVE CVE-2024-0333 affects Google Chrome. EPSS score 0.0007 indicates low exploitation probability. Not confirmed exploited in the wild.
CVE-2025-12036,Google Chrome,8.8,0.00074,False,CVE CVE-2025-12036 affects Google Chrome. EPSS score 0.0007 indicates low exploitation probability. Not confirmed exploited in the wild.
CVE-2025-21340,Windows Server 2022,5.5,0.00074,False,CVE CVE-2025-21340 affects Windows Server 2022. EPSS score 0.0007 indicates low exploitation probability. Not confirmed exploited in the wild.
CVE-2025-21340,Windows 10 Pro,5.5,0.00074,False,CVE CVE-2025-21340 affects Windows 10 Pro. EPSS score 0.0007 indicates low exploitation probability. Not confirmed exploited in the wild.
CVE-2025-48004,Windows Server 2022,7.4,0.00074,False,CVE CVE-2025-48004 affects Windows Server 2022. EPSS score 0.0007 indicates low exploitation probability. Not confirmed exploited in the wild.
CVE-2025-55336,Windows Server 2022,5.5,0.00074,False,CVE CVE-2025-55336 affects Windows Server 2022. EPSS score 0.0007 indicates low exploitation probability. Not confirmed exploited in the wild.
CVE-2025-55336,Windows 10 Pro,5.5,0.00074,False,CVE CVE-2025-55336 affects Windows 10 Pro. EPSS score 0.0007 indicates low exploitation probability. Not confirmed exploited in the wild.
CVE-2025-55699,Windows Server 2022,5.5,0.00074,False,CVE CVE-2025-55699 affects Windows Server 2022. EPSS score 0.0007 indicates low exploitation probability. Not confirmed exploited in the wild.
CVE-2025-55699,Windows 10 Pro,5.5,0.00074,False,CVE CVE-2025-55699 affects Windows 10 Pro. EPSS score 0.0007 indicates low exploitation probability. Not confirmed exploited in the wild.
CVE-2025-59184,Windows Server 2022,5.5,0.00074,False,CVE CVE-2025-59184 affects Windows Server 2022. EPSS score 0.0007 indicates low exploitation probability. Not confirmed exploited in the wild.
CVE-2025-59186,Windows Server 2022,5.5,0.00074,False,CVE CVE-2025-59186 affects Windows Server 2022. EPSS score 0.0007 indicates low exploitation probability. Not confirmed exploited in the wild.
CVE-2025-59188,Windows Server 2022,5.5,0.00074,False,CVE CVE-2025-59188 affects Windows Server 2022. EPSS score 0.0007 indicates low exploitation probability. Not confirmed exploited in the wild.
CVE-2025-59197,Windows Server 2022,5.5,0.00074,False,CVE CVE-2025-59197 affects Windows Server 2022. EPSS score 0.0007 indicates low exploitation probability. Not confirmed exploited in the wild.
CVE-2025-59197,Windows 10 Pro,5.5,0.00074,False,CVE CVE-2025-59197 affects Windows 10 Pro. EPSS score 0.0007 indicates low exploitation probability. Not confirmed exploited in the wild.
CVE-2025-59203,Windows Server 2022,5.5,0.00074,False,CVE CVE-2025-59203 affects Windows Server 2022. EPSS score 0.0007 indicates low exploitation probability. Not confirmed exploited in the wild.
CVE-2025-59203,Windows 10 Pro,5.5,0.00074,False,CVE CVE-2025-59203 affects Windows 10 Pro. EPSS score 0.0007 indicates low exploitation probability. Not confirmed exploited in the wild.
CVE-2025-59209,Windows Server 2022,5.5,0.00074,False,CVE CVE-2025-59209 affects Windows Server 2022. EPSS score 0.0007 indicates low exploitation probability. Not confirmed exploited in the wild.
CVE-2025-59209,Windows 10 Pro,5.5,0.00074,False,CVE CVE-2025-59209 affects Windows 10 Pro. EPSS score 0.0007 indicates low exploitation probability. Not confirmed exploited in the wild.
CVE-2025-59211,Windows Server 2022,5.5,0.00074,False,CVE CVE-2025-59211 affects Windows Server 2022. EPSS score 0.0007 indicates low exploitation probability. Not confirmed exploited in the wild.
CVE-2025-59211,Windows 10 Pro,5.5,0.00074,False,CVE CVE-2025-59211 affects Windows 10 Pro. EPSS score 0.0007 indicates low exploitation probability. Not confirmed exploited in the wild.
CVE-2025-59258,Windows Server 2022,6.2,0.00074,False,CVE CVE-2025-59258 affects Windows Server 2022. EPSS score 0.0007 indicates low exploitation probability. Not confirmed exploited in the wild.
CVE-2025-59260,Windows Server 2022,5.5,0.00074,False,CVE CVE-2025-59260 affects Windows Server 2022. EPSS score 0.0007 indicates low exploitation probability. Not confirmed exploited in the wild.
CVE-2026-5895,Google Chrome,5.4,0.00074,False,CVE CVE-2026-5895 affects Google Chrome. EPSS score 0.0007 indicates low exploitation probability. Not confirmed exploited in the wild.
CVE-2026-6359,Google Chrome,8.8,0.00074,False,CVE CVE-2026-6359 affects Google Chrome. EPSS score 0.0007 indicates low exploitation probability. Not confirmed exploited in the wild.
CVE-2024-0810,Google Chrome,4.3,0.00073,False,CVE CVE-2024-0810 affects Google Chrome. EPSS score 0.0007 indicates low exploitation probability. Not confirmed exploited in the wild.
CVE-2024-20324,Cisco IOS XE,5.5,0.00073,False,CVE CVE-2024-20324 affects Cisco IOS XE. EPSS score 0.0007 indicates low exploitation probability. Not confirmed exploited in the wild.
CVE-2024-7004,Google Chrome,4.3,0.00073,False,CVE CVE-2024-7004 affects Google Chrome. EPSS score 0.0007 indicates low exploitation probability. Not confirmed exploited in the wild.
CVE-2025-55697,Windows Server 2022,7.8,0.00073,False,CVE CVE-2025-55697 affects Windows Server 2022. EPSS score 0.0007 indicates low exploitation probability. Not confirmed exploited in the wild.
CVE-2026-21260,Microsoft 365 Apps for Business,7.5,0.00073,False,CVE CVE-2026-21260 affects Microsoft 365 Apps for Business. EPSS score 0.0007 indicates low exploitation probability. Not confirmed exploited in the wild.
CVE-2026-23918,Apache HTTP Server,8.8,0.00073,False,CVE CVE-2026-23918 affects Apache HTTP Server. EPSS score 0.0007 indicates low exploitation probability. Not confirmed exploited in the wild.
CVE-2026-26169,Windows Server 2022,6.1,0.00073,False,CVE CVE-2026-26169 affects Windows Server 2022. EPSS score 0.0007 indicates low exploitation probability. Not confirmed exploited in the wild.
CVE-2026-26169,Windows 10 Pro,6.1,0.00073,False,CVE CVE-2026-26169 affects Windows 10 Pro. EPSS score 0.0007 indicates low exploitation probability. Not confirmed exploited in the wild.
CVE-2026-41088,Windows Server 2022,7.8,0.00073,False,CVE CVE-2026-41088 affects Windows Server 2022. EPSS score 0.0007 indicates low exploitation probability. Not confirmed exploited in the wild.
CVE-2026-41088,Windows 10 Pro,7.8,0.00073,False,CVE CVE-2026-41088 affects Windows 10 Pro. EPSS score 0.0007 indicates low exploitation probability. Not confirmed exploited in the wild.
CVE-2026-7333,Google Chrome,9.6,0.00073,False,CVE CVE-2026-7333 affects Google Chrome. EPSS score 0.0007 indicates low exploitation probability. Not confirmed exploited in the wild.
CVE-2026-7343,Google Chrome,7.5,0.00073,False,CVE CVE-2026-7343 affects Google Chrome. EPSS score 0.0007 indicates low exploitation probability. Not confirmed exploited in the wild.
CVE-2026-7970,Google Chrome,8.3,0.00073,False,CVE CVE-2026-7970 affects Google Chrome. EPSS score 0.0007 indicates low exploitation probability. Not confirmed exploited in the wild.
CVE-2026-8015,Google Chrome,5.4,0.00073,False,CVE CVE-2026-8015 affects Google Chrome. EPSS score 0.0007 indicates low exploitation probability. Not confirmed exploited in the wild.
CVE-2024-21445,Windows Server 2022,7.0,0.00072,False,CVE CVE-2024-21445 affects Windows Server 2022. EPSS score 0.0007 indicates low exploitation probability. Not confirmed exploited in the wild.
CVE-2024-21445,Windows 10 Pro,7.0,0.00072,False,CVE CVE-2024-21445 affects Windows 10 Pro. EPSS score 0.0007 indicates low exploitation probability. Not confirmed exploited in the wild.
CVE-2024-27242,Zoom,4.1,0.00072,False,CVE CVE-2024-27242 affects Zoom. EPSS score 0.0007 indicates low exploitation probability. Not confirmed exploited in the wild.
CVE-2025-55326,Windows Server 2022,7.5,0.00072,False,CVE CVE-2025-55326 affects Windows Server 2022. EPSS score 0.0007 indicates low exploitation probability. Not confirmed exploited in the wild.
CVE-2025-55326,Windows 10 Pro,7.5,0.00072,False,CVE CVE-2025-55326 affects Windows 10 Pro. EPSS score 0.0007 indicates low exploitation probability. Not confirmed exploited in the wild.
CVE-2025-6556,Google Chrome,5.4,0.00072,False,CVE CVE-2025-6556 affects Google Chrome. EPSS score 0.0007 indicates low exploitation probability. Not confirmed exploited in the wild.
CVE-2026-7988,Google Chrome,8.8,0.00072,False,CVE CVE-2026-7988 affects Google Chrome. EPSS score 0.0007 indicates low exploitation probability. Not confirmed exploited in the wild.
CVE-2026-8517,Google Chrome,8.8,0.00072,False,CVE CVE-2026-8517 affects Google Chrome. EPSS score 0.0007 indicates low exploitation probability. Not confirmed exploited in the wild.
CVE-2024-21304,Windows Server 2022,4.1,0.00071,False,CVE CVE-2024-21304 affects Windows Server 2022. EPSS score 0.0007 indicates low exploitation probability. Not confirmed exploited in the wild.
CVE-2024-21304,Windows 10 Pro,4.1,0.00071,False,CVE CVE-2024-21304 affects Windows 10 Pro. EPSS score 0.0007 indicates low exploitation probability. Not confirmed exploited in the wild.
CVE-2025-0146,Zoom,3.9,0.00071,False,CVE CVE-2025-0146 affects Zoom. EPSS score 0.0007 indicates low exploitation probability. Not confirmed exploited in the wild.
CVE-2025-3072,Google Chrome,5.4,0.00071,False,CVE CVE-2025-3072 affects Google Chrome. EPSS score 0.0007 indicates low exploitation probability. Not confirmed exploited in the wild.
CVE-2025-3073,Google Chrome,5.4,0.00071,False,CVE CVE-2025-3073 affects Google Chrome. EPSS score 0.0007 indicates low exploitation probability. Not confirmed exploited in the wild.
CVE-2025-64739,Zoom,4.3,0.00071,False,CVE CVE-2025-64739 affects Zoom. EPSS score 0.0007 indicates low exploitation probability. Not confirmed exploited in the wild.
CVE-2026-7928,Google Chrome,8.8,0.00071,False,CVE CVE-2026-7928 affects Google Chrome. EPSS score 0.0007 indicates low exploitation probability. Not confirmed exploited in the wild.
CVE-2026-7980,Google Chrome,8.8,0.00071,False,CVE CVE-2026-7980 affects Google Chrome. EPSS score 0.0007 indicates low exploitation probability. Not confirmed exploited in the wild.
CVE-2026-7987,Google Chrome,8.8,0.00071,False,CVE CVE-2026-7987 affects Google Chrome. EPSS score 0.0007 indicates low exploitation probability. Not confirmed exploited in the wild.
CVE-2024-20747,Adobe Acrobat Reader DC,5.5,0.0007,False,CVE CVE-2024-20747 affects Adobe Acrobat Reader DC. EPSS score 0.0007 indicates low exploitation probability. Not confirmed exploited in the wild.
CVE-2024-5500,Google Chrome,6.5,0.0007,False,CVE CVE-2024-5500 affects Google Chrome. EPSS score 0.0007 indicates low exploitation probability. Not confirmed exploited in the wild.
CVE-2026-21253,Windows Server 2022,7.0,0.0007,False,CVE CVE-2026-21253 affects Windows Server 2022. EPSS score 0.0007 indicates low exploitation probability. Not confirmed exploited in the wild.
CVE-2026-21253,Windows 10 Pro,7.0,0.0007,False,CVE CVE-2026-21253 affects Windows 10 Pro. EPSS score 0.0007 indicates low exploitation probability. Not confirmed exploited in the wild.
CVE-2026-26110,Microsoft 365 Apps for Business,8.4,0.0007,False,CVE CVE-2026-26110 affects Microsoft 365 Apps for Business. EPSS score 0.0007 indicates low exploitation probability. Not confirmed exploited in the wild.
CVE-2026-27908,Windows Server 2022,7.0,0.0007,False,CVE CVE-2026-27908 affects Windows Server 2022. EPSS score 0.0007 indicates low exploitation probability. Not confirmed exploited in the wild.
CVE-2026-27908,Windows 10 Pro,7.0,0.0007,False,CVE CVE-2026-27908 affects Windows 10 Pro. EPSS score 0.0007 indicates low exploitation probability. Not confirmed exploited in the wild.
CVE-2026-27914,Windows Server 2022,7.8,0.0007,False,CVE CVE-2026-27914 affects Windows Server 2022. EPSS score 0.0007 indicates low exploitation probability. Not confirmed exploited in the wild.
CVE-2026-27914,Windows 10 Pro,7.8,0.0007,False,CVE CVE-2026-27914 affects Windows 10 Pro. EPSS score 0.0007 indicates low exploitation probability. Not confirmed exploited in the wild.
CVE-2024-22253,VMware vSphere,9.3,0.00069,False,CVE CVE-2024-22253 affects VMware vSphere. EPSS score 0.0007 indicates low exploitation probability. Not confirmed exploited in the wild.
CVE-2024-8907,Google Chrome,6.1,0.00069,False,CVE CVE-2024-8907 affects Google Chrome. EPSS score 0.0007 indicates low exploitation probability. Not confirmed exploited in the wild.
CVE-2025-55333,Windows Server 2022,6.1,0.00069,False,CVE CVE-2025-55333 affects Windows Server 2022. EPSS score 0.0007 indicates low exploitation probability. Not confirmed exploited in the wild.
CVE-2025-55333,Windows 10 Pro,6.1,0.00069,False,CVE CVE-2025-55333 affects Windows 10 Pro. EPSS score 0.0007 indicates low exploitation probability. Not confirmed exploited in the wild.
CVE-2025-62398,Moodle,5.4,0.00069,False,CVE CVE-2025-62398 affects Moodle. EPSS score 0.0007 indicates low exploitation probability. Not confirmed exploited in the wild.
CVE-2026-7347,Google Chrome,8.1,0.00069,False,CVE CVE-2026-7347 affects Google Chrome. EPSS score 0.0007 indicates low exploitation probability. Not confirmed exploited in the wild.
CVE-2026-7914,Google Chrome,8.3,0.00069,False,CVE CVE-2026-7914 affects Google Chrome. EPSS score 0.0007 indicates low exploitation probability. Not confirmed exploited in the wild.
CVE-2024-1439,Moodle,6.5,0.00068,False,CVE CVE-2024-1439 affects Moodle. EPSS score 0.0007 indicates low exploitation probability. Not confirmed exploited in the wild.
CVE-2025-0446,Google Chrome,4.3,0.00068,False,CVE CVE-2025-0446 affects Google Chrome. EPSS score 0.0007 indicates low exploitation probability. Not confirmed exploited in the wild.
CVE-2025-55325,Windows Server 2022,5.5,0.00068,False,CVE CVE-2025-55325 affects Windows Server 2022. EPSS score 0.0007 indicates low exploitation probability. Not confirmed exploited in the wild.
CVE-2025-55325,Windows 10 Pro,5.5,0.00068,False,CVE CVE-2025-55325 affects Windows 10 Pro. EPSS score 0.0007 indicates low exploitation probability. Not confirmed exploited in the wild.
CVE-2026-23657,Microsoft 365 Apps for Business,7.8,0.00068,False,CVE CVE-2026-23657 affects Microsoft 365 Apps for Business. EPSS score 0.0007 indicates low exploitation probability. Not confirmed exploited in the wild.
CVE-2026-32189,Microsoft 365 Apps for Business,7.8,0.00068,False,CVE CVE-2026-32189 affects Microsoft 365 Apps for Business. EPSS score 0.0007 indicates low exploitation probability. Not confirmed exploited in the wild.
CVE-2026-32197,Microsoft 365 Apps for Business,7.8,0.00068,False,CVE CVE-2026-32197 affects Microsoft 365 Apps for Business. EPSS score 0.0007 indicates low exploitation probability. Not confirmed exploited in the wild.
CVE-2026-32198,Microsoft 365 Apps for Business,7.8,0.00068,False,CVE CVE-2026-32198 affects Microsoft 365 Apps for Business. EPSS score 0.0007 indicates low exploitation probability. Not confirmed exploited in the wild.
CVE-2026-32199,Microsoft 365 Apps for Business,7.8,0.00068,False,CVE CVE-2026-32199 affects Microsoft 365 Apps for Business. EPSS score 0.0007 indicates low exploitation probability. Not confirmed exploited in the wild.
CVE-2026-32200,Microsoft 365 Apps for Business,7.8,0.00068,False,CVE CVE-2026-32200 affects Microsoft 365 Apps for Business. EPSS score 0.0007 indicates low exploitation probability. Not confirmed exploited in the wild.
CVE-2026-33095,Microsoft 365 Apps for Business,7.8,0.00068,False,CVE CVE-2026-33095 affects Microsoft 365 Apps for Business. EPSS score 0.0007 indicates low exploitation probability. Not confirmed exploited in the wild.
CVE-2026-5282,Google Chrome,8.1,0.00068,False,CVE CVE-2026-5282 affects Google Chrome. EPSS score 0.0007 indicates low exploitation probability. Not confirmed exploited in the wild.
CVE-2026-7896,Google Chrome,8.8,0.00068,False,CVE CVE-2026-7896 affects Google Chrome. EPSS score 0.0007 indicates low exploitation probability. Not confirmed exploited in the wild.
CVE-2026-7903,Google Chrome,8.8,0.00068,False,CVE CVE-2026-7903 affects Google Chrome. EPSS score 0.0007 indicates low exploitation probability. Not confirmed exploited in the wild.
CVE-2026-7908,Google Chrome,9.6,0.00068,False,CVE CVE-2026-7908 affects Google Chrome. EPSS score 0.0007 indicates low exploitation probability. Not confirmed exploited in the wild.
CVE-2026-7911,Google Chrome,8.3,0.00068,False,CVE CVE-2026-7911 affects Google Chrome. EPSS score 0.0007 indicates low exploitation probability. Not confirmed exploited in the wild.
CVE-2026-7917,Google Chrome,8.3,0.00068,False,CVE CVE-2026-7917 affects Google Chrome. EPSS score 0.0007 indicates low exploitation probability. Not confirmed exploited in the wild.
CVE-2026-7918,Google Chrome,8.3,0.00068,False,CVE CVE-2026-7918 affects Google Chrome. EPSS score 0.0007 indicates low exploitation probability. Not confirmed exploited in the wild.
CVE-2026-7919,Google Chrome,8.3,0.00068,False,CVE CVE-2026-7919 affects Google Chrome. EPSS score 0.0007 indicates low exploitation probability. Not confirmed exploited in the wild.
CVE-2026-7920,Google Chrome,8.3,0.00068,False,CVE CVE-2026-7920 affects Google Chrome. EPSS score 0.0007 indicates low exploitation probability. Not confirmed exploited in the wild.
CVE-2026-7922,Google Chrome,8.3,0.00068,False,CVE CVE-2026-7922 affects Google Chrome. EPSS score 0.0007 indicates low exploitation probability. Not confirmed exploited in the wild.
CVE-2026-7973,Google Chrome,8.8,0.00068,False,CVE CVE-2026-7973 affects Google Chrome. EPSS score 0.0007 indicates low exploitation probability. Not confirmed exploited in the wild.
CVE-2026-7975,Google Chrome,8.3,0.00068,False,CVE CVE-2026-7975 affects Google Chrome. EPSS score 0.0007 indicates low exploitation probability. Not confirmed exploited in the wild.
CVE-2026-7985,Google Chrome,8.3,0.00068,False,CVE CVE-2026-7985 affects Google Chrome. EPSS score 0.0007 indicates low exploitation probability. Not confirmed exploited in the wild.
CVE-2026-8510,Google Chrome,7.5,0.00068,False,CVE CVE-2026-8510 affects Google Chrome. EPSS score 0.0007 indicates low exploitation probability. Not confirmed exploited in the wild.
CVE-2026-8511,Google Chrome,9.6,0.00068,False,CVE CVE-2026-8511 affects Google Chrome. EPSS score 0.0007 indicates low exploitation probability. Not confirmed exploited in the wild.
CVE-2026-8512,Google Chrome,8.3,0.00068,False,CVE CVE-2026-8512 affects Google Chrome. EPSS score 0.0007 indicates low exploitation probability. Not confirmed exploited in the wild.
CVE-2026-8513,Google Chrome,8.3,0.00068,False,CVE CVE-2026-8513 affects Google Chrome. EPSS score 0.0007 indicates low exploitation probability. Not confirmed exploited in the wild.
CVE-2026-8514,Google Chrome,8.3,0.00068,False,CVE CVE-2026-8514 affects Google Chrome. EPSS score 0.0007 indicates low exploitation probability. Not confirmed exploited in the wild.
CVE-2026-8515,Google Chrome,8.3,0.00068,False,CVE CVE-2026-8515 affects Google Chrome. EPSS score 0.0007 indicates low exploitation probability. Not confirmed exploited in the wild.
CVE-2026-8519,Google Chrome,8.8,0.00068,False,CVE CVE-2026-8519 affects Google Chrome. EPSS score 0.0007 indicates low exploitation probability. Not confirmed exploited in the wild.
CVE-2026-8523,Google Chrome,8.3,0.00068,False,CVE CVE-2026-8523 affects Google Chrome. EPSS score 0.0007 indicates low exploitation probability. Not confirmed exploited in the wild.
CVE-2026-8530,Google Chrome,8.3,0.00068,False,CVE CVE-2026-8530 affects Google Chrome. EPSS score 0.0007 indicates low exploitation probability. Not confirmed exploited in the wild.
CVE-2026-8533,Google Chrome,8.3,0.00068,False,CVE CVE-2026-8533 affects Google Chrome. EPSS score 0.0007 indicates low exploitation probability. Not confirmed exploited in the wild.
CVE-2026-8534,Google Chrome,8.3,0.00068,False,CVE CVE-2026-8534 affects Google Chrome. EPSS score 0.0007 indicates low exploitation probability. Not confirmed exploited in the wild.
CVE-2026-8542,Google Chrome,8.3,0.00068,False,CVE CVE-2026-8542 affects Google Chrome. EPSS score 0.0007 indicates low exploitation probability. Not confirmed exploited in the wild.
CVE-2026-8548,Google Chrome,8.3,0.00068,False,CVE CVE-2026-8548 affects Google Chrome. EPSS score 0.0007 indicates low exploitation probability. Not confirmed exploited in the wild.
CVE-2026-8557,Google Chrome,7.5,0.00068,False,CVE CVE-2026-8557 affects Google Chrome. EPSS score 0.0007 indicates low exploitation probability. Not confirmed exploited in the wild.
CVE-2026-8569,Google Chrome,8.3,0.00068,False,CVE CVE-2026-8569 affects Google Chrome. EPSS score 0.0007 indicates low exploitation probability. Not confirmed exploited in the wild.
CVE-2026-8573,Google Chrome,8.3,0.00068,False,CVE CVE-2026-8573 affects Google Chrome. EPSS score 0.0007 indicates low exploitation probability. Not confirmed exploited in the wild.
CVE-2026-8574,Google Chrome,8.3,0.00068,False,CVE CVE-2026-8574 affects Google Chrome. EPSS score 0.0007 indicates low exploitation probability. Not confirmed exploited in the wild.
CVE-2026-8575,Google Chrome,8.3,0.00068,False,CVE CVE-2026-8575 affects Google Chrome. EPSS score 0.0007 indicates low exploitation probability. Not confirmed exploited in the wild.
CVE-2026-8580,Google Chrome,9.6,0.00068,False,CVE CVE-2026-8580 affects Google Chrome. EPSS score 0.0007 indicates low exploitation probability. Not confirmed exploited in the wild.
CVE-2025-12435,Google Chrome,5.4,0.00067,False,CVE CVE-2025-12435 affects Google Chrome. EPSS score 0.0007 indicates low exploitation probability. Not confirmed exploited in the wild.
CVE-2025-13636,Google Chrome,4.3,0.00067,False,CVE CVE-2025-13636 affects Google Chrome. EPSS score 0.0007 indicates low exploitation probability. Not confirmed exploited in the wild.
CVE-2025-58718,Windows Server 2022,8.8,0.00067,False,CVE CVE-2025-58718 affects Windows Server 2022. EPSS score 0.0007 indicates low exploitation probability. Not confirmed exploited in the wild.
CVE-2025-58718,Windows 10 Pro,8.8,0.00067,False,CVE CVE-2025-58718 affects Windows 10 Pro. EPSS score 0.0007 indicates low exploitation probability. Not confirmed exploited in the wild.
CVE-2025-58737,Windows Server 2022,7.0,0.00067,False,CVE CVE-2025-58737 affects Windows Server 2022. EPSS score 0.0007 indicates low exploitation probability. Not confirmed exploited in the wild.
CVE-2025-59190,Windows Server 2022,5.5,0.00067,False,CVE CVE-2025-59190 affects Windows Server 2022. EPSS score 0.0007 indicates low exploitation probability. Not confirmed exploited in the wild.
CVE-2025-59190,Windows 10 Pro,5.5,0.00067,False,CVE CVE-2025-59190 affects Windows 10 Pro. EPSS score 0.0007 indicates low exploitation probability. Not confirmed exploited in the wild.
CVE-2026-34330,Windows Server 2022,7.8,0.00067,False,CVE CVE-2026-34330 affects Windows Server 2022. EPSS score 0.0007 indicates low exploitation probability. Not confirmed exploited in the wild.
CVE-2026-34330,Windows 10 Pro,7.8,0.00067,False,CVE CVE-2026-34330 affects Windows 10 Pro. EPSS score 0.0007 indicates low exploitation probability. Not confirmed exploited in the wild.
CVE-2026-34333,Windows Server 2022,7.8,0.00067,False,CVE CVE-2026-34333 affects Windows Server 2022. EPSS score 0.0007 indicates low exploitation probability. Not confirmed exploited in the wild.
CVE-2026-34333,Windows 10 Pro,7.8,0.00067,False,CVE CVE-2026-34333 affects Windows 10 Pro. EPSS score 0.0007 indicates low exploitation probability. Not confirmed exploited in the wild.
CVE-2026-35415,Windows Server 2022,7.8,0.00067,False,CVE CVE-2026-35415 affects Windows Server 2022. EPSS score 0.0007 indicates low exploitation probability. Not confirmed exploited in the wild.
CVE-2026-35415,Windows 10 Pro,7.8,0.00067,False,CVE CVE-2026-35415 affects Windows 10 Pro. EPSS score 0.0007 indicates low exploitation probability. Not confirmed exploited in the wild.
CVE-2026-40397,Windows Server 2022,7.8,0.00067,False,CVE CVE-2026-40397 affects Windows Server 2022. EPSS score 0.0007 indicates low exploitation probability. Not confirmed exploited in the wild.
CVE-2026-40397,Windows 10 Pro,7.8,0.00067,False,CVE CVE-2026-40397 affects Windows 10 Pro. EPSS score 0.0007 indicates low exploitation probability. Not confirmed exploited in the wild.
CVE-2026-8019,Google Chrome,5.4,0.00067,False,CVE CVE-2026-8019 affects Google Chrome. EPSS score 0.0007 indicates low exploitation probability. Not confirmed exploited in the wild.
CVE-2024-21439,Windows Server 2022,7.0,0.00066,False,CVE CVE-2024-21439 affects Windows Server 2022. EPSS score 0.0007 indicates low exploitation probability. Not confirmed exploited in the wild.
CVE-2024-21439,Windows 10 Pro,7.0,0.00066,False,CVE CVE-2024-21439 affects Windows 10 Pro. EPSS score 0.0007 indicates low exploitation probability. Not confirmed exploited in the wild.
CVE-2025-54917,Windows Server 2022,4.3,0.00066,False,CVE CVE-2025-54917 affects Windows Server 2022. EPSS score 0.0007 indicates low exploitation probability. Not confirmed exploited in the wild.
CVE-2025-54917,Windows 10 Pro,4.3,0.00066,False,CVE CVE-2025-54917 affects Windows 10 Pro. EPSS score 0.0007 indicates low exploitation probability. Not confirmed exploited in the wild.
CVE-2025-59198,Windows Server 2022,5.0,0.00066,False,CVE CVE-2025-59198 affects Windows Server 2022. EPSS score 0.0007 indicates low exploitation probability. Not confirmed exploited in the wild.
CVE-2025-59198,Windows 10 Pro,5.0,0.00066,False,CVE CVE-2025-59198 affects Windows 10 Pro. EPSS score 0.0007 indicates low exploitation probability. Not confirmed exploited in the wild.
CVE-2025-8583,Google Chrome,4.3,0.00066,False,CVE CVE-2025-8583 affects Google Chrome. EPSS score 0.0007 indicates low exploitation probability. Not confirmed exploited in the wild.
CVE-2026-24292,Windows Server 2022,7.8,0.00066,False,CVE CVE-2026-24292 affects Windows Server 2022. EPSS score 0.0007 indicates low exploitation probability. Not confirmed exploited in the wild.
CVE-2026-24292,Windows 10 Pro,7.8,0.00066,False,CVE CVE-2026-24292 affects Windows 10 Pro. EPSS score 0.0007 indicates low exploitation probability. Not confirmed exploited in the wild.
CVE-2026-25174,Windows Server 2022,7.8,0.00066,False,CVE CVE-2026-25174 affects Windows Server 2022. EPSS score 0.0007 indicates low exploitation probability. Not confirmed exploited in the wild.
CVE-2026-25174,Windows 10 Pro,7.8,0.00066,False,CVE CVE-2026-25174 affects Windows 10 Pro. EPSS score 0.0007 indicates low exploitation probability. Not confirmed exploited in the wild.
CVE-2026-25175,Windows Server 2022,7.8,0.00066,False,CVE CVE-2026-25175 affects Windows Server 2022. EPSS score 0.0007 indicates low exploitation probability. Not confirmed exploited in the wild.
CVE-2026-25175,Windows 10 Pro,7.8,0.00066,False,CVE CVE-2026-25175 affects Windows 10 Pro. EPSS score 0.0007 indicates low exploitation probability. Not confirmed exploited in the wild.
CVE-2026-25189,Windows Server 2022,7.8,0.00066,False,CVE CVE-2026-25189 affects Windows Server 2022. EPSS score 0.0007 indicates low exploitation probability. Not confirmed exploited in the wild.
CVE-2026-25189,Windows 10 Pro,7.8,0.00066,False,CVE CVE-2026-25189 affects Windows 10 Pro. EPSS score 0.0007 indicates low exploitation probability. Not confirmed exploited in the wild.
CVE-2026-33835,Windows Server 2022,7.8,0.00066,False,CVE CVE-2026-33835 affects Windows Server 2022. EPSS score 0.0007 indicates low exploitation probability. Not confirmed exploited in the wild.
CVE-2026-33835,Windows 10 Pro,7.8,0.00066,False,CVE CVE-2026-33835 affects Windows 10 Pro. EPSS score 0.0007 indicates low exploitation probability. Not confirmed exploited in the wild.
CVE-2026-33837,Windows Server 2022,7.8,0.00066,False,CVE CVE-2026-33837 affects Windows Server 2022. EPSS score 0.0007 indicates low exploitation probability. Not confirmed exploited in the wild.
CVE-2026-33837,Windows 10 Pro,7.8,0.00066,False,CVE CVE-2026-33837 affects Windows 10 Pro. EPSS score 0.0007 indicates low exploitation probability. Not confirmed exploited in the wild.
CVE-2026-8547,Google Chrome,7.5,0.00066,False,CVE CVE-2026-8547 affects Google Chrome. EPSS score 0.0007 indicates low exploitation probability. Not confirmed exploited in the wild.
CVE-2024-11920,Google Chrome,4.3,0.00065,False,CVE CVE-2024-11920 affects Google Chrome. EPSS score 0.0006 indicates low exploitation probability. Not confirmed exploited in the wild.
CVE-2025-0437,Google Chrome,8.8,0.00065,False,CVE CVE-2025-0437 affects Google Chrome. EPSS score 0.0006 indicates low exploitation probability. Not confirmed exploited in the wild.
CVE-2025-12446,Google Chrome,4.2,0.00065,False,CVE CVE-2025-12446 affects Google Chrome. EPSS score 0.0006 indicates low exploitation probability. Not confirmed exploited in the wild.
CVE-2025-12728,Google Chrome,4.2,0.00065,False,CVE CVE-2025-12728 affects Google Chrome. EPSS score 0.0006 indicates low exploitation probability. Not confirmed exploited in the wild.
CVE-2025-59509,Windows Server 2022,5.5,0.00065,False,CVE CVE-2025-59509 affects Windows Server 2022. EPSS score 0.0006 indicates low exploitation probability. Not confirmed exploited in the wild.
CVE-2025-59509,Windows 10 Pro,5.5,0.00065,False,CVE CVE-2025-59509 affects Windows 10 Pro. EPSS score 0.0006 indicates low exploitation probability. Not confirmed exploited in the wild.
CVE-2025-60707,Windows Server 2022,7.8,0.00065,False,CVE CVE-2025-60707 affects Windows Server 2022. EPSS score 0.0006 indicates low exploitation probability. Not confirmed exploited in the wild.
CVE-2025-60707,Windows 10 Pro,7.8,0.00065,False,CVE CVE-2025-60707 affects Windows 10 Pro. EPSS score 0.0006 indicates low exploitation probability. Not confirmed exploited in the wild.
CVE-2025-62208,Windows Server 2022,5.5,0.00065,False,CVE CVE-2025-62208 affects Windows Server 2022. EPSS score 0.0006 indicates low exploitation probability. Not confirmed exploited in the wild.
CVE-2025-62208,Windows 10 Pro,5.5,0.00065,False,CVE CVE-2025-62208 affects Windows 10 Pro. EPSS score 0.0006 indicates low exploitation probability. Not confirmed exploited in the wild.
CVE-2025-62209,Windows Server 2022,5.5,0.00065,False,CVE CVE-2025-62209 affects Windows Server 2022. EPSS score 0.0006 indicates low exploitation probability. Not confirmed exploited in the wild.
CVE-2025-62209,Windows 10 Pro,5.5,0.00065,False,CVE CVE-2025-62209 affects Windows 10 Pro. EPSS score 0.0006 indicates low exploitation probability. Not confirmed exploited in the wild.
CVE-2026-20929,Windows Server 2022,7.5,0.00065,False,CVE CVE-2026-20929 affects Windows Server 2022. EPSS score 0.0006 indicates low exploitation probability. Not confirmed exploited in the wild.
CVE-2026-20929,Windows 10 Pro,7.5,0.00065,False,CVE CVE-2026-20929 affects Windows 10 Pro. EPSS score 0.0006 indicates low exploitation probability. Not confirmed exploited in the wild.
CVE-2026-21249,Windows Server 2022,3.3,0.00065,False,CVE CVE-2026-21249 affects Windows Server 2022. EPSS score 0.0006 indicates low exploitation probability. Not confirmed exploited in the wild.
CVE-2026-21249,Windows 10 Pro,3.3,0.00065,False,CVE CVE-2026-21249 affects Windows 10 Pro. EPSS score 0.0006 indicates low exploitation probability. Not confirmed exploited in the wild.
CVE-2026-25177,Windows Server 2022,8.8,0.00065,False,CVE CVE-2026-25177 affects Windows Server 2022. EPSS score 0.0006 indicates low exploitation probability. Not confirmed exploited in the wild.
CVE-2026-25177,Windows 10 Pro,8.8,0.00065,False,CVE CVE-2026-25177 affects Windows 10 Pro. EPSS score 0.0006 indicates low exploitation probability. Not confirmed exploited in the wild.
CVE-2026-34626,Adobe Acrobat Reader DC,6.3,0.00065,False,CVE CVE-2026-34626 affects Adobe Acrobat Reader DC. EPSS score 0.0006 indicates low exploitation probability. Not confirmed exploited in the wild.
CVE-2025-12428,Google Chrome,8.8,0.00064,False,CVE CVE-2025-12428 affects Google Chrome. EPSS score 0.0006 indicates low exploitation probability. Not confirmed exploited in the wild.
CVE-2025-12444,Google Chrome,4.2,0.00064,False,CVE CVE-2025-12444 affects Google Chrome. EPSS score 0.0006 indicates low exploitation probability. Not confirmed exploited in the wild.
CVE-2025-12447,Google Chrome,4.2,0.00064,False,CVE CVE-2025-12447 affects Google Chrome. EPSS score 0.0006 indicates low exploitation probability. Not confirmed exploited in the wild.
CVE-2025-49734,Windows Server 2022,7.0,0.00064,False,CVE CVE-2025-49734 affects Windows Server 2022. EPSS score 0.0006 indicates low exploitation probability. Not confirmed exploited in the wild.
CVE-2025-49734,Windows 10 Pro,7.0,0.00064,False,CVE CVE-2025-49734 affects Windows 10 Pro. EPSS score 0.0006 indicates low exploitation probability. Not confirmed exploited in the wild.
CVE-2025-50152,Windows Server 2022,7.8,0.00064,False,CVE CVE-2025-50152 affects Windows Server 2022. EPSS score 0.0006 indicates low exploitation probability. Not confirmed exploited in the wild.
CVE-2025-50152,Windows 10 Pro,7.8,0.00064,False,CVE CVE-2025-50152 affects Windows 10 Pro. EPSS score 0.0006 indicates low exploitation probability. Not confirmed exploited in the wild.
CVE-2025-50175,Windows Server 2022,7.8,0.00064,False,CVE CVE-2025-50175 affects Windows Server 2022. EPSS score 0.0006 indicates low exploitation probability. Not confirmed exploited in the wild.
CVE-2025-50175,Windows 10 Pro,7.8,0.00064,False,CVE CVE-2025-50175 affects Windows 10 Pro. EPSS score 0.0006 indicates low exploitation probability. Not confirmed exploited in the wild.
CVE-2025-55339,Windows Server 2022,7.8,0.00064,False,CVE CVE-2025-55339 affects Windows Server 2022. EPSS score 0.0006 indicates low exploitation probability. Not confirmed exploited in the wild.
CVE-2025-58728,Windows Server 2022,7.8,0.00064,False,CVE CVE-2025-58728 affects Windows Server 2022. EPSS score 0.0006 indicates low exploitation probability. Not confirmed exploited in the wild.
CVE-2025-58728,Windows 10 Pro,7.8,0.00064,False,CVE CVE-2025-58728 affects Windows 10 Pro. EPSS score 0.0006 indicates low exploitation probability. Not confirmed exploited in the wild.
CVE-2025-59191,Windows Server 2022,7.8,0.00064,False,CVE CVE-2025-59191 affects Windows Server 2022. EPSS score 0.0006 indicates low exploitation probability. Not confirmed exploited in the wild.
CVE-2025-59191,Windows 10 Pro,7.8,0.00064,False,CVE CVE-2025-59191 affects Windows 10 Pro. EPSS score 0.0006 indicates low exploitation probability. Not confirmed exploited in the wild.
CVE-2025-59192,Windows Server 2022,7.8,0.00064,False,CVE CVE-2025-59192 affects Windows Server 2022. EPSS score 0.0006 indicates low exploitation probability. Not confirmed exploited in the wild.
CVE-2025-59192,Windows 10 Pro,7.8,0.00064,False,CVE CVE-2025-59192 affects Windows 10 Pro. EPSS score 0.0006 indicates low exploitation probability. Not confirmed exploited in the wild.
CVE-2025-59236,Microsoft 365 Apps for Business,8.4,0.00064,False,CVE CVE-2025-59236 affects Microsoft 365 Apps for Business. EPSS score 0.0006 indicates low exploitation probability. Not confirmed exploited in the wild.
CVE-2025-59255,Windows Server 2022,7.8,0.00064,False,CVE CVE-2025-59255 affects Windows Server 2022. EPSS score 0.0006 indicates low exploitation probability. Not confirmed exploited in the wild.
CVE-2025-59255,Windows 10 Pro,7.8,0.00064,False,CVE CVE-2025-59255 affects Windows 10 Pro. EPSS score 0.0006 indicates low exploitation probability. Not confirmed exploited in the wild.
CVE-2025-59290,Windows Server 2022,7.8,0.00064,False,CVE CVE-2025-59290 affects Windows Server 2022. EPSS score 0.0006 indicates low exploitation probability. Not confirmed exploited in the wild.
CVE-2025-59290,Windows 10 Pro,7.8,0.00064,False,CVE CVE-2025-59290 affects Windows 10 Pro. EPSS score 0.0006 indicates low exploitation probability. Not confirmed exploited in the wild.
CVE-2025-59775,Apache HTTP Server,7.5,0.00064,False,CVE CVE-2025-59775 affects Apache HTTP Server. EPSS score 0.0006 indicates low exploitation probability. Not confirmed exploited in the wild.
CVE-2025-62567,Windows Server 2022,5.3,0.00064,False,CVE CVE-2025-62567 affects Windows Server 2022. EPSS score 0.0006 indicates low exploitation probability. Not confirmed exploited in the wild.
CVE-2025-62567,Windows 10 Pro,5.3,0.00064,False,CVE CVE-2025-62567 affects Windows 10 Pro. EPSS score 0.0006 indicates low exploitation probability. Not confirmed exploited in the wild.
CVE-2026-20837,Windows Server 2022,7.8,0.00064,False,CVE CVE-2026-20837 affects Windows Server 2022. EPSS score 0.0006 indicates low exploitation probability. Not confirmed exploited in the wild.
CVE-2026-20837,Windows 10 Pro,7.8,0.00064,False,CVE CVE-2026-20837 affects Windows 10 Pro. EPSS score 0.0006 indicates low exploitation probability. Not confirmed exploited in the wild.
CVE-2026-20846,Windows Server 2022,7.5,0.00064,False,CVE CVE-2026-20846 affects Windows Server 2022. EPSS score 0.0006 indicates low exploitation probability. Not confirmed exploited in the wild.
CVE-2026-20846,Windows 10 Pro,7.5,0.00064,False,CVE CVE-2026-20846 affects Windows 10 Pro. EPSS score 0.0006 indicates low exploitation probability. Not confirmed exploited in the wild.
CVE-2026-23670,Windows Server 2022,5.7,0.00064,False,CVE CVE-2026-23670 affects Windows Server 2022. EPSS score 0.0006 indicates low exploitation probability. Not confirmed exploited in the wild.
CVE-2026-23670,Windows 10 Pro,5.7,0.00064,False,CVE CVE-2026-23670 affects Windows 10 Pro. EPSS score 0.0006 indicates low exploitation probability. Not confirmed exploited in the wild.
CVE-2024-5840,Google Chrome,6.5,0.00063,False,CVE CVE-2024-5840 affects Google Chrome. EPSS score 0.0006 indicates low exploitation probability. Not confirmed exploited in the wild.
CVE-2025-29810,Windows Server 2022,7.5,0.00063,False,CVE CVE-2025-29810 affects Windows Server 2022. EPSS score 0.0006 indicates low exploitation probability. Not confirmed exploited in the wild.
CVE-2025-29810,Windows 10 Pro,7.5,0.00063,False,CVE CVE-2025-29810 affects Windows 10 Pro. EPSS score 0.0006 indicates low exploitation probability. Not confirmed exploited in the wild.
CVE-2025-55681,Windows Server 2022,7.0,0.00063,False,CVE CVE-2025-55681 affects Windows Server 2022. EPSS score 0.0006 indicates low exploitation probability. Not confirmed exploited in the wild.
CVE-2025-55681,Windows 10 Pro,7.0,0.00063,False,CVE CVE-2025-55681 affects Windows 10 Pro. EPSS score 0.0006 indicates low exploitation probability. Not confirmed exploited in the wild.
CVE-2025-59223,Microsoft 365 Apps for Business,7.8,0.00063,False,CVE CVE-2025-59223 affects Microsoft 365 Apps for Business. EPSS score 0.0006 indicates low exploitation probability. Not confirmed exploited in the wild.
CVE-2025-59224,Microsoft 365 Apps for Business,7.8,0.00063,False,CVE CVE-2025-59224 affects Microsoft 365 Apps for Business. EPSS score 0.0006 indicates low exploitation probability. Not confirmed exploited in the wild.
CVE-2025-59225,Microsoft 365 Apps for Business,7.8,0.00063,False,CVE CVE-2025-59225 affects Microsoft 365 Apps for Business. EPSS score 0.0006 indicates low exploitation probability. Not confirmed exploited in the wild.
CVE-2025-59226,Microsoft 365 Apps for Business,7.8,0.00063,False,CVE CVE-2025-59226 affects Microsoft 365 Apps for Business. EPSS score 0.0006 indicates low exploitation probability. Not confirmed exploited in the wild.
CVE-2025-59234,Microsoft 365 Apps for Business,7.8,0.00063,False,CVE CVE-2025-59234 affects Microsoft 365 Apps for Business. EPSS score 0.0006 indicates low exploitation probability. Not confirmed exploited in the wild.
CVE-2025-59238,Microsoft 365 Apps for Business,7.8,0.00063,False,CVE CVE-2025-59238 affects Microsoft 365 Apps for Business. EPSS score 0.0006 indicates low exploitation probability. Not confirmed exploited in the wild.
CVE-2025-59243,Microsoft 365 Apps for Business,7.8,0.00063,False,CVE CVE-2025-59243 affects Microsoft 365 Apps for Business. EPSS score 0.0006 indicates low exploitation probability. Not confirmed exploited in the wild.
CVE-2026-21258,Microsoft 365 Apps for Business,5.5,0.00063,False,CVE CVE-2026-21258 affects Microsoft 365 Apps for Business. EPSS score 0.0006 indicates low exploitation probability. Not confirmed exploited in the wild.
CVE-2026-27921,Windows Server 2022,7.0,0.00063,False,CVE CVE-2026-27921 affects Windows Server 2022. EPSS score 0.0006 indicates low exploitation probability. Not confirmed exploited in the wild.
CVE-2026-27921,Windows 10 Pro,7.0,0.00063,False,CVE CVE-2026-27921 affects Windows 10 Pro. EPSS score 0.0006 indicates low exploitation probability. Not confirmed exploited in the wild.
CVE-2026-32093,Windows Server 2022,7.0,0.00063,False,CVE CVE-2026-32093 affects Windows Server 2022. EPSS score 0.0006 indicates low exploitation probability. Not confirmed exploited in the wild.
CVE-2026-32093,Windows 10 Pro,7.0,0.00063,False,CVE CVE-2026-32093 affects Windows 10 Pro. EPSS score 0.0006 indicates low exploitation probability. Not confirmed exploited in the wild.
CVE-2026-32190,Microsoft 365 Apps for Business,8.4,0.00063,False,CVE CVE-2026-32190 affects Microsoft 365 Apps for Business. EPSS score 0.0006 indicates low exploitation probability. Not confirmed exploited in the wild.
CVE-2026-33114,Microsoft 365 Apps for Business,8.4,0.00063,False,CVE CVE-2026-33114 affects Microsoft 365 Apps for Business. EPSS score 0.0006 indicates low exploitation probability. Not confirmed exploited in the wild.
CVE-2026-33115,Microsoft 365 Apps for Business,8.4,0.00063,False,CVE CVE-2026-33115 affects Microsoft 365 Apps for Business. EPSS score 0.0006 indicates low exploitation probability. Not confirmed exploited in the wild.
CVE-2026-8509,Google Chrome,8.8,0.00063,False,CVE CVE-2026-8509 affects Google Chrome. EPSS score 0.0006 indicates low exploitation probability. Not confirmed exploited in the wild.
CVE-2024-22251,VMware vSphere,5.9,0.00062,False,CVE CVE-2024-22251 affects VMware vSphere. EPSS score 0.0006 indicates low exploitation probability. Not confirmed exploited in the wild.
CVE-2024-7021,Google Chrome,4.3,0.00062,False,CVE CVE-2024-7021 affects Google Chrome. EPSS score 0.0006 indicates low exploitation probability. Not confirmed exploited in the wild.
CVE-2025-54093,Windows Server 2022,7.0,0.00062,False,CVE CVE-2025-54093 affects Windows Server 2022. EPSS score 0.0006 indicates low exploitation probability. Not confirmed exploited in the wild.
CVE-2025-54093,Windows 10 Pro,7.0,0.00062,False,CVE CVE-2025-54093 affects Windows 10 Pro. EPSS score 0.0006 indicates low exploitation probability. Not confirmed exploited in the wild.
CVE-2025-62400,Moodle,4.3,0.00062,False,CVE CVE-2025-62400 affects Moodle. EPSS score 0.0006 indicates low exploitation probability. Not confirmed exploited in the wild.
CVE-2026-1862,Google Chrome,8.8,0.00062,False,CVE CVE-2026-1862 affects Google Chrome. EPSS score 0.0006 indicates low exploitation probability. Not confirmed exploited in the wild.
CVE-2026-21247,Windows Server 2022,7.3,0.00062,False,CVE CVE-2026-21247 affects Windows Server 2022. EPSS score 0.0006 indicates low exploitation probability. Not confirmed exploited in the wild.
CVE-2026-21247,Windows 10 Pro,7.3,0.00062,False,CVE CVE-2026-21247 affects Windows 10 Pro. EPSS score 0.0006 indicates low exploitation probability. Not confirmed exploited in the wild.
CVE-2026-25187,Windows Server 2022,7.8,0.00062,False,CVE CVE-2026-25187 affects Windows Server 2022. EPSS score 0.0006 indicates low exploitation probability. Not confirmed exploited in the wild.
CVE-2026-25187,Windows 10 Pro,7.8,0.00062,False,CVE CVE-2026-25187 affects Windows 10 Pro. EPSS score 0.0006 indicates low exploitation probability. Not confirmed exploited in the wild.
CVE-2026-35421,Windows Server 2022,7.8,0.00062,False,CVE CVE-2026-35421 affects Windows Server 2022. EPSS score 0.0006 indicates low exploitation probability. Not confirmed exploited in the wild.
CVE-2026-35421,Windows 10 Pro,7.8,0.00062,False,CVE CVE-2026-35421 affects Windows 10 Pro. EPSS score 0.0006 indicates low exploitation probability. Not confirmed exploited in the wild.
CVE-2026-40359,Microsoft 365 Apps for Business,7.8,0.00062,False,CVE CVE-2026-40359 affects Microsoft 365 Apps for Business. EPSS score 0.0006 indicates low exploitation probability. Not confirmed exploited in the wild.
CVE-2026-40360,Microsoft 365 Apps for Business,7.8,0.00062,False,CVE CVE-2026-40360 affects Microsoft 365 Apps for Business. EPSS score 0.0006 indicates low exploitation probability. Not confirmed exploited in the wild.
CVE-2026-40362,Microsoft 365 Apps for Business,7.8,0.00062,False,CVE CVE-2026-40362 affects Microsoft 365 Apps for Business. EPSS score 0.0006 indicates low exploitation probability. Not confirmed exploited in the wild.
CVE-2026-7339,Google Chrome,8.8,0.00062,False,CVE CVE-2026-7339 affects Google Chrome. EPSS score 0.0006 indicates low exploitation probability. Not confirmed exploited in the wild.
CVE-2026-7900,Google Chrome,8.3,0.00062,False,CVE CVE-2026-7900 affects Google Chrome. EPSS score 0.0006 indicates low exploitation probability. Not confirmed exploited in the wild.
CVE-2026-8525,Google Chrome,8.3,0.00062,False,CVE CVE-2026-8525 affects Google Chrome. EPSS score 0.0006 indicates low exploitation probability. Not confirmed exploited in the wild.
CVE-2024-11110,Google Chrome,6.5,0.00061,False,CVE CVE-2024-11110 affects Google Chrome. EPSS score 0.0006 indicates low exploitation probability. Not confirmed exploited in the wild.
CVE-2025-58714,Windows Server 2022,7.8,0.00061,False,CVE CVE-2025-58714 affects Windows Server 2022. EPSS score 0.0006 indicates low exploitation probability. Not confirmed exploited in the wild.
CVE-2025-58714,Windows 10 Pro,7.8,0.00061,False,CVE CVE-2025-58714 affects Windows 10 Pro. EPSS score 0.0006 indicates low exploitation probability. Not confirmed exploited in the wild.
CVE-2025-59201,Windows Server 2022,7.8,0.00061,False,CVE CVE-2025-59201 affects Windows Server 2022. EPSS score 0.0006 indicates low exploitation probability. Not confirmed exploited in the wild.
CVE-2025-59201,Windows 10 Pro,7.8,0.00061,False,CVE CVE-2025-59201 affects Windows 10 Pro. EPSS score 0.0006 indicates low exploitation probability. Not confirmed exploited in the wild.
CVE-2025-59294,Windows Server 2022,2.1,0.00061,False,CVE CVE-2025-59294 affects Windows Server 2022. EPSS score 0.0006 indicates low exploitation probability. Not confirmed exploited in the wild.
CVE-2025-59294,Windows 10 Pro,2.1,0.00061,False,CVE CVE-2025-59294 affects Windows 10 Pro. EPSS score 0.0006 indicates low exploitation probability. Not confirmed exploited in the wild.
CVE-2025-8581,Google Chrome,4.3,0.00061,False,CVE CVE-2025-8581 affects Google Chrome. EPSS score 0.0006 indicates low exploitation probability. Not confirmed exploited in the wild.
CVE-2026-20828,Windows Server 2022,4.6,0.00061,False,CVE CVE-2026-20828 affects Windows Server 2022. EPSS score 0.0006 indicates low exploitation probability. Not confirmed exploited in the wild.
CVE-2026-20828,Windows 10 Pro,4.6,0.00061,False,CVE CVE-2026-20828 affects Windows 10 Pro. EPSS score 0.0006 indicates low exploitation probability. Not confirmed exploited in the wild.
CVE-2026-32188,Microsoft 365 Apps for Business,7.1,0.00061,False,CVE CVE-2026-32188 affects Microsoft 365 Apps for Business. EPSS score 0.0006 indicates low exploitation probability. Not confirmed exploited in the wild.
CVE-2026-35416,Windows Server 2022,7.0,0.00061,False,CVE CVE-2026-35416 affects Windows Server 2022. EPSS score 0.0006 indicates low exploitation probability. Not confirmed exploited in the wild.
CVE-2026-35416,Windows 10 Pro,7.0,0.00061,False,CVE CVE-2026-35416 affects Windows 10 Pro. EPSS score 0.0006 indicates low exploitation probability. Not confirmed exploited in the wild.
CVE-2026-8520,Google Chrome,8.3,0.00061,False,CVE CVE-2026-8520 affects Google Chrome. EPSS score 0.0006 indicates low exploitation probability. Not confirmed exploited in the wild.
CVE-2024-0813,Google Chrome,8.8,0.0006,False,CVE CVE-2024-0813 affects Google Chrome. EPSS score 0.0006 indicates low exploitation probability. Not confirmed exploited in the wild.
CVE-2025-12432,Google Chrome,8.8,0.0006,False,CVE CVE-2025-12432 affects Google Chrome. EPSS score 0.0006 indicates low exploitation probability. Not confirmed exploited in the wild.
CVE-2025-13721,Google Chrome,7.5,0.0006,False,CVE CVE-2025-13721 affects Google Chrome. EPSS score 0.0006 indicates low exploitation probability. Not confirmed exploited in the wild.
CVE-2025-21184,Windows Server 2022,7.0,0.0006,False,CVE CVE-2025-21184 affects Windows Server 2022. EPSS score 0.0006 indicates low exploitation probability. Not confirmed exploited in the wild.
CVE-2025-21184,Windows 10 Pro,7.0,0.0006,False,CVE CVE-2025-21184 affects Windows 10 Pro. EPSS score 0.0006 indicates low exploitation probability. Not confirmed exploited in the wild.
CVE-2025-21414,Windows Server 2022,7.0,0.0006,False,CVE CVE-2025-21414 affects Windows Server 2022. EPSS score 0.0006 indicates low exploitation probability. Not confirmed exploited in the wild.
CVE-2025-21414,Windows 10 Pro,7.0,0.0006,False,CVE CVE-2025-21414 affects Windows 10 Pro. EPSS score 0.0006 indicates low exploitation probability. Not confirmed exploited in the wild.
CVE-2025-54255,Adobe Acrobat Reader DC,4.0,0.0006,False,CVE CVE-2025-54255 affects Adobe Acrobat Reader DC. EPSS score 0.0006 indicates low exploitation probability. Not confirmed exploited in the wild.
CVE-2026-20824,Windows Server 2022,5.5,0.0006,False,CVE CVE-2026-20824 affects Windows Server 2022. EPSS score 0.0006 indicates low exploitation probability. Not confirmed exploited in the wild.
CVE-2026-20824,Windows 10 Pro,5.5,0.0006,False,CVE CVE-2026-20824 affects Windows 10 Pro. EPSS score 0.0006 indicates low exploitation probability. Not confirmed exploited in the wild.
CVE-2026-28386,OpenSSL,7.5,0.0006,False,CVE CVE-2026-28386 affects OpenSSL. EPSS score 0.0006 indicates low exploitation probability. Not confirmed exploited in the wild.
CVE-2026-32183,Windows Server 2022,7.8,0.0006,False,CVE CVE-2026-32183 affects Windows Server 2022. EPSS score 0.0006 indicates low exploitation probability. Not confirmed exploited in the wild.
CVE-2026-32183,Windows 10 Pro,7.8,0.0006,False,CVE CVE-2026-32183 affects Windows 10 Pro. EPSS score 0.0006 indicates low exploitation probability. Not confirmed exploited in the wild.
CVE-2024-20303,Cisco IOS XE,7.4,0.00059,False,CVE CVE-2024-20303 affects Cisco IOS XE. EPSS score 0.0006 indicates low exploitation probability. Not confirmed exploited in the wild.
CVE-2025-3074,Google Chrome,5.4,0.00059,False,CVE CVE-2025-3074 affects Google Chrome. EPSS score 0.0006 indicates low exploitation probability. Not confirmed exploited in the wild.
CVE-2025-49462,Zoom,3.5,0.00059,False,CVE CVE-2025-49462 affects Zoom. EPSS score 0.0006 indicates low exploitation probability. Not confirmed exploited in the wild.
CVE-2025-53807,Windows Server 2022,7.0,0.00059,False,CVE CVE-2025-53807 affects Windows Server 2022. EPSS score 0.0006 indicates low exploitation probability. Not confirmed exploited in the wild.
CVE-2025-53807,Windows 10 Pro,7.0,0.00059,False,CVE CVE-2025-53807 affects Windows 10 Pro. EPSS score 0.0006 indicates low exploitation probability. Not confirmed exploited in the wild.
CVE-2025-54105,Windows Server 2022,7.0,0.00059,False,CVE CVE-2025-54105 affects Windows Server 2022. EPSS score 0.0006 indicates low exploitation probability. Not confirmed exploited in the wild.
CVE-2025-54114,Windows Server 2022,7.0,0.00059,False,CVE CVE-2025-54114 affects Windows Server 2022. EPSS score 0.0006 indicates low exploitation probability. Not confirmed exploited in the wild.
CVE-2025-54114,Windows 10 Pro,7.0,0.00059,False,CVE CVE-2025-54114 affects Windows 10 Pro. EPSS score 0.0006 indicates low exploitation probability. Not confirmed exploited in the wild.
CVE-2025-60715,Windows Server 2022,8.0,0.00059,False,CVE CVE-2025-60715 affects Windows Server 2022. EPSS score 0.0006 indicates low exploitation probability. Not confirmed exploited in the wild.
CVE-2025-60715,Windows 10 Pro,8.0,0.00059,False,CVE CVE-2025-60715 affects Windows 10 Pro. EPSS score 0.0006 indicates low exploitation probability. Not confirmed exploited in the wild.
CVE-2025-62452,Windows Server 2022,8.0,0.00059,False,CVE CVE-2025-62452 affects Windows Server 2022. EPSS score 0.0006 indicates low exploitation probability. Not confirmed exploited in the wild.
CVE-2025-62452,Windows 10 Pro,8.0,0.00059,False,CVE CVE-2025-62452 affects Windows 10 Pro. EPSS score 0.0006 indicates low exploitation probability. Not confirmed exploited in the wild.
CVE-2025-62466,Windows Server 2022,7.8,0.00059,False,CVE CVE-2025-62466 affects Windows Server 2022. EPSS score 0.0006 indicates low exploitation probability. Not confirmed exploited in the wild.
CVE-2025-62466,Windows 10 Pro,7.8,0.00059,False,CVE CVE-2025-62466 affects Windows 10 Pro. EPSS score 0.0006 indicates low exploitation probability. Not confirmed exploited in the wild.
CVE-2026-20804,Windows Server 2022,7.7,0.00059,False,CVE CVE-2026-20804 affects Windows Server 2022. EPSS score 0.0006 indicates low exploitation probability. Not confirmed exploited in the wild.
CVE-2026-20804,Windows 10 Pro,7.7,0.00059,False,CVE CVE-2026-20804 affects Windows 10 Pro. EPSS score 0.0006 indicates low exploitation probability. Not confirmed exploited in the wild.
CVE-2026-20852,Windows Server 2022,7.7,0.00059,False,CVE CVE-2026-20852 affects Windows Server 2022. EPSS score 0.0006 indicates low exploitation probability. Not confirmed exploited in the wild.
CVE-2026-20852,Windows 10 Pro,7.7,0.00059,False,CVE CVE-2026-20852 affects Windows 10 Pro. EPSS score 0.0006 indicates low exploitation probability. Not confirmed exploited in the wild.
CVE-2026-20871,Windows Server 2022,7.8,0.00059,False,CVE CVE-2026-20871 affects Windows Server 2022. EPSS score 0.0006 indicates low exploitation probability. Not confirmed exploited in the wild.
CVE-2026-20871,Windows 10 Pro,7.8,0.00059,False,CVE CVE-2026-20871 affects Windows 10 Pro. EPSS score 0.0006 indicates low exploitation probability. Not confirmed exploited in the wild.
CVE-2026-32212,Windows Server 2022,5.5,0.00059,False,CVE CVE-2026-32212 affects Windows Server 2022. EPSS score 0.0006 indicates low exploitation probability. Not confirmed exploited in the wild.
CVE-2026-32212,Windows 10 Pro,5.5,0.00059,False,CVE CVE-2026-32212 affects Windows 10 Pro. EPSS score 0.0006 indicates low exploitation probability. Not confirmed exploited in the wild.
CVE-2026-5891,Google Chrome,4.3,0.00059,False,CVE CVE-2026-5891 affects Google Chrome. EPSS score 0.0006 indicates low exploitation probability. Not confirmed exploited in the wild.
CVE-2024-43428,Moodle,7.7,0.00058,False,CVE CVE-2024-43428 affects Moodle. EPSS score 0.0006 indicates low exploitation probability. Not confirmed exploited in the wild.
CVE-2025-58730,Windows Server 2022,7.0,0.00058,False,CVE CVE-2025-58730 affects Windows Server 2022. EPSS score 0.0006 indicates low exploitation probability. Not confirmed exploited in the wild.
CVE-2025-58730,Windows 10 Pro,7.0,0.00058,False,CVE CVE-2025-58730 affects Windows 10 Pro. EPSS score 0.0006 indicates low exploitation probability. Not confirmed exploited in the wild.
CVE-2025-58731,Windows Server 2022,7.0,0.00058,False,CVE CVE-2025-58731 affects Windows Server 2022. EPSS score 0.0006 indicates low exploitation probability. Not confirmed exploited in the wild.
CVE-2025-58732,Windows Server 2022,7.0,0.00058,False,CVE CVE-2025-58732 affects Windows Server 2022. EPSS score 0.0006 indicates low exploitation probability. Not confirmed exploited in the wild.
CVE-2025-58732,Windows 10 Pro,7.0,0.00058,False,CVE CVE-2025-58732 affects Windows 10 Pro. EPSS score 0.0006 indicates low exploitation probability. Not confirmed exploited in the wild.
CVE-2025-58733,Windows Server 2022,7.0,0.00058,False,CVE CVE-2025-58733 affects Windows Server 2022. EPSS score 0.0006 indicates low exploitation probability. Not confirmed exploited in the wild.
CVE-2025-58733,Windows 10 Pro,7.0,0.00058,False,CVE CVE-2025-58733 affects Windows 10 Pro. EPSS score 0.0006 indicates low exploitation probability. Not confirmed exploited in the wild.
CVE-2025-58734,Windows Server 2022,7.0,0.00058,False,CVE CVE-2025-58734 affects Windows Server 2022. EPSS score 0.0006 indicates low exploitation probability. Not confirmed exploited in the wild.
CVE-2025-58734,Windows 10 Pro,7.0,0.00058,False,CVE CVE-2025-58734 affects Windows 10 Pro. EPSS score 0.0006 indicates low exploitation probability. Not confirmed exploited in the wild.
CVE-2025-58735,Windows Server 2022,7.0,0.00058,False,CVE CVE-2025-58735 affects Windows Server 2022. EPSS score 0.0006 indicates low exploitation probability. Not confirmed exploited in the wild.
CVE-2025-58735,Windows 10 Pro,7.0,0.00058,False,CVE CVE-2025-58735 affects Windows 10 Pro. EPSS score 0.0006 indicates low exploitation probability. Not confirmed exploited in the wild.
CVE-2025-58736,Windows Server 2022,7.0,0.00058,False,CVE CVE-2025-58736 affects Windows Server 2022. EPSS score 0.0006 indicates low exploitation probability. Not confirmed exploited in the wild.
CVE-2025-58736,Windows 10 Pro,7.0,0.00058,False,CVE CVE-2025-58736 affects Windows 10 Pro. EPSS score 0.0006 indicates low exploitation probability. Not confirmed exploited in the wild.
CVE-2025-58738,Windows Server 2022,7.0,0.00058,False,CVE CVE-2025-58738 affects Windows Server 2022. EPSS score 0.0006 indicates low exploitation probability. Not confirmed exploited in the wild.
CVE-2025-58738,Windows 10 Pro,7.0,0.00058,False,CVE CVE-2025-58738 affects Windows 10 Pro. EPSS score 0.0006 indicates low exploitation probability. Not confirmed exploited in the wild.
CVE-2025-59200,Windows Server 2022,7.7,0.00058,False,CVE CVE-2025-59200 affects Windows Server 2022. EPSS score 0.0006 indicates low exploitation probability. Not confirmed exploited in the wild.
CVE-2025-59200,Windows 10 Pro,7.7,0.00058,False,CVE CVE-2025-59200 affects Windows 10 Pro. EPSS score 0.0006 indicates low exploitation probability. Not confirmed exploited in the wild.
CVE-2026-21508,Windows Server 2022,7.0,0.00058,False,CVE CVE-2026-21508 affects Windows Server 2022. EPSS score 0.0006 indicates low exploitation probability. Not confirmed exploited in the wild.
CVE-2026-21508,Windows 10 Pro,7.0,0.00058,False,CVE CVE-2026-21508 affects Windows 10 Pro. EPSS score 0.0006 indicates low exploitation probability. Not confirmed exploited in the wild.
CVE-2026-25185,Windows Server 2022,5.3,0.00058,False,CVE CVE-2026-25185 affects Windows Server 2022. EPSS score 0.0006 indicates low exploitation probability. Not confirmed exploited in the wild.
CVE-2026-25185,Windows 10 Pro,5.3,0.00058,False,CVE CVE-2026-25185 affects Windows 10 Pro. EPSS score 0.0006 indicates low exploitation probability. Not confirmed exploited in the wild.
CVE-2026-32088,Windows Server 2022,6.1,0.00058,False,CVE CVE-2026-32088 affects Windows Server 2022. EPSS score 0.0006 indicates low exploitation probability. Not confirmed exploited in the wild.
CVE-2026-32088,Windows 10 Pro,6.1,0.00058,False,CVE CVE-2026-32088 affects Windows 10 Pro. EPSS score 0.0006 indicates low exploitation probability. Not confirmed exploited in the wild.
CVE-2026-32156,Windows Server 2022,7.4,0.00058,False,CVE CVE-2026-32156 affects Windows Server 2022. EPSS score 0.0006 indicates low exploitation probability. Not confirmed exploited in the wild.
CVE-2026-32156,Windows 10 Pro,7.4,0.00058,False,CVE CVE-2026-32156 affects Windows 10 Pro. EPSS score 0.0006 indicates low exploitation probability. Not confirmed exploited in the wild.
CVE-2025-10890,Google Chrome,9.1,0.00057,False,CVE CVE-2025-10890 affects Google Chrome. EPSS score 0.0006 indicates low exploitation probability. Not confirmed exploited in the wild.
CVE-2025-13102,Google Chrome,4.3,0.00057,False,CVE CVE-2025-13102 affects Google Chrome. EPSS score 0.0006 indicates low exploitation probability. Not confirmed exploited in the wild.
CVE-2025-30664,Zoom,6.6,0.00057,False,CVE CVE-2025-30664 affects Zoom. EPSS score 0.0006 indicates low exploitation probability. Not confirmed exploited in the wild.
CVE-2025-55233,Windows Server 2022,7.8,0.00057,False,CVE CVE-2025-55233 affects Windows Server 2022. EPSS score 0.0006 indicates low exploitation probability. Not confirmed exploited in the wild.
CVE-2025-55233,Windows 10 Pro,7.8,0.00057,False,CVE CVE-2025-55233 affects Windows 10 Pro. EPSS score 0.0006 indicates low exploitation probability. Not confirmed exploited in the wild.
CVE-2025-59505,Windows Server 2022,7.8,0.00057,False,CVE CVE-2025-59505 affects Windows Server 2022. EPSS score 0.0006 indicates low exploitation probability. Not confirmed exploited in the wild.
CVE-2025-59505,Windows 10 Pro,7.8,0.00057,False,CVE CVE-2025-59505 affects Windows 10 Pro. EPSS score 0.0006 indicates low exploitation probability. Not confirmed exploited in the wild.
CVE-2025-60703,Windows Server 2022,7.8,0.00057,False,CVE CVE-2025-60703 affects Windows Server 2022. EPSS score 0.0006 indicates low exploitation probability. Not confirmed exploited in the wild.
CVE-2025-60703,Windows 10 Pro,7.8,0.00057,False,CVE CVE-2025-60703 affects Windows 10 Pro. EPSS score 0.0006 indicates low exploitation probability. Not confirmed exploited in the wild.
CVE-2025-60713,Windows Server 2022,7.8,0.00057,False,CVE CVE-2025-60713 affects Windows Server 2022. EPSS score 0.0006 indicates low exploitation probability. Not confirmed exploited in the wild.
CVE-2025-60720,Windows Server 2022,7.8,0.00057,False,CVE CVE-2025-60720 affects Windows Server 2022. EPSS score 0.0006 indicates low exploitation probability. Not confirmed exploited in the wild.
CVE-2025-60720,Windows 10 Pro,7.8,0.00057,False,CVE CVE-2025-60720 affects Windows 10 Pro. EPSS score 0.0006 indicates low exploitation probability. Not confirmed exploited in the wild.
CVE-2025-62457,Windows Server 2022,7.8,0.00057,False,CVE CVE-2025-62457 affects Windows Server 2022. EPSS score 0.0006 indicates low exploitation probability. Not confirmed exploited in the wild.
CVE-2025-62457,Windows 10 Pro,7.8,0.00057,False,CVE CVE-2025-62457 affects Windows 10 Pro. EPSS score 0.0006 indicates low exploitation probability. Not confirmed exploited in the wild.
CVE-2025-62461,Windows Server 2022,7.8,0.00057,False,CVE CVE-2025-62461 affects Windows Server 2022. EPSS score 0.0006 indicates low exploitation probability. Not confirmed exploited in the wild.
CVE-2025-62461,Windows 10 Pro,7.8,0.00057,False,CVE CVE-2025-62461 affects Windows 10 Pro. EPSS score 0.0006 indicates low exploitation probability. Not confirmed exploited in the wild.
CVE-2025-62462,Windows Server 2022,7.8,0.00057,False,CVE CVE-2025-62462 affects Windows Server 2022. EPSS score 0.0006 indicates low exploitation probability. Not confirmed exploited in the wild.
CVE-2025-62462,Windows 10 Pro,7.8,0.00057,False,CVE CVE-2025-62462 affects Windows 10 Pro. EPSS score 0.0006 indicates low exploitation probability. Not confirmed exploited in the wild.
CVE-2025-62464,Windows Server 2022,7.8,0.00057,False,CVE CVE-2025-62464 affects Windows Server 2022. EPSS score 0.0006 indicates low exploitation probability. Not confirmed exploited in the wild.
CVE-2025-62464,Windows 10 Pro,7.8,0.00057,False,CVE CVE-2025-62464 affects Windows 10 Pro. EPSS score 0.0006 indicates low exploitation probability. Not confirmed exploited in the wild.
CVE-2025-62470,Windows Server 2022,7.8,0.00057,False,CVE CVE-2025-62470 affects Windows Server 2022. EPSS score 0.0006 indicates low exploitation probability. Not confirmed exploited in the wild.
CVE-2025-62470,Windows 10 Pro,7.8,0.00057,False,CVE CVE-2025-62470 affects Windows 10 Pro. EPSS score 0.0006 indicates low exploitation probability. Not confirmed exploited in the wild.
CVE-2025-62557,Microsoft 365 Apps for Business,8.4,0.00057,False,CVE CVE-2025-62557 affects Microsoft 365 Apps for Business. EPSS score 0.0006 indicates low exploitation probability. Not confirmed exploited in the wild.
CVE-2026-20823,Windows Server 2022,5.5,0.00057,False,CVE CVE-2026-20823 affects Windows Server 2022. EPSS score 0.0006 indicates low exploitation probability. Not confirmed exploited in the wild.
CVE-2026-20823,Windows 10 Pro,5.5,0.00057,False,CVE CVE-2026-20823 affects Windows 10 Pro. EPSS score 0.0006 indicates low exploitation probability. Not confirmed exploited in the wild.
CVE-2026-20932,Windows Server 2022,5.5,0.00057,False,CVE CVE-2026-20932 affects Windows Server 2022. EPSS score 0.0006 indicates low exploitation probability. Not confirmed exploited in the wild.
CVE-2026-20932,Windows 10 Pro,5.5,0.00057,False,CVE CVE-2026-20932 affects Windows 10 Pro. EPSS score 0.0006 indicates low exploitation probability. Not confirmed exploited in the wild.
CVE-2026-26153,Windows Server 2022,7.8,0.00057,False,CVE CVE-2026-26153 affects Windows Server 2022. EPSS score 0.0006 indicates low exploitation probability. Not confirmed exploited in the wild.
CVE-2026-26153,Windows 10 Pro,7.8,0.00057,False,CVE CVE-2026-26153 affects Windows 10 Pro. EPSS score 0.0006 indicates low exploitation probability. Not confirmed exploited in the wild.
CVE-2026-26163,Windows Server 2022,7.8,0.00057,False,CVE CVE-2026-26163 affects Windows Server 2022. EPSS score 0.0006 indicates low exploitation probability. Not confirmed exploited in the wild.
CVE-2026-26163,Windows 10 Pro,7.8,0.00057,False,CVE CVE-2026-26163 affects Windows 10 Pro. EPSS score 0.0006 indicates low exploitation probability. Not confirmed exploited in the wild.
CVE-2026-26176,Windows Server 2022,7.8,0.00057,False,CVE CVE-2026-26176 affects Windows Server 2022. EPSS score 0.0006 indicates low exploitation probability. Not confirmed exploited in the wild.
CVE-2026-26176,Windows 10 Pro,7.8,0.00057,False,CVE CVE-2026-26176 affects Windows 10 Pro. EPSS score 0.0006 indicates low exploitation probability. Not confirmed exploited in the wild.
CVE-2026-26179,Windows Server 2022,7.8,0.00057,False,CVE CVE-2026-26179 affects Windows Server 2022. EPSS score 0.0006 indicates low exploitation probability. Not confirmed exploited in the wild.
CVE-2026-26180,Windows Server 2022,7.8,0.00057,False,CVE CVE-2026-26180 affects Windows Server 2022. EPSS score 0.0006 indicates low exploitation probability. Not confirmed exploited in the wild.
CVE-2026-26180,Windows 10 Pro,7.8,0.00057,False,CVE CVE-2026-26180 affects Windows 10 Pro. EPSS score 0.0006 indicates low exploitation probability. Not confirmed exploited in the wild.
CVE-2026-26184,Windows Server 2022,7.8,0.00057,False,CVE CVE-2026-26184 affects Windows Server 2022. EPSS score 0.0006 indicates low exploitation probability. Not confirmed exploited in the wild.
CVE-2026-26184,Windows 10 Pro,7.8,0.00057,False,CVE CVE-2026-26184 affects Windows 10 Pro. EPSS score 0.0006 indicates low exploitation probability. Not confirmed exploited in the wild.
CVE-2026-27915,Windows Server 2022,7.8,0.00057,False,CVE CVE-2026-27915 affects Windows Server 2022. EPSS score 0.0006 indicates low exploitation probability. Not confirmed exploited in the wild.
CVE-2026-27915,Windows 10 Pro,7.8,0.00057,False,CVE CVE-2026-27915 affects Windows 10 Pro. EPSS score 0.0006 indicates low exploitation probability. Not confirmed exploited in the wild.
CVE-2026-27916,Windows Server 2022,7.8,0.00057,False,CVE CVE-2026-27916 affects Windows Server 2022. EPSS score 0.0006 indicates low exploitation probability. Not confirmed exploited in the wild.
CVE-2026-27916,Windows 10 Pro,7.8,0.00057,False,CVE CVE-2026-27916 affects Windows 10 Pro. EPSS score 0.0006 indicates low exploitation probability. Not confirmed exploited in the wild.
CVE-2026-27919,Windows Server 2022,7.8,0.00057,False,CVE CVE-2026-27919 affects Windows Server 2022. EPSS score 0.0006 indicates low exploitation probability. Not confirmed exploited in the wild.
CVE-2026-27919,Windows 10 Pro,7.8,0.00057,False,CVE CVE-2026-27919 affects Windows 10 Pro. EPSS score 0.0006 indicates low exploitation probability. Not confirmed exploited in the wild.
CVE-2026-27920,Windows Server 2022,7.8,0.00057,False,CVE CVE-2026-27920 affects Windows Server 2022. EPSS score 0.0006 indicates low exploitation probability. Not confirmed exploited in the wild.
CVE-2026-27920,Windows 10 Pro,7.8,0.00057,False,CVE CVE-2026-27920 affects Windows 10 Pro. EPSS score 0.0006 indicates low exploitation probability. Not confirmed exploited in the wild.
CVE-2026-27923,Windows Server 2022,7.8,0.00057,False,CVE CVE-2026-27923 affects Windows Server 2022. EPSS score 0.0006 indicates low exploitation probability. Not confirmed exploited in the wild.
CVE-2026-27923,Windows 10 Pro,7.8,0.00057,False,CVE CVE-2026-27923 affects Windows 10 Pro. EPSS score 0.0006 indicates low exploitation probability. Not confirmed exploited in the wild.
CVE-2026-27924,Windows Server 2022,7.8,0.00057,False,CVE CVE-2026-27924 affects Windows Server 2022. EPSS score 0.0006 indicates low exploitation probability. Not confirmed exploited in the wild.
CVE-2026-27924,Windows 10 Pro,7.8,0.00057,False,CVE CVE-2026-27924 affects Windows 10 Pro. EPSS score 0.0006 indicates low exploitation probability. Not confirmed exploited in the wild.
CVE-2026-32069,Windows Server 2022,7.8,0.00057,False,CVE CVE-2026-32069 affects Windows Server 2022. EPSS score 0.0006 indicates low exploitation probability. Not confirmed exploited in the wild.
CVE-2026-32069,Windows 10 Pro,7.8,0.00057,False,CVE CVE-2026-32069 affects Windows 10 Pro. EPSS score 0.0006 indicates low exploitation probability. Not confirmed exploited in the wild.
CVE-2026-32074,Windows Server 2022,7.8,0.00057,False,CVE CVE-2026-32074 affects Windows Server 2022. EPSS score 0.0006 indicates low exploitation probability. Not confirmed exploited in the wild.
CVE-2026-32074,Windows 10 Pro,7.8,0.00057,False,CVE CVE-2026-32074 affects Windows 10 Pro. EPSS score 0.0006 indicates low exploitation probability. Not confirmed exploited in the wild.
CVE-2026-32076,Windows Server 2022,7.8,0.00057,False,CVE CVE-2026-32076 affects Windows Server 2022. EPSS score 0.0006 indicates low exploitation probability. Not confirmed exploited in the wild.
CVE-2026-32077,Windows Server 2022,7.8,0.00057,False,CVE CVE-2026-32077 affects Windows Server 2022. EPSS score 0.0006 indicates low exploitation probability. Not confirmed exploited in the wild.
CVE-2026-32077,Windows 10 Pro,7.8,0.00057,False,CVE CVE-2026-32077 affects Windows 10 Pro. EPSS score 0.0006 indicates low exploitation probability. Not confirmed exploited in the wild.
CVE-2026-32078,Windows Server 2022,7.8,0.00057,False,CVE CVE-2026-32078 affects Windows Server 2022. EPSS score 0.0006 indicates low exploitation probability. Not confirmed exploited in the wild.
CVE-2026-32078,Windows 10 Pro,7.8,0.00057,False,CVE CVE-2026-32078 affects Windows 10 Pro. EPSS score 0.0006 indicates low exploitation probability. Not confirmed exploited in the wild.
CVE-2026-32152,Windows Server 2022,7.8,0.00057,False,CVE CVE-2026-32152 affects Windows Server 2022. EPSS score 0.0006 indicates low exploitation probability. Not confirmed exploited in the wild.
CVE-2026-32154,Windows Server 2022,7.8,0.00057,False,CVE CVE-2026-32154 affects Windows Server 2022. EPSS score 0.0006 indicates low exploitation probability. Not confirmed exploited in the wild.
CVE-2026-32155,Windows Server 2022,7.8,0.00057,False,CVE CVE-2026-32155 affects Windows Server 2022. EPSS score 0.0006 indicates low exploitation probability. Not confirmed exploited in the wild.
CVE-2026-32155,Windows 10 Pro,7.8,0.00057,False,CVE CVE-2026-32155 affects Windows 10 Pro. EPSS score 0.0006 indicates low exploitation probability. Not confirmed exploited in the wild.
CVE-2026-33098,Windows Server 2022,7.8,0.00057,False,CVE CVE-2026-33098 affects Windows Server 2022. EPSS score 0.0006 indicates low exploitation probability. Not confirmed exploited in the wild.
CVE-2026-33098,Windows 10 Pro,7.8,0.00057,False,CVE CVE-2026-33098 affects Windows 10 Pro. EPSS score 0.0006 indicates low exploitation probability. Not confirmed exploited in the wild.
CVE-2026-33101,Windows Server 2022,7.8,0.00057,False,CVE CVE-2026-33101 affects Windows Server 2022. EPSS score 0.0006 indicates low exploitation probability. Not confirmed exploited in the wild.
CVE-2026-35423,Windows Server 2022,5.4,0.00057,False,CVE CVE-2026-35423 affects Windows Server 2022. EPSS score 0.0006 indicates low exploitation probability. Not confirmed exploited in the wild.
CVE-2026-35423,Windows 10 Pro,5.4,0.00057,False,CVE CVE-2026-35423 affects Windows 10 Pro. EPSS score 0.0006 indicates low exploitation probability. Not confirmed exploited in the wild.
CVE-2026-40358,Microsoft 365 Apps for Business,8.4,0.00057,False,CVE CVE-2026-40358 affects Microsoft 365 Apps for Business. EPSS score 0.0006 indicates low exploitation probability. Not confirmed exploited in the wild.
CVE-2026-40363,Microsoft 365 Apps for Business,8.4,0.00057,False,CVE CVE-2026-40363 affects Microsoft 365 Apps for Business. EPSS score 0.0006 indicates low exploitation probability. Not confirmed exploited in the wild.
CVE-2026-40366,Microsoft 365 Apps for Business,8.4,0.00057,False,CVE CVE-2026-40366 affects Microsoft 365 Apps for Business. EPSS score 0.0006 indicates low exploitation probability. Not confirmed exploited in the wild.
CVE-2026-40367,Microsoft 365 Apps for Business,8.4,0.00057,False,CVE CVE-2026-40367 affects Microsoft 365 Apps for Business. EPSS score 0.0006 indicates low exploitation probability. Not confirmed exploited in the wild.
CVE-2026-40402,Windows Server 2022,9.3,0.00057,False,CVE CVE-2026-40402 affects Windows Server 2022. EPSS score 0.0006 indicates low exploitation probability. Not confirmed exploited in the wild.
CVE-2026-7935,Google Chrome,5.4,0.00057,False,CVE CVE-2026-7935 affects Google Chrome. EPSS score 0.0006 indicates low exploitation probability. Not confirmed exploited in the wild.
CVE-2026-8531,Google Chrome,8.8,0.00057,False,CVE CVE-2026-8531 affects Google Chrome. EPSS score 0.0006 indicates low exploitation probability. Not confirmed exploited in the wild.
CVE-2026-8561,Google Chrome,5.4,0.00057,False,CVE CVE-2026-8561 affects Google Chrome. EPSS score 0.0006 indicates low exploitation probability. Not confirmed exploited in the wild.
CVE-2026-8564,Google Chrome,4.2,0.00057,False,CVE CVE-2026-8564 affects Google Chrome. EPSS score 0.0006 indicates low exploitation probability. Not confirmed exploited in the wild.
CVE-2026-8584,Google Chrome,4.2,0.00057,False,CVE CVE-2026-8584 affects Google Chrome. EPSS score 0.0006 indicates low exploitation probability. Not confirmed exploited in the wild.
CVE-2024-49534,Adobe Acrobat Reader DC,5.5,0.00056,False,CVE CVE-2024-49534 affects Adobe Acrobat Reader DC. EPSS score 0.0006 indicates low exploitation probability. Not confirmed exploited in the wild.
CVE-2025-11209,Google Chrome,8.2,0.00056,False,CVE CVE-2025-11209 affects Google Chrome. EPSS score 0.0006 indicates low exploitation probability. Not confirmed exploited in the wild.
CVE-2025-60714,Windows Server 2022,7.8,0.00056,False,CVE CVE-2025-60714 affects Windows Server 2022. EPSS score 0.0006 indicates low exploitation probability. Not confirmed exploited in the wild.
CVE-2025-60714,Windows 10 Pro,7.8,0.00056,False,CVE CVE-2025-60714 affects Windows 10 Pro. EPSS score 0.0006 indicates low exploitation probability. Not confirmed exploited in the wild.
CVE-2025-60719,Windows Server 2022,7.0,0.00056,False,CVE CVE-2025-60719 affects Windows Server 2022. EPSS score 0.0006 indicates low exploitation probability. Not confirmed exploited in the wild.
CVE-2025-60719,Windows 10 Pro,7.0,0.00056,False,CVE CVE-2025-60719 affects Windows 10 Pro. EPSS score 0.0006 indicates low exploitation probability. Not confirmed exploited in the wild.
CVE-2025-60727,Microsoft 365 Apps for Business,7.8,0.00056,False,CVE CVE-2025-60727 affects Microsoft 365 Apps for Business. EPSS score 0.0006 indicates low exploitation probability. Not confirmed exploited in the wild.
CVE-2025-62200,Microsoft 365 Apps for Business,7.8,0.00056,False,CVE CVE-2025-62200 affects Microsoft 365 Apps for Business. EPSS score 0.0006 indicates low exploitation probability. Not confirmed exploited in the wild.
CVE-2025-62201,Microsoft 365 Apps for Business,7.8,0.00056,False,CVE CVE-2025-62201 affects Microsoft 365 Apps for Business. EPSS score 0.0006 indicates low exploitation probability. Not confirmed exploited in the wild.
CVE-2025-62203,Microsoft 365 Apps for Business,7.8,0.00056,False,CVE CVE-2025-62203 affects Microsoft 365 Apps for Business. EPSS score 0.0006 indicates low exploitation probability. Not confirmed exploited in the wild.
CVE-2025-62205,Microsoft 365 Apps for Business,7.8,0.00056,False,CVE CVE-2025-62205 affects Microsoft 365 Apps for Business. EPSS score 0.0006 indicates low exploitation probability. Not confirmed exploited in the wild.
CVE-2025-62213,Windows Server 2022,7.0,0.00056,False,CVE CVE-2025-62213 affects Windows Server 2022. EPSS score 0.0006 indicates low exploitation probability. Not confirmed exploited in the wild.
CVE-2025-62213,Windows 10 Pro,7.0,0.00056,False,CVE CVE-2025-62213 affects Windows 10 Pro. EPSS score 0.0006 indicates low exploitation probability. Not confirmed exploited in the wild.
CVE-2025-62216,Microsoft 365 Apps for Business,7.8,0.00056,False,CVE CVE-2025-62216 affects Microsoft 365 Apps for Business. EPSS score 0.0006 indicates low exploitation probability. Not confirmed exploited in the wild.
CVE-2025-62556,Microsoft 365 Apps for Business,7.8,0.00056,False,CVE CVE-2025-62556 affects Microsoft 365 Apps for Business. EPSS score 0.0006 indicates low exploitation probability. Not confirmed exploited in the wild.
CVE-2025-62560,Microsoft 365 Apps for Business,7.8,0.00056,False,CVE CVE-2025-62560 affects Microsoft 365 Apps for Business. EPSS score 0.0006 indicates low exploitation probability. Not confirmed exploited in the wild.
CVE-2025-62561,Microsoft 365 Apps for Business,7.8,0.00056,False,CVE CVE-2025-62561 affects Microsoft 365 Apps for Business. EPSS score 0.0006 indicates low exploitation probability. Not confirmed exploited in the wild.
CVE-2025-62564,Microsoft 365 Apps for Business,7.8,0.00056,False,CVE CVE-2025-62564 affects Microsoft 365 Apps for Business. EPSS score 0.0006 indicates low exploitation probability. Not confirmed exploited in the wild.
CVE-2025-62565,Windows Server 2022,7.3,0.00056,False,CVE CVE-2025-62565 affects Windows Server 2022. EPSS score 0.0006 indicates low exploitation probability. Not confirmed exploited in the wild.
CVE-2025-62565,Windows 10 Pro,7.3,0.00056,False,CVE CVE-2025-62565 affects Windows 10 Pro. EPSS score 0.0006 indicates low exploitation probability. Not confirmed exploited in the wild.
CVE-2026-20818,Windows Server 2022,6.2,0.00056,False,CVE CVE-2026-20818 affects Windows Server 2022. EPSS score 0.0006 indicates low exploitation probability. Not confirmed exploited in the wild.
CVE-2026-20821,Windows Server 2022,6.2,0.00056,False,CVE CVE-2026-20821 affects Windows Server 2022. EPSS score 0.0006 indicates low exploitation probability. Not confirmed exploited in the wild.
CVE-2026-20821,Windows 10 Pro,6.2,0.00056,False,CVE CVE-2026-20821 affects Windows 10 Pro. EPSS score 0.0006 indicates low exploitation probability. Not confirmed exploited in the wild.
CVE-2026-20825,Windows Server 2022,4.4,0.00056,False,CVE CVE-2026-20825 affects Windows Server 2022. EPSS score 0.0006 indicates low exploitation probability. Not confirmed exploited in the wild.
CVE-2026-20825,Windows 10 Pro,4.4,0.00056,False,CVE CVE-2026-20825 affects Windows 10 Pro. EPSS score 0.0006 indicates low exploitation probability. Not confirmed exploited in the wild.
CVE-2026-20876,Windows Server 2022,6.7,0.00056,False,CVE CVE-2026-20876 affects Windows Server 2022. EPSS score 0.0006 indicates low exploitation probability. Not confirmed exploited in the wild.
CVE-2026-24282,Windows 10 Pro,5.5,0.00056,False,CVE CVE-2026-24282 affects Windows 10 Pro. EPSS score 0.0006 indicates low exploitation probability. Not confirmed exploited in the wild.
CVE-2026-32072,Windows Server 2022,6.2,0.00056,False,CVE CVE-2026-32072 affects Windows Server 2022. EPSS score 0.0006 indicates low exploitation probability. Not confirmed exploited in the wild.
CVE-2026-32072,Windows 10 Pro,6.2,0.00056,False,CVE CVE-2026-32072 affects Windows 10 Pro. EPSS score 0.0006 indicates low exploitation probability. Not confirmed exploited in the wild.
CVE-2026-33822,Microsoft 365 Apps for Business,6.1,0.00056,False,CVE CVE-2026-33822 affects Microsoft 365 Apps for Business. EPSS score 0.0006 indicates low exploitation probability. Not confirmed exploited in the wild.
CVE-2024-10229,Google Chrome,8.1,0.00055,False,CVE CVE-2024-10229 affects Google Chrome. EPSS score 0.0006 indicates low exploitation probability. Not confirmed exploited in the wild.
CVE-2025-27163,Adobe Acrobat Reader DC,5.5,0.00055,False,CVE CVE-2025-27163 affects Adobe Acrobat Reader DC. EPSS score 0.0006 indicates low exploitation probability. Not confirmed exploited in the wild.
CVE-2025-49461,Zoom,4.3,0.00055,False,CVE CVE-2025-49461 affects Zoom. EPSS score 0.0006 indicates low exploitation probability. Not confirmed exploited in the wild.
CVE-2026-20829,Windows Server 2022,5.5,0.00055,False,CVE CVE-2026-20829 affects Windows Server 2022. EPSS score 0.0006 indicates low exploitation probability. Not confirmed exploited in the wild.
CVE-2026-20829,Windows 10 Pro,5.5,0.00055,False,CVE CVE-2026-20829 affects Windows 10 Pro. EPSS score 0.0006 indicates low exploitation probability. Not confirmed exploited in the wild.
CVE-2026-20835,Windows Server 2022,5.5,0.00055,False,CVE CVE-2026-20835 affects Windows Server 2022. EPSS score 0.0006 indicates low exploitation probability. Not confirmed exploited in the wild.
CVE-2026-2314,Google Chrome,8.8,0.00055,False,CVE CVE-2026-2314 affects Google Chrome. EPSS score 0.0006 indicates low exploitation probability. Not confirmed exploited in the wild.
CVE-2025-5067,Google Chrome,5.4,0.00054,False,CVE CVE-2025-5067 affects Google Chrome. EPSS score 0.0005 indicates low exploitation probability. Not confirmed exploited in the wild.
CVE-2025-55700,Windows Server 2022,6.5,0.00054,False,CVE CVE-2025-55700 affects Windows Server 2022. EPSS score 0.0005 indicates low exploitation probability. Not confirmed exploited in the wild.
CVE-2025-55700,Windows 10 Pro,6.5,0.00054,False,CVE CVE-2025-55700 affects Windows 10 Pro. EPSS score 0.0005 indicates low exploitation probability. Not confirmed exploited in the wild.
CVE-2025-58717,Windows Server 2022,6.5,0.00054,False,CVE CVE-2025-58717 affects Windows Server 2022. EPSS score 0.0005 indicates low exploitation probability. Not confirmed exploited in the wild.
CVE-2025-58717,Windows 10 Pro,6.5,0.00054,False,CVE CVE-2025-58717 affects Windows 10 Pro. EPSS score 0.0005 indicates low exploitation probability. Not confirmed exploited in the wild.
CVE-2025-59514,Windows Server 2022,7.8,0.00054,False,CVE CVE-2025-59514 affects Windows Server 2022. EPSS score 0.0005 indicates low exploitation probability. Not confirmed exploited in the wild.
CVE-2025-59514,Windows 10 Pro,7.8,0.00054,False,CVE CVE-2025-59514 affects Windows 10 Pro. EPSS score 0.0005 indicates low exploitation probability. Not confirmed exploited in the wild.
CVE-2025-62397,Moodle,5.3,0.00054,False,CVE CVE-2025-62397 affects Moodle. EPSS score 0.0005 indicates low exploitation probability. Not confirmed exploited in the wild.
CVE-2025-62474,Windows Server 2022,7.8,0.00054,False,CVE CVE-2025-62474 affects Windows Server 2022. EPSS score 0.0005 indicates low exploitation probability. Not confirmed exploited in the wild.
CVE-2025-62474,Windows 10 Pro,7.8,0.00054,False,CVE CVE-2025-62474 affects Windows 10 Pro. EPSS score 0.0005 indicates low exploitation probability. Not confirmed exploited in the wild.
CVE-2025-64673,Windows Server 2022,7.8,0.00054,False,CVE CVE-2025-64673 affects Windows Server 2022. EPSS score 0.0005 indicates low exploitation probability. Not confirmed exploited in the wild.
CVE-2025-64673,Windows 10 Pro,7.8,0.00054,False,CVE CVE-2025-64673 affects Windows 10 Pro. EPSS score 0.0005 indicates low exploitation probability. Not confirmed exploited in the wild.
CVE-2026-20936,Windows Server 2022,4.3,0.00054,False,CVE CVE-2026-20936 affects Windows Server 2022. EPSS score 0.0005 indicates low exploitation probability. Not confirmed exploited in the wild.
CVE-2026-20936,Windows 10 Pro,4.3,0.00054,False,CVE CVE-2026-20936 affects Windows 10 Pro. EPSS score 0.0005 indicates low exploitation probability. Not confirmed exploited in the wild.
CVE-2026-21530,Windows Server 2022,6.7,0.00054,False,CVE CVE-2026-21530 affects Windows Server 2022. EPSS score 0.0005 indicates low exploitation probability. Not confirmed exploited in the wild.
CVE-2026-21530,Windows 10 Pro,6.7,0.00054,False,CVE CVE-2026-21530 affects Windows 10 Pro. EPSS score 0.0005 indicates low exploitation probability. Not confirmed exploited in the wild.
CVE-2026-32170,Windows Server 2022,6.7,0.00054,False,CVE CVE-2026-32170 affects Windows Server 2022. EPSS score 0.0005 indicates low exploitation probability. Not confirmed exploited in the wild.
CVE-2026-32170,Windows 10 Pro,6.7,0.00054,False,CVE CVE-2026-32170 affects Windows 10 Pro. EPSS score 0.0005 indicates low exploitation probability. Not confirmed exploited in the wild.
CVE-2024-7003,Google Chrome,4.3,0.00053,False,CVE CVE-2024-7003 affects Google Chrome. EPSS score 0.0005 indicates low exploitation probability. Not confirmed exploited in the wild.
CVE-2025-62394,Moodle,4.3,0.00053,False,CVE CVE-2025-62394 affects Moodle. EPSS score 0.0005 indicates low exploitation probability. Not confirmed exploited in the wild.
CVE-2026-32073,Windows Server 2022,7.0,0.00053,False,CVE CVE-2026-32073 affects Windows Server 2022. EPSS score 0.0005 indicates low exploitation probability. Not confirmed exploited in the wild.
CVE-2026-32073,Windows 10 Pro,7.0,0.00053,False,CVE CVE-2026-32073 affects Windows 10 Pro. EPSS score 0.0005 indicates low exploitation probability. Not confirmed exploited in the wild.
CVE-2026-40421,Microsoft 365 Apps for Business,4.3,0.00053,False,CVE CVE-2026-40421 affects Microsoft 365 Apps for Business. EPSS score 0.0005 indicates low exploitation probability. Not confirmed exploited in the wild.
CVE-2024-20312,Cisco IOS XE,7.4,0.00052,False,CVE CVE-2024-20312 affects Cisco IOS XE. EPSS score 0.0005 indicates low exploitation probability. Not confirmed exploited in the wild.
CVE-2025-62393,Moodle,4.3,0.00052,False,CVE CVE-2025-62393 affects Moodle. EPSS score 0.0005 indicates low exploitation probability. Not confirmed exploited in the wild.
CVE-2026-26159,Windows Server 2022,7.8,0.00052,False,CVE CVE-2026-26159 affects Windows Server 2022. EPSS score 0.0005 indicates low exploitation probability. Not confirmed exploited in the wild.
CVE-2026-26159,Windows 10 Pro,7.8,0.00052,False,CVE CVE-2026-26159 affects Windows 10 Pro. EPSS score 0.0005 indicates low exploitation probability. Not confirmed exploited in the wild.
CVE-2026-26160,Windows Server 2022,7.8,0.00052,False,CVE CVE-2026-26160 affects Windows Server 2022. EPSS score 0.0005 indicates low exploitation probability. Not confirmed exploited in the wild.
CVE-2026-26160,Windows 10 Pro,7.8,0.00052,False,CVE CVE-2026-26160 affects Windows 10 Pro. EPSS score 0.0005 indicates low exploitation probability. Not confirmed exploited in the wild.
CVE-2026-26165,Windows Server 2022,7.0,0.00052,False,CVE CVE-2026-26165 affects Windows Server 2022. EPSS score 0.0005 indicates low exploitation probability. Not confirmed exploited in the wild.
CVE-2026-26166,Windows Server 2022,7.0,0.00052,False,CVE CVE-2026-26166 affects Windows Server 2022. EPSS score 0.0005 indicates low exploitation probability. Not confirmed exploited in the wild.
CVE-2026-26177,Windows Server 2022,7.0,0.00052,False,CVE CVE-2026-26177 affects Windows Server 2022. EPSS score 0.0005 indicates low exploitation probability. Not confirmed exploited in the wild.
CVE-2026-26177,Windows 10 Pro,7.0,0.00052,False,CVE CVE-2026-26177 affects Windows 10 Pro. EPSS score 0.0005 indicates low exploitation probability. Not confirmed exploited in the wild.
CVE-2026-26182,Windows Server 2022,7.0,0.00052,False,CVE CVE-2026-26182 affects Windows Server 2022. EPSS score 0.0005 indicates low exploitation probability. Not confirmed exploited in the wild.
CVE-2026-26182,Windows 10 Pro,7.0,0.00052,False,CVE CVE-2026-26182 affects Windows 10 Pro. EPSS score 0.0005 indicates low exploitation probability. Not confirmed exploited in the wild.
CVE-2026-26183,Windows Server 2022,7.8,0.00052,False,CVE CVE-2026-26183 affects Windows Server 2022. EPSS score 0.0005 indicates low exploitation probability. Not confirmed exploited in the wild.
CVE-2026-27910,Windows Server 2022,7.8,0.00052,False,CVE CVE-2026-27910 affects Windows Server 2022. EPSS score 0.0005 indicates low exploitation probability. Not confirmed exploited in the wild.
CVE-2026-27910,Windows 10 Pro,7.8,0.00052,False,CVE CVE-2026-27910 affects Windows 10 Pro. EPSS score 0.0005 indicates low exploitation probability. Not confirmed exploited in the wild.
CVE-2026-27917,Windows Server 2022,7.0,0.00052,False,CVE CVE-2026-27917 affects Windows Server 2022. EPSS score 0.0005 indicates low exploitation probability. Not confirmed exploited in the wild.
CVE-2026-27917,Windows 10 Pro,7.0,0.00052,False,CVE CVE-2026-27917 affects Windows 10 Pro. EPSS score 0.0005 indicates low exploitation probability. Not confirmed exploited in the wild.
CVE-2026-27922,Windows Server 2022,7.0,0.00052,False,CVE CVE-2026-27922 affects Windows Server 2022. EPSS score 0.0005 indicates low exploitation probability. Not confirmed exploited in the wild.
CVE-2026-27922,Windows 10 Pro,7.0,0.00052,False,CVE CVE-2026-27922 affects Windows 10 Pro. EPSS score 0.0005 indicates low exploitation probability. Not confirmed exploited in the wild.
CVE-2026-32070,Windows Server 2022,7.0,0.00052,False,CVE CVE-2026-32070 affects Windows Server 2022. EPSS score 0.0005 indicates low exploitation probability. Not confirmed exploited in the wild.
CVE-2026-32070,Windows 10 Pro,7.0,0.00052,False,CVE CVE-2026-32070 affects Windows 10 Pro. EPSS score 0.0005 indicates low exploitation probability. Not confirmed exploited in the wild.
CVE-2026-32075,Windows Server 2022,7.0,0.00052,False,CVE CVE-2026-32075 affects Windows Server 2022. EPSS score 0.0005 indicates low exploitation probability. Not confirmed exploited in the wild.
CVE-2026-32075,Windows 10 Pro,7.0,0.00052,False,CVE CVE-2026-32075 affects Windows 10 Pro. EPSS score 0.0005 indicates low exploitation probability. Not confirmed exploited in the wild.
CVE-2026-32080,Windows Server 2022,7.0,0.00052,False,CVE CVE-2026-32080 affects Windows Server 2022. EPSS score 0.0005 indicates low exploitation probability. Not confirmed exploited in the wild.
CVE-2026-32087,Windows Server 2022,7.0,0.00052,False,CVE CVE-2026-32087 affects Windows Server 2022. EPSS score 0.0005 indicates low exploitation probability. Not confirmed exploited in the wild.
CVE-2026-32087,Windows 10 Pro,7.0,0.00052,False,CVE CVE-2026-32087 affects Windows 10 Pro. EPSS score 0.0005 indicates low exploitation probability. Not confirmed exploited in the wild.
CVE-2026-33099,Windows Server 2022,7.0,0.00052,False,CVE CVE-2026-33099 affects Windows Server 2022. EPSS score 0.0005 indicates low exploitation probability. Not confirmed exploited in the wild.
CVE-2026-33099,Windows 10 Pro,7.0,0.00052,False,CVE CVE-2026-33099 affects Windows 10 Pro. EPSS score 0.0005 indicates low exploitation probability. Not confirmed exploited in the wild.
CVE-2026-33100,Windows Server 2022,7.0,0.00052,False,CVE CVE-2026-33100 affects Windows Server 2022. EPSS score 0.0005 indicates low exploitation probability. Not confirmed exploited in the wild.
CVE-2026-33100,Windows 10 Pro,7.0,0.00052,False,CVE CVE-2026-33100 affects Windows 10 Pro. EPSS score 0.0005 indicates low exploitation probability. Not confirmed exploited in the wild.
CVE-2026-35422,Windows Server 2022,6.5,0.00052,False,CVE CVE-2026-35422 affects Windows Server 2022. EPSS score 0.0005 indicates low exploitation probability. Not confirmed exploited in the wild.
CVE-2026-35422,Windows 10 Pro,6.5,0.00052,False,CVE CVE-2026-35422 affects Windows 10 Pro. EPSS score 0.0005 indicates low exploitation probability. Not confirmed exploited in the wild.
CVE-2026-4451,Google Chrome,8.8,0.00052,False,CVE CVE-2026-4451 affects Google Chrome. EPSS score 0.0005 indicates low exploitation probability. Not confirmed exploited in the wild.
CVE-2026-4680,Google Chrome,8.8,0.00052,False,CVE CVE-2026-4680 affects Google Chrome. EPSS score 0.0005 indicates low exploitation probability. Not confirmed exploited in the wild.
CVE-2026-6299,Google Chrome,8.8,0.00052,False,CVE CVE-2026-6299 affects Google Chrome. EPSS score 0.0005 indicates low exploitation probability. Not confirmed exploited in the wild.
CVE-2026-6300,Google Chrome,8.8,0.00052,False,CVE CVE-2026-6300 affects Google Chrome. EPSS score 0.0005 indicates low exploitation probability. Not confirmed exploited in the wild.
CVE-2026-6302,Google Chrome,8.8,0.00052,False,CVE CVE-2026-6302 affects Google Chrome. EPSS score 0.0005 indicates low exploitation probability. Not confirmed exploited in the wild.
CVE-2026-6303,Google Chrome,8.8,0.00052,False,CVE CVE-2026-6303 affects Google Chrome. EPSS score 0.0005 indicates low exploitation probability. Not confirmed exploited in the wild.
CVE-2026-6318,Google Chrome,8.8,0.00052,False,CVE CVE-2026-6318 affects Google Chrome. EPSS score 0.0005 indicates low exploitation probability. Not confirmed exploited in the wild.
CVE-2025-11207,Google Chrome,6.5,0.00051,False,CVE CVE-2025-11207 affects Google Chrome. EPSS score 0.0005 indicates low exploitation probability. Not confirmed exploited in the wild.
CVE-2025-62463,Windows Server 2022,6.5,0.00051,False,CVE CVE-2025-62463 affects Windows Server 2022. EPSS score 0.0005 indicates low exploitation probability. Not confirmed exploited in the wild.
CVE-2025-62463,Windows 10 Pro,6.5,0.00051,False,CVE CVE-2025-62463 affects Windows 10 Pro. EPSS score 0.0005 indicates low exploitation probability. Not confirmed exploited in the wild.
CVE-2025-62465,Windows Server 2022,6.5,0.00051,False,CVE CVE-2025-62465 affects Windows Server 2022. EPSS score 0.0005 indicates low exploitation probability. Not confirmed exploited in the wild.
CVE-2026-20839,Windows Server 2022,5.5,0.00051,False,CVE CVE-2026-20839 affects Windows Server 2022. EPSS score 0.0005 indicates low exploitation probability. Not confirmed exploited in the wild.
CVE-2026-20839,Windows 10 Pro,5.5,0.00051,False,CVE CVE-2026-20839 affects Windows 10 Pro. EPSS score 0.0005 indicates low exploitation probability. Not confirmed exploited in the wild.
CVE-2026-20927,Windows Server 2022,5.3,0.00051,False,CVE CVE-2026-20927 affects Windows Server 2022. EPSS score 0.0005 indicates low exploitation probability. Not confirmed exploited in the wild.
CVE-2026-20927,Windows 10 Pro,5.3,0.00051,False,CVE CVE-2026-20927 affects Windows 10 Pro. EPSS score 0.0005 indicates low exploitation probability. Not confirmed exploited in the wild.
CVE-2026-26181,Windows Server 2022,7.8,0.00051,False,CVE CVE-2026-26181 affects Windows Server 2022. EPSS score 0.0005 indicates low exploitation probability. Not confirmed exploited in the wild.
CVE-2026-27930,Windows Server 2022,5.5,0.00051,False,CVE CVE-2026-27930 affects Windows Server 2022. EPSS score 0.0005 indicates low exploitation probability. Not confirmed exploited in the wild.
CVE-2026-27930,Windows 10 Pro,5.5,0.00051,False,CVE CVE-2026-27930 affects Windows 10 Pro. EPSS score 0.0005 indicates low exploitation probability. Not confirmed exploited in the wild.
CVE-2026-27931,Windows Server 2022,5.5,0.00051,False,CVE CVE-2026-27931 affects Windows Server 2022. EPSS score 0.0005 indicates low exploitation probability. Not confirmed exploited in the wild.
CVE-2026-27931,Windows 10 Pro,5.5,0.00051,False,CVE CVE-2026-27931 affects Windows 10 Pro. EPSS score 0.0005 indicates low exploitation probability. Not confirmed exploited in the wild.
CVE-2026-32089,Windows Server 2022,7.8,0.00051,False,CVE CVE-2026-32089 affects Windows Server 2022. EPSS score 0.0005 indicates low exploitation probability. Not confirmed exploited in the wild.
CVE-2026-32089,Windows 10 Pro,7.8,0.00051,False,CVE CVE-2026-32089 affects Windows 10 Pro. EPSS score 0.0005 indicates low exploitation probability. Not confirmed exploited in the wild.
CVE-2026-32153,Windows 10 Pro,7.8,0.00051,False,CVE CVE-2026-32153 affects Windows 10 Pro. EPSS score 0.0005 indicates low exploitation probability. Not confirmed exploited in the wild.
CVE-2025-53150,Windows Server 2022,7.8,0.0005,False,CVE CVE-2025-53150 affects Windows Server 2022. EPSS score 0.0005 indicates low exploitation probability. Not confirmed exploited in the wild.
CVE-2025-53150,Windows 10 Pro,7.8,0.0005,False,CVE CVE-2025-53150 affects Windows 10 Pro. EPSS score 0.0005 indicates low exploitation probability. Not confirmed exploited in the wild.
CVE-2025-53768,Windows 10 Pro,7.8,0.0005,False,CVE CVE-2025-53768 affects Windows 10 Pro. EPSS score 0.0005 indicates low exploitation probability. Not confirmed exploited in the wild.
CVE-2025-54919,Windows Server 2022,7.5,0.0005,False,CVE CVE-2025-54919 affects Windows Server 2022. EPSS score 0.0005 indicates low exploitation probability. Not confirmed exploited in the wild.
CVE-2025-54919,Windows 10 Pro,7.5,0.0005,False,CVE CVE-2025-54919 affects Windows 10 Pro. EPSS score 0.0005 indicates low exploitation probability. Not confirmed exploited in the wild.
CVE-2025-59253,Windows Server 2022,5.5,0.0005,False,CVE CVE-2025-59253 affects Windows Server 2022. EPSS score 0.0005 indicates low exploitation probability. Not confirmed exploited in the wild.
CVE-2025-59253,Windows 10 Pro,5.5,0.0005,False,CVE CVE-2025-59253 affects Windows 10 Pro. EPSS score 0.0005 indicates low exploitation probability. Not confirmed exploited in the wild.
CVE-2025-60726,Microsoft 365 Apps for Business,7.1,0.0005,False,CVE CVE-2025-60726 affects Microsoft 365 Apps for Business. EPSS score 0.0005 indicates low exploitation probability. Not confirmed exploited in the wild.
CVE-2025-62202,Microsoft 365 Apps for Business,7.1,0.0005,False,CVE CVE-2025-62202 affects Microsoft 365 Apps for Business. EPSS score 0.0005 indicates low exploitation probability. Not confirmed exploited in the wild.
CVE-2025-62473,Windows Server 2022,6.5,0.0005,False,CVE CVE-2025-62473 affects Windows Server 2022. EPSS score 0.0005 indicates low exploitation probability. Not confirmed exploited in the wild.
CVE-2025-62473,Windows 10 Pro,6.5,0.0005,False,CVE CVE-2025-62473 affects Windows 10 Pro. EPSS score 0.0005 indicates low exploitation probability. Not confirmed exploited in the wild.
CVE-2026-20810,Windows 10 Pro,7.8,0.0005,False,CVE CVE-2026-20810 affects Windows 10 Pro. EPSS score 0.0005 indicates low exploitation probability. Not confirmed exploited in the wild.
CVE-2026-20864,Windows Server 2022,7.8,0.0005,False,CVE CVE-2026-20864 affects Windows Server 2022. EPSS score 0.0005 indicates low exploitation probability. Not confirmed exploited in the wild.
CVE-2026-20864,Windows 10 Pro,7.8,0.0005,False,CVE CVE-2026-20864 affects Windows 10 Pro. EPSS score 0.0005 indicates low exploitation probability. Not confirmed exploited in the wild.
CVE-2026-20920,Windows Server 2022,7.8,0.0005,False,CVE CVE-2026-20920 affects Windows Server 2022. EPSS score 0.0005 indicates low exploitation probability. Not confirmed exploited in the wild.
CVE-2026-20940,Windows Server 2022,7.8,0.0005,False,CVE CVE-2026-20940 affects Windows Server 2022. EPSS score 0.0005 indicates low exploitation probability. Not confirmed exploited in the wild.
CVE-2026-20940,Windows 10 Pro,7.8,0.0005,False,CVE CVE-2026-20940 affects Windows 10 Pro. EPSS score 0.0005 indicates low exploitation probability. Not confirmed exploited in the wild.
CVE-2026-32079,Windows Server 2022,5.5,0.0005,False,CVE CVE-2026-32079 affects Windows Server 2022. EPSS score 0.0005 indicates low exploitation probability. Not confirmed exploited in the wild.
CVE-2026-32079,Windows 10 Pro,5.5,0.0005,False,CVE CVE-2026-32079 affects Windows 10 Pro. EPSS score 0.0005 indicates low exploitation probability. Not confirmed exploited in the wild.
CVE-2026-32081,Windows Server 2022,5.5,0.0005,False,CVE CVE-2026-32081 affects Windows Server 2022. EPSS score 0.0005 indicates low exploitation probability. Not confirmed exploited in the wild.
CVE-2026-32081,Windows 10 Pro,5.5,0.0005,False,CVE CVE-2026-32081 affects Windows 10 Pro. EPSS score 0.0005 indicates low exploitation probability. Not confirmed exploited in the wild.
CVE-2026-32084,Windows Server 2022,5.5,0.0005,False,CVE CVE-2026-32084 affects Windows Server 2022. EPSS score 0.0005 indicates low exploitation probability. Not confirmed exploited in the wild.
CVE-2026-32084,Windows 10 Pro,5.5,0.0005,False,CVE CVE-2026-32084 affects Windows 10 Pro. EPSS score 0.0005 indicates low exploitation probability. Not confirmed exploited in the wild.
CVE-2026-32085,Windows Server 2022,5.5,0.0005,False,CVE CVE-2026-32085 affects Windows Server 2022. EPSS score 0.0005 indicates low exploitation probability. Not confirmed exploited in the wild.
CVE-2026-32085,Windows 10 Pro,5.5,0.0005,False,CVE CVE-2026-32085 affects Windows 10 Pro. EPSS score 0.0005 indicates low exploitation probability. Not confirmed exploited in the wild.
CVE-2026-32215,Windows Server 2022,5.5,0.0005,False,CVE CVE-2026-32215 affects Windows Server 2022. EPSS score 0.0005 indicates low exploitation probability. Not confirmed exploited in the wild.
CVE-2026-32215,Windows 10 Pro,5.5,0.0005,False,CVE CVE-2026-32215 affects Windows 10 Pro. EPSS score 0.0005 indicates low exploitation probability. Not confirmed exploited in the wild.
CVE-2026-32217,Windows Server 2022,5.5,0.0005,False,CVE CVE-2026-32217 affects Windows Server 2022. EPSS score 0.0005 indicates low exploitation probability. Not confirmed exploited in the wild.
CVE-2026-32217,Windows 10 Pro,5.5,0.0005,False,CVE CVE-2026-32217 affects Windows 10 Pro. EPSS score 0.0005 indicates low exploitation probability. Not confirmed exploited in the wild.
CVE-2026-33838,Windows Server 2022,7.8,0.0005,False,CVE CVE-2026-33838 affects Windows Server 2022. EPSS score 0.0005 indicates low exploitation probability. Not confirmed exploited in the wild.
CVE-2026-33838,Windows 10 Pro,7.8,0.0005,False,CVE CVE-2026-33838 affects Windows 10 Pro. EPSS score 0.0005 indicates low exploitation probability. Not confirmed exploited in the wild.
CVE-2026-6319,Google Chrome,7.5,0.0005,False,CVE CVE-2026-6319 affects Google Chrome. EPSS score 0.0005 indicates low exploitation probability. Not confirmed exploited in the wild.
CVE-2024-49532,Adobe Acrobat Reader DC,5.5,0.00049,False,CVE CVE-2024-49532 affects Adobe Acrobat Reader DC. EPSS score 0.0005 indicates low exploitation probability. Not confirmed exploited in the wild.
CVE-2024-49533,Adobe Acrobat Reader DC,5.5,0.00049,False,CVE CVE-2024-49533 affects Adobe Acrobat Reader DC. EPSS score 0.0005 indicates low exploitation probability. Not confirmed exploited in the wild.
CVE-2025-0445,Google Chrome,5.4,0.00049,False,CVE CVE-2025-0445 affects Google Chrome. EPSS score 0.0005 indicates low exploitation probability. Not confirmed exploited in the wild.
CVE-2025-12906,Google Chrome,5.4,0.00049,False,CVE CVE-2025-12906 affects Google Chrome. EPSS score 0.0005 indicates low exploitation probability. Not confirmed exploited in the wild.
CVE-2025-25004,Windows Server 2022,7.3,0.00049,False,CVE CVE-2025-25004 affects Windows Server 2022. EPSS score 0.0005 indicates low exploitation probability. Not confirmed exploited in the wild.
CVE-2025-25004,Windows 10 Pro,7.3,0.00049,False,CVE CVE-2025-25004 affects Windows 10 Pro. EPSS score 0.0005 indicates low exploitation probability. Not confirmed exploited in the wild.
CVE-2025-55695,Windows Server 2022,5.5,0.00049,False,CVE CVE-2025-55695 affects Windows Server 2022. EPSS score 0.0005 indicates low exploitation probability. Not confirmed exploited in the wild.
CVE-2025-55695,Windows 10 Pro,5.5,0.00049,False,CVE CVE-2025-55695 affects Windows 10 Pro. EPSS score 0.0005 indicates low exploitation probability. Not confirmed exploited in the wild.
CVE-2025-59208,Windows Server 2022,7.1,0.00049,False,CVE CVE-2025-59208 affects Windows Server 2022. EPSS score 0.0005 indicates low exploitation probability. Not confirmed exploited in the wild.
CVE-2025-59208,Windows 10 Pro,7.1,0.00049,False,CVE CVE-2025-59208 affects Windows 10 Pro. EPSS score 0.0005 indicates low exploitation probability. Not confirmed exploited in the wild.
CVE-2025-60708,Windows Server 2022,6.5,0.00049,False,CVE CVE-2025-60708 affects Windows Server 2022. EPSS score 0.0005 indicates low exploitation probability. Not confirmed exploited in the wild.
CVE-2025-60708,Windows 10 Pro,6.5,0.00049,False,CVE CVE-2025-60708 affects Windows 10 Pro. EPSS score 0.0005 indicates low exploitation probability. Not confirmed exploited in the wild.
CVE-2025-60723,Windows Server 2022,6.3,0.00049,False,CVE CVE-2025-60723 affects Windows Server 2022. EPSS score 0.0005 indicates low exploitation probability. Not confirmed exploited in the wild.
CVE-2025-60723,Windows 10 Pro,6.3,0.00049,False,CVE CVE-2025-60723 affects Windows 10 Pro. EPSS score 0.0005 indicates low exploitation probability. Not confirmed exploited in the wild.
CVE-2025-67851,Moodle,6.1,0.00049,False,CVE CVE-2025-67851 affects Moodle. EPSS score 0.0005 indicates low exploitation probability. Not confirmed exploited in the wild.
CVE-2026-20937,Windows Server 2022,5.5,0.00049,False,CVE CVE-2026-20937 affects Windows Server 2022. EPSS score 0.0005 indicates low exploitation probability. Not confirmed exploited in the wild.
CVE-2026-20937,Windows 10 Pro,5.5,0.00049,False,CVE CVE-2026-20937 affects Windows 10 Pro. EPSS score 0.0005 indicates low exploitation probability. Not confirmed exploited in the wild.
CVE-2026-20939,Windows Server 2022,5.5,0.00049,False,CVE CVE-2026-20939 affects Windows Server 2022. EPSS score 0.0005 indicates low exploitation probability. Not confirmed exploited in the wild.
CVE-2026-20939,Windows 10 Pro,5.5,0.00049,False,CVE CVE-2026-20939 affects Windows 10 Pro. EPSS score 0.0005 indicates low exploitation probability. Not confirmed exploited in the wild.
CVE-2026-20948,Microsoft 365 Apps for Business,7.8,0.00049,False,CVE CVE-2026-20948 affects Microsoft 365 Apps for Business. EPSS score 0.0005 indicates low exploitation probability. Not confirmed exploited in the wild.
CVE-2026-21235,Windows Server 2022,7.3,0.00049,False,CVE CVE-2026-21235 affects Windows Server 2022. EPSS score 0.0005 indicates low exploitation probability. Not confirmed exploited in the wild.
CVE-2026-21235,Windows 10 Pro,7.3,0.00049,False,CVE CVE-2026-21235 affects Windows 10 Pro. EPSS score 0.0005 indicates low exploitation probability. Not confirmed exploited in the wild.
CVE-2026-24294,Windows Server 2022,7.8,0.00049,False,CVE CVE-2026-24294 affects Windows Server 2022. EPSS score 0.0005 indicates low exploitation probability. Not confirmed exploited in the wild.
CVE-2026-24294,Windows 10 Pro,7.8,0.00049,False,CVE CVE-2026-24294 affects Windows 10 Pro. EPSS score 0.0005 indicates low exploitation probability. Not confirmed exploited in the wild.
CVE-2026-32218,Windows Server 2022,5.5,0.00049,False,CVE CVE-2026-32218 affects Windows Server 2022. EPSS score 0.0005 indicates low exploitation probability. Not confirmed exploited in the wild.
CVE-2026-32218,Windows 10 Pro,5.5,0.00049,False,CVE CVE-2026-32218 affects Windows 10 Pro. EPSS score 0.0005 indicates low exploitation probability. Not confirmed exploited in the wild.
CVE-2026-33841,Windows Server 2022,7.8,0.00049,False,CVE CVE-2026-33841 affects Windows Server 2022. EPSS score 0.0005 indicates low exploitation probability. Not confirmed exploited in the wild.
CVE-2026-33841,Windows 10 Pro,7.8,0.00049,False,CVE CVE-2026-33841 affects Windows 10 Pro. EPSS score 0.0005 indicates low exploitation probability. Not confirmed exploited in the wild.
CVE-2026-34336,Windows Server 2022,7.8,0.00049,False,CVE CVE-2026-34336 affects Windows Server 2022. EPSS score 0.0005 indicates low exploitation probability. Not confirmed exploited in the wild.
CVE-2026-34336,Windows 10 Pro,7.8,0.00049,False,CVE CVE-2026-34336 affects Windows 10 Pro. EPSS score 0.0005 indicates low exploitation probability. Not confirmed exploited in the wild.
CVE-2026-34338,Windows Server 2022,7.8,0.00049,False,CVE CVE-2026-34338 affects Windows Server 2022. EPSS score 0.0005 indicates low exploitation probability. Not confirmed exploited in the wild.
CVE-2026-34338,Windows 10 Pro,7.8,0.00049,False,CVE CVE-2026-34338 affects Windows 10 Pro. EPSS score 0.0005 indicates low exploitation probability. Not confirmed exploited in the wild.
CVE-2026-34343,Windows Server 2022,7.8,0.00049,False,CVE CVE-2026-34343 affects Windows Server 2022. EPSS score 0.0005 indicates low exploitation probability. Not confirmed exploited in the wild.
CVE-2026-34343,Windows 10 Pro,7.8,0.00049,False,CVE CVE-2026-34343 affects Windows 10 Pro. EPSS score 0.0005 indicates low exploitation probability. Not confirmed exploited in the wild.
CVE-2026-35420,Windows Server 2022,7.8,0.00049,False,CVE CVE-2026-35420 affects Windows Server 2022. EPSS score 0.0005 indicates low exploitation probability. Not confirmed exploited in the wild.
CVE-2026-40377,Windows Server 2022,7.8,0.00049,False,CVE CVE-2026-40377 affects Windows Server 2022. EPSS score 0.0005 indicates low exploitation probability. Not confirmed exploited in the wild.
CVE-2026-40377,Windows 10 Pro,7.8,0.00049,False,CVE CVE-2026-40377 affects Windows 10 Pro. EPSS score 0.0005 indicates low exploitation probability. Not confirmed exploited in the wild.
CVE-2026-40382,Windows Server 2022,7.8,0.00049,False,CVE CVE-2026-40382 affects Windows Server 2022. EPSS score 0.0005 indicates low exploitation probability. Not confirmed exploited in the wild.
CVE-2026-40382,Windows 10 Pro,7.8,0.00049,False,CVE CVE-2026-40382 affects Windows 10 Pro. EPSS score 0.0005 indicates low exploitation probability. Not confirmed exploited in the wild.
CVE-2026-40399,Windows Server 2022,7.8,0.00049,False,CVE CVE-2026-40399 affects Windows Server 2022. EPSS score 0.0005 indicates low exploitation probability. Not confirmed exploited in the wild.
CVE-2026-40399,Windows 10 Pro,7.8,0.00049,False,CVE CVE-2026-40399 affects Windows 10 Pro. EPSS score 0.0005 indicates low exploitation probability. Not confirmed exploited in the wild.
CVE-2026-40401,Windows Server 2022,7.1,0.00049,False,CVE CVE-2026-40401 affects Windows Server 2022. EPSS score 0.0005 indicates low exploitation probability. Not confirmed exploited in the wild.
CVE-2026-40401,Windows 10 Pro,7.1,0.00049,False,CVE CVE-2026-40401 affects Windows 10 Pro. EPSS score 0.0005 indicates low exploitation probability. Not confirmed exploited in the wild.
CVE-2026-40407,Windows Server 2022,7.8,0.00049,False,CVE CVE-2026-40407 affects Windows Server 2022. EPSS score 0.0005 indicates low exploitation probability. Not confirmed exploited in the wild.
CVE-2026-40407,Windows 10 Pro,7.8,0.00049,False,CVE CVE-2026-40407 affects Windows 10 Pro. EPSS score 0.0005 indicates low exploitation probability. Not confirmed exploited in the wild.
CVE-2026-40408,Windows Server 2022,7.8,0.00049,False,CVE CVE-2026-40408 affects Windows Server 2022. EPSS score 0.0005 indicates low exploitation probability. Not confirmed exploited in the wild.
CVE-2026-40408,Windows 10 Pro,7.8,0.00049,False,CVE CVE-2026-40408 affects Windows 10 Pro. EPSS score 0.0005 indicates low exploitation probability. Not confirmed exploited in the wild.
CVE-2026-40418,Microsoft 365 Apps for Business,7.8,0.00049,False,CVE CVE-2026-40418 affects Microsoft 365 Apps for Business. EPSS score 0.0005 indicates low exploitation probability. Not confirmed exploited in the wild.
CVE-2026-40419,Microsoft 365 Apps for Business,7.8,0.00049,False,CVE CVE-2026-40419 affects Microsoft 365 Apps for Business. EPSS score 0.0005 indicates low exploitation probability. Not confirmed exploited in the wild.
CVE-2026-41095,Windows Server 2022,7.8,0.00049,False,CVE CVE-2026-41095 affects Windows Server 2022. EPSS score 0.0005 indicates low exploitation probability. Not confirmed exploited in the wild.
CVE-2026-5276,Google Chrome,6.5,0.00049,False,CVE CVE-2026-5276 affects Google Chrome. EPSS score 0.0005 indicates low exploitation probability. Not confirmed exploited in the wild.
CVE-2024-30311,Adobe Acrobat Reader DC,5.5,0.00048,False,CVE CVE-2024-30311 affects Adobe Acrobat Reader DC. EPSS score 0.0005 indicates low exploitation probability. Not confirmed exploited in the wild.
CVE-2024-34130,Adobe Acrobat Reader DC,5.5,0.00048,False,CVE CVE-2024-34130 affects Adobe Acrobat Reader DC. EPSS score 0.0005 indicates low exploitation probability. Not confirmed exploited in the wild.
CVE-2025-12429,Google Chrome,8.8,0.00048,False,CVE CVE-2025-12429 affects Google Chrome. EPSS score 0.0005 indicates low exploitation probability. Not confirmed exploited in the wild.
CVE-2025-12434,Google Chrome,4.2,0.00048,False,CVE CVE-2025-12434 affects Google Chrome. EPSS score 0.0005 indicates low exploitation probability. Not confirmed exploited in the wild.
CVE-2025-55753,Apache HTTP Server,7.5,0.00048,False,CVE CVE-2025-55753 affects Apache HTTP Server. EPSS score 0.0005 indicates low exploitation probability. Not confirmed exploited in the wild.
CVE-2025-59510,Windows Server 2022,5.5,0.00048,False,CVE CVE-2025-59510 affects Windows Server 2022. EPSS score 0.0005 indicates low exploitation probability. Not confirmed exploited in the wild.
CVE-2025-59510,Windows 10 Pro,5.5,0.00048,False,CVE CVE-2025-59510 affects Windows 10 Pro. EPSS score 0.0005 indicates low exploitation probability. Not confirmed exploited in the wild.
CVE-2025-62455,Windows 10 Pro,7.8,0.00048,False,CVE CVE-2025-62455 affects Windows 10 Pro. EPSS score 0.0005 indicates low exploitation probability. Not confirmed exploited in the wild.
CVE-2025-62552,Microsoft 365 Apps for Business,7.8,0.00048,False,CVE CVE-2025-62552 affects Microsoft 365 Apps for Business. EPSS score 0.0005 indicates low exploitation probability. Not confirmed exploited in the wild.
CVE-2026-33104,Windows Server 2022,7.0,0.00048,False,CVE CVE-2026-33104 affects Windows Server 2022. EPSS score 0.0005 indicates low exploitation probability. Not confirmed exploited in the wild.
CVE-2026-33104,Windows 10 Pro,7.0,0.00048,False,CVE CVE-2026-33104 affects Windows 10 Pro. EPSS score 0.0005 indicates low exploitation probability. Not confirmed exploited in the wild.
CVE-2026-5885,Google Chrome,6.5,0.00048,False,CVE CVE-2026-5885 affects Google Chrome. EPSS score 0.0005 indicates low exploitation probability. Not confirmed exploited in the wild.
CVE-2025-11208,Google Chrome,6.3,0.00047,False,CVE CVE-2025-11208 affects Google Chrome. EPSS score 0.0005 indicates low exploitation probability. Not confirmed exploited in the wild.
CVE-2026-0908,Google Chrome,8.8,0.00047,False,CVE CVE-2026-0908 affects Google Chrome. EPSS score 0.0005 indicates low exploitation probability. Not confirmed exploited in the wild.
CVE-2026-20930,Windows Server 2022,7.8,0.00047,False,CVE CVE-2026-20930 affects Windows Server 2022. EPSS score 0.0005 indicates low exploitation probability. Not confirmed exploited in the wild.
CVE-2026-20930,Windows 10 Pro,7.8,0.00047,False,CVE CVE-2026-20930 affects Windows 10 Pro. EPSS score 0.0005 indicates low exploitation probability. Not confirmed exploited in the wild.
CVE-2026-21222,Windows Server 2022,5.5,0.00047,False,CVE CVE-2026-21222 affects Windows Server 2022. EPSS score 0.0005 indicates low exploitation probability. Not confirmed exploited in the wild.
CVE-2026-21222,Windows 10 Pro,5.5,0.00047,False,CVE CVE-2026-21222 affects Windows 10 Pro. EPSS score 0.0005 indicates low exploitation probability. Not confirmed exploited in the wild.
CVE-2026-25172,Windows Server 2022,8.0,0.00047,False,CVE CVE-2026-25172 affects Windows Server 2022. EPSS score 0.0005 indicates low exploitation probability. Not confirmed exploited in the wild.
CVE-2026-25173,Windows Server 2022,8.0,0.00047,False,CVE CVE-2026-25173 affects Windows Server 2022. EPSS score 0.0005 indicates low exploitation probability. Not confirmed exploited in the wild.
CVE-2026-25173,Windows 10 Pro,8.0,0.00047,False,CVE CVE-2026-25173 affects Windows 10 Pro. EPSS score 0.0005 indicates low exploitation probability. Not confirmed exploited in the wild.
CVE-2026-25184,Windows Server 2022,7.0,0.00047,False,CVE CVE-2026-25184 affects Windows Server 2022. EPSS score 0.0005 indicates low exploitation probability. Not confirmed exploited in the wild.
CVE-2026-26167,Windows Server 2022,8.8,0.00047,False,CVE CVE-2026-26167 affects Windows Server 2022. EPSS score 0.0005 indicates low exploitation probability. Not confirmed exploited in the wild.
CVE-2026-26167,Windows 10 Pro,8.8,0.00047,False,CVE CVE-2026-26167 affects Windows 10 Pro. EPSS score 0.0005 indicates low exploitation probability. Not confirmed exploited in the wild.
CVE-2026-26168,Windows Server 2022,7.8,0.00047,False,CVE CVE-2026-26168 affects Windows Server 2022. EPSS score 0.0005 indicates low exploitation probability. Not confirmed exploited in the wild.
CVE-2026-26168,Windows 10 Pro,7.8,0.00047,False,CVE CVE-2026-26168 affects Windows 10 Pro. EPSS score 0.0005 indicates low exploitation probability. Not confirmed exploited in the wild.
CVE-2026-26172,Windows Server 2022,7.8,0.00047,False,CVE CVE-2026-26172 affects Windows Server 2022. EPSS score 0.0005 indicates low exploitation probability. Not confirmed exploited in the wild.
CVE-2026-26172,Windows 10 Pro,7.8,0.00047,False,CVE CVE-2026-26172 affects Windows 10 Pro. EPSS score 0.0005 indicates low exploitation probability. Not confirmed exploited in the wild.
CVE-2026-26173,Windows Server 2022,7.0,0.00047,False,CVE CVE-2026-26173 affects Windows Server 2022. EPSS score 0.0005 indicates low exploitation probability. Not confirmed exploited in the wild.
CVE-2026-26173,Windows 10 Pro,7.0,0.00047,False,CVE CVE-2026-26173 affects Windows 10 Pro. EPSS score 0.0005 indicates low exploitation probability. Not confirmed exploited in the wild.
CVE-2026-26174,Windows Server 2022,7.0,0.00047,False,CVE CVE-2026-26174 affects Windows Server 2022. EPSS score 0.0005 indicates low exploitation probability. Not confirmed exploited in the wild.
CVE-2026-26174,Windows 10 Pro,7.0,0.00047,False,CVE CVE-2026-26174 affects Windows 10 Pro. EPSS score 0.0005 indicates low exploitation probability. Not confirmed exploited in the wild.
CVE-2026-27911,Windows Server 2022,7.8,0.00047,False,CVE CVE-2026-27911 affects Windows Server 2022. EPSS score 0.0005 indicates low exploitation probability. Not confirmed exploited in the wild.
CVE-2026-27911,Windows 10 Pro,7.8,0.00047,False,CVE CVE-2026-27911 affects Windows 10 Pro. EPSS score 0.0005 indicates low exploitation probability. Not confirmed exploited in the wild.
CVE-2026-27918,Windows Server 2022,7.8,0.00047,False,CVE CVE-2026-27918 affects Windows Server 2022. EPSS score 0.0005 indicates low exploitation probability. Not confirmed exploited in the wild.
CVE-2026-27918,Windows 10 Pro,7.8,0.00047,False,CVE CVE-2026-27918 affects Windows 10 Pro. EPSS score 0.0005 indicates low exploitation probability. Not confirmed exploited in the wild.
CVE-2026-27926,Windows Server 2022,7.0,0.00047,False,CVE CVE-2026-27926 affects Windows Server 2022. EPSS score 0.0005 indicates low exploitation probability. Not confirmed exploited in the wild.
CVE-2026-27926,Windows 10 Pro,7.0,0.00047,False,CVE CVE-2026-27926 affects Windows 10 Pro. EPSS score 0.0005 indicates low exploitation probability. Not confirmed exploited in the wild.
CVE-2026-27927,Windows Server 2022,7.8,0.00047,False,CVE CVE-2026-27927 affects Windows Server 2022. EPSS score 0.0005 indicates low exploitation probability. Not confirmed exploited in the wild.
CVE-2026-27927,Windows 10 Pro,7.8,0.00047,False,CVE CVE-2026-27927 affects Windows 10 Pro. EPSS score 0.0005 indicates low exploitation probability. Not confirmed exploited in the wild.
CVE-2026-27929,Windows Server 2022,7.0,0.00047,False,CVE CVE-2026-27929 affects Windows Server 2022. EPSS score 0.0005 indicates low exploitation probability. Not confirmed exploited in the wild.
CVE-2026-27929,Windows 10 Pro,7.0,0.00047,False,CVE CVE-2026-27929 affects Windows 10 Pro. EPSS score 0.0005 indicates low exploitation probability. Not confirmed exploited in the wild.
CVE-2026-32068,Windows Server 2022,7.0,0.00047,False,CVE CVE-2026-32068 affects Windows Server 2022. EPSS score 0.0005 indicates low exploitation probability. Not confirmed exploited in the wild.
CVE-2026-32068,Windows 10 Pro,7.0,0.00047,False,CVE CVE-2026-32068 affects Windows 10 Pro. EPSS score 0.0005 indicates low exploitation probability. Not confirmed exploited in the wild.
CVE-2026-32082,Windows Server 2022,7.0,0.00047,False,CVE CVE-2026-32082 affects Windows Server 2022. EPSS score 0.0005 indicates low exploitation probability. Not confirmed exploited in the wild.
CVE-2026-32082,Windows 10 Pro,7.0,0.00047,False,CVE CVE-2026-32082 affects Windows 10 Pro. EPSS score 0.0005 indicates low exploitation probability. Not confirmed exploited in the wild.
CVE-2026-32083,Windows Server 2022,7.0,0.00047,False,CVE CVE-2026-32083 affects Windows Server 2022. EPSS score 0.0005 indicates low exploitation probability. Not confirmed exploited in the wild.
CVE-2026-32083,Windows 10 Pro,7.0,0.00047,False,CVE CVE-2026-32083 affects Windows 10 Pro. EPSS score 0.0005 indicates low exploitation probability. Not confirmed exploited in the wild.
CVE-2026-32086,Windows Server 2022,7.0,0.00047,False,CVE CVE-2026-32086 affects Windows Server 2022. EPSS score 0.0005 indicates low exploitation probability. Not confirmed exploited in the wild.
CVE-2026-32086,Windows 10 Pro,7.0,0.00047,False,CVE CVE-2026-32086 affects Windows 10 Pro. EPSS score 0.0005 indicates low exploitation probability. Not confirmed exploited in the wild.
CVE-2026-32090,Windows Server 2022,7.8,0.00047,False,CVE CVE-2026-32090 affects Windows Server 2022. EPSS score 0.0005 indicates low exploitation probability. Not confirmed exploited in the wild.
CVE-2026-32090,Windows 10 Pro,7.8,0.00047,False,CVE CVE-2026-32090 affects Windows 10 Pro. EPSS score 0.0005 indicates low exploitation probability. Not confirmed exploited in the wild.
CVE-2026-32091,Windows Server 2022,8.4,0.00047,False,CVE CVE-2026-32091 affects Windows Server 2022. EPSS score 0.0005 indicates low exploitation probability. Not confirmed exploited in the wild.
CVE-2026-32091,Windows 10 Pro,8.4,0.00047,False,CVE CVE-2026-32091 affects Windows 10 Pro. EPSS score 0.0005 indicates low exploitation probability. Not confirmed exploited in the wild.
CVE-2026-32150,Windows Server 2022,7.0,0.00047,False,CVE CVE-2026-32150 affects Windows Server 2022. EPSS score 0.0005 indicates low exploitation probability. Not confirmed exploited in the wild.
CVE-2026-32150,Windows 10 Pro,7.0,0.00047,False,CVE CVE-2026-32150 affects Windows 10 Pro. EPSS score 0.0005 indicates low exploitation probability. Not confirmed exploited in the wild.
CVE-2026-32158,Windows Server 2022,7.8,0.00047,False,CVE CVE-2026-32158 affects Windows Server 2022. EPSS score 0.0005 indicates low exploitation probability. Not confirmed exploited in the wild.
CVE-2026-32158,Windows 10 Pro,7.8,0.00047,False,CVE CVE-2026-32158 affects Windows 10 Pro. EPSS score 0.0005 indicates low exploitation probability. Not confirmed exploited in the wild.
CVE-2026-32159,Windows Server 2022,7.8,0.00047,False,CVE CVE-2026-32159 affects Windows Server 2022. EPSS score 0.0005 indicates low exploitation probability. Not confirmed exploited in the wild.
CVE-2026-32159,Windows 10 Pro,7.8,0.00047,False,CVE CVE-2026-32159 affects Windows 10 Pro. EPSS score 0.0005 indicates low exploitation probability. Not confirmed exploited in the wild.
CVE-2026-32160,Windows Server 2022,7.8,0.00047,False,CVE CVE-2026-32160 affects Windows Server 2022. EPSS score 0.0005 indicates low exploitation probability. Not confirmed exploited in the wild.
CVE-2026-32160,Windows 10 Pro,7.8,0.00047,False,CVE CVE-2026-32160 affects Windows 10 Pro. EPSS score 0.0005 indicates low exploitation probability. Not confirmed exploited in the wild.
CVE-2026-32163,Windows Server 2022,7.8,0.00047,False,CVE CVE-2026-32163 affects Windows Server 2022. EPSS score 0.0005 indicates low exploitation probability. Not confirmed exploited in the wild.
CVE-2026-32163,Windows 10 Pro,7.8,0.00047,False,CVE CVE-2026-32163 affects Windows 10 Pro. EPSS score 0.0005 indicates low exploitation probability. Not confirmed exploited in the wild.
CVE-2026-32164,Windows Server 2022,7.8,0.00047,False,CVE CVE-2026-32164 affects Windows Server 2022. EPSS score 0.0005 indicates low exploitation probability. Not confirmed exploited in the wild.
CVE-2026-32164,Windows 10 Pro,7.8,0.00047,False,CVE CVE-2026-32164 affects Windows 10 Pro. EPSS score 0.0005 indicates low exploitation probability. Not confirmed exploited in the wild.
CVE-2026-32165,Windows Server 2022,7.8,0.00047,False,CVE CVE-2026-32165 affects Windows Server 2022. EPSS score 0.0005 indicates low exploitation probability. Not confirmed exploited in the wild.
CVE-2026-32165,Windows 10 Pro,7.8,0.00047,False,CVE CVE-2026-32165 affects Windows 10 Pro. EPSS score 0.0005 indicates low exploitation probability. Not confirmed exploited in the wild.
CVE-2024-20313,Cisco IOS XE,7.4,0.00046,False,CVE CVE-2024-20313 affects Cisco IOS XE. EPSS score 0.0005 indicates low exploitation probability. Not confirmed exploited in the wild.
CVE-2025-0149,Zoom,6.5,0.00046,False,CVE CVE-2025-0149 affects Zoom. EPSS score 0.0005 indicates low exploitation probability. Not confirmed exploited in the wild.
CVE-2025-59513,Windows Server 2022,5.5,0.00046,False,CVE CVE-2025-59513 affects Windows Server 2022. EPSS score 0.0005 indicates low exploitation probability. Not confirmed exploited in the wild.
CVE-2025-59513,Windows 10 Pro,5.5,0.00046,False,CVE CVE-2025-59513 affects Windows 10 Pro. EPSS score 0.0005 indicates low exploitation probability. Not confirmed exploited in the wild.
CVE-2025-60706,Windows Server 2022,5.5,0.00046,False,CVE CVE-2025-60706 affects Windows Server 2022. EPSS score 0.0005 indicates low exploitation probability. Not confirmed exploited in the wild.
CVE-2025-60706,Windows 10 Pro,5.5,0.00046,False,CVE CVE-2025-60706 affects Windows 10 Pro. EPSS score 0.0005 indicates low exploitation probability. Not confirmed exploited in the wild.
CVE-2025-62395,Moodle,4.3,0.00046,False,CVE CVE-2025-62395 affects Moodle. EPSS score 0.0005 indicates low exploitation probability. Not confirmed exploited in the wild.
CVE-2025-62468,Windows Server 2022,5.5,0.00046,False,CVE CVE-2025-62468 affects Windows Server 2022. EPSS score 0.0005 indicates low exploitation probability. Not confirmed exploited in the wild.
CVE-2025-67848,Moodle,8.1,0.00046,False,CVE CVE-2025-67848 affects Moodle. EPSS score 0.0005 indicates low exploitation probability. Not confirmed exploited in the wild.
CVE-2026-20822,Windows Server 2022,7.8,0.00046,False,CVE CVE-2026-20822 affects Windows Server 2022. EPSS score 0.0005 indicates low exploitation probability. Not confirmed exploited in the wild.
CVE-2026-20822,Windows 10 Pro,7.8,0.00046,False,CVE CVE-2026-20822 affects Windows 10 Pro. EPSS score 0.0005 indicates low exploitation probability. Not confirmed exploited in the wild.
CVE-2026-20842,Windows Server 2022,7.0,0.00046,False,CVE CVE-2026-20842 affects Windows Server 2022. EPSS score 0.0005 indicates low exploitation probability. Not confirmed exploited in the wild.
CVE-2026-20842,Windows 10 Pro,7.0,0.00046,False,CVE CVE-2026-20842 affects Windows 10 Pro. EPSS score 0.0005 indicates low exploitation probability. Not confirmed exploited in the wild.
CVE-2026-20843,Windows Server 2022,7.8,0.00046,False,CVE CVE-2026-20843 affects Windows Server 2022. EPSS score 0.0005 indicates low exploitation probability. Not confirmed exploited in the wild.
CVE-2026-20843,Windows 10 Pro,7.8,0.00046,False,CVE CVE-2026-20843 affects Windows 10 Pro. EPSS score 0.0005 indicates low exploitation probability. Not confirmed exploited in the wild.
CVE-2026-20863,Windows Server 2022,7.0,0.00046,False,CVE CVE-2026-20863 affects Windows Server 2022. EPSS score 0.0005 indicates low exploitation probability. Not confirmed exploited in the wild.
CVE-2026-20865,Windows Server 2022,7.8,0.00046,False,CVE CVE-2026-20865 affects Windows Server 2022. EPSS score 0.0005 indicates low exploitation probability. Not confirmed exploited in the wild.
CVE-2026-20865,Windows 10 Pro,7.8,0.00046,False,CVE CVE-2026-20865 affects Windows 10 Pro. EPSS score 0.0005 indicates low exploitation probability. Not confirmed exploited in the wild.
CVE-2026-20923,Windows Server 2022,7.8,0.00046,False,CVE CVE-2026-20923 affects Windows Server 2022. EPSS score 0.0005 indicates low exploitation probability. Not confirmed exploited in the wild.
CVE-2026-20923,Windows 10 Pro,7.8,0.00046,False,CVE CVE-2026-20923 affects Windows 10 Pro. EPSS score 0.0005 indicates low exploitation probability. Not confirmed exploited in the wild.
CVE-2026-25170,Windows Server 2022,7.0,0.00046,False,CVE CVE-2026-25170 affects Windows Server 2022. EPSS score 0.0005 indicates low exploitation probability. Not confirmed exploited in the wild.
CVE-2026-25171,Windows Server 2022,7.0,0.00046,False,CVE CVE-2026-25171 affects Windows Server 2022. EPSS score 0.0005 indicates low exploitation probability. Not confirmed exploited in the wild.
CVE-2026-25171,Windows 10 Pro,7.0,0.00046,False,CVE CVE-2026-25171 affects Windows 10 Pro. EPSS score 0.0005 indicates low exploitation probability. Not confirmed exploited in the wild.
CVE-2026-25178,Windows Server 2022,7.0,0.00046,False,CVE CVE-2026-25178 affects Windows Server 2022. EPSS score 0.0005 indicates low exploitation probability. Not confirmed exploited in the wild.
CVE-2026-25178,Windows 10 Pro,7.0,0.00046,False,CVE CVE-2026-25178 affects Windows 10 Pro. EPSS score 0.0005 indicates low exploitation probability. Not confirmed exploited in the wild.
CVE-2026-25188,Windows Server 2022,8.8,0.00046,False,CVE CVE-2026-25188 affects Windows Server 2022. EPSS score 0.0005 indicates low exploitation probability. Not confirmed exploited in the wild.
CVE-2026-25188,Windows 10 Pro,8.8,0.00046,False,CVE CVE-2026-25188 affects Windows 10 Pro. EPSS score 0.0005 indicates low exploitation probability. Not confirmed exploited in the wild.
CVE-2025-12909,Google Chrome,5.3,0.00045,False,CVE CVE-2025-12909 affects Google Chrome. EPSS score 0.0004 indicates low exploitation probability. Not confirmed exploited in the wild.
CVE-2025-30663,Zoom,8.8,0.00045,False,CVE CVE-2025-30663 affects Zoom. EPSS score 0.0004 indicates low exploitation probability. Not confirmed exploited in the wild.
CVE-2025-54913,Windows Server 2022,7.8,0.00045,False,CVE CVE-2025-54913 affects Windows Server 2022. EPSS score 0.0004 indicates low exploitation probability. Not confirmed exploited in the wild.
CVE-2025-54913,Windows 10 Pro,7.8,0.00045,False,CVE CVE-2025-54913 affects Windows 10 Pro. EPSS score 0.0004 indicates low exploitation probability. Not confirmed exploited in the wild.
CVE-2025-55223,Windows Server 2022,7.0,0.00045,False,CVE CVE-2025-55223 affects Windows Server 2022. EPSS score 0.0004 indicates low exploitation probability. Not confirmed exploited in the wild.
CVE-2025-55223,Windows 10 Pro,7.0,0.00045,False,CVE CVE-2025-55223 affects Windows 10 Pro. EPSS score 0.0004 indicates low exploitation probability. Not confirmed exploited in the wild.
CVE-2025-55224,Windows Server 2022,7.8,0.00045,False,CVE CVE-2025-55224 affects Windows Server 2022. EPSS score 0.0004 indicates low exploitation probability. Not confirmed exploited in the wild.
CVE-2025-55224,Windows 10 Pro,7.8,0.00045,False,CVE CVE-2025-55224 affects Windows 10 Pro. EPSS score 0.0004 indicates low exploitation probability. Not confirmed exploited in the wild.
CVE-2025-55228,Windows Server 2022,7.8,0.00045,False,CVE CVE-2025-55228 affects Windows Server 2022. EPSS score 0.0004 indicates low exploitation probability. Not confirmed exploited in the wild.
CVE-2025-55228,Windows 10 Pro,7.8,0.00045,False,CVE CVE-2025-55228 affects Windows 10 Pro. EPSS score 0.0004 indicates low exploitation probability. Not confirmed exploited in the wild.
CVE-2025-55331,Windows Server 2022,7.0,0.00045,False,CVE CVE-2025-55331 affects Windows Server 2022. EPSS score 0.0004 indicates low exploitation probability. Not confirmed exploited in the wild.
CVE-2025-55331,Windows 10 Pro,7.0,0.00045,False,CVE CVE-2025-55331 affects Windows 10 Pro. EPSS score 0.0004 indicates low exploitation probability. Not confirmed exploited in the wild.
CVE-2025-55678,Windows Server 2022,7.0,0.00045,False,CVE CVE-2025-55678 affects Windows Server 2022. EPSS score 0.0004 indicates low exploitation probability. Not confirmed exploited in the wild.
CVE-2025-55678,Windows 10 Pro,7.0,0.00045,False,CVE CVE-2025-55678 affects Windows 10 Pro. EPSS score 0.0004 indicates low exploitation probability. Not confirmed exploited in the wild.
CVE-2025-55685,Windows Server 2022,7.0,0.00045,False,CVE CVE-2025-55685 affects Windows Server 2022. EPSS score 0.0004 indicates low exploitation probability. Not confirmed exploited in the wild.
CVE-2025-55685,Windows 10 Pro,7.0,0.00045,False,CVE CVE-2025-55685 affects Windows 10 Pro. EPSS score 0.0004 indicates low exploitation probability. Not confirmed exploited in the wild.
CVE-2025-55686,Windows Server 2022,7.0,0.00045,False,CVE CVE-2025-55686 affects Windows Server 2022. EPSS score 0.0004 indicates low exploitation probability. Not confirmed exploited in the wild.
CVE-2025-55686,Windows 10 Pro,7.0,0.00045,False,CVE CVE-2025-55686 affects Windows 10 Pro. EPSS score 0.0004 indicates low exploitation probability. Not confirmed exploited in the wild.
CVE-2025-55689,Windows Server 2022,7.0,0.00045,False,CVE CVE-2025-55689 affects Windows Server 2022. EPSS score 0.0004 indicates low exploitation probability. Not confirmed exploited in the wild.
CVE-2025-55689,Windows 10 Pro,7.0,0.00045,False,CVE CVE-2025-55689 affects Windows 10 Pro. EPSS score 0.0004 indicates low exploitation probability. Not confirmed exploited in the wild.
CVE-2025-58135,Zoom,5.3,0.00045,False,CVE CVE-2025-58135 affects Zoom. EPSS score 0.0004 indicates low exploitation probability. Not confirmed exploited in the wild.
CVE-2025-58725,Windows Server 2022,7.0,0.00045,False,CVE CVE-2025-58725 affects Windows Server 2022. EPSS score 0.0004 indicates low exploitation probability. Not confirmed exploited in the wild.
CVE-2025-58725,Windows 10 Pro,7.0,0.00045,False,CVE CVE-2025-58725 affects Windows 10 Pro. EPSS score 0.0004 indicates low exploitation probability. Not confirmed exploited in the wild.
CVE-2025-59202,Windows Server 2022,7.0,0.00045,False,CVE CVE-2025-59202 affects Windows Server 2022. EPSS score 0.0004 indicates low exploitation probability. Not confirmed exploited in the wild.
CVE-2025-59202,Windows 10 Pro,7.0,0.00045,False,CVE CVE-2025-59202 affects Windows 10 Pro. EPSS score 0.0004 indicates low exploitation probability. Not confirmed exploited in the wild.
CVE-2025-59240,Microsoft 365 Apps for Business,5.5,0.00045,False,CVE CVE-2025-59240 affects Microsoft 365 Apps for Business. EPSS score 0.0004 indicates low exploitation probability. Not confirmed exploited in the wild.
CVE-2025-59289,Windows Server 2022,7.0,0.00045,False,CVE CVE-2025-59289 affects Windows Server 2022. EPSS score 0.0004 indicates low exploitation probability. Not confirmed exploited in the wild.
CVE-2025-59289,Windows 10 Pro,7.0,0.00045,False,CVE CVE-2025-59289 affects Windows 10 Pro. EPSS score 0.0004 indicates low exploitation probability. Not confirmed exploited in the wild.
CVE-2025-60704,Windows Server 2022,7.5,0.00045,False,CVE CVE-2025-60704 affects Windows Server 2022. EPSS score 0.0004 indicates low exploitation probability. Not confirmed exploited in the wild.
CVE-2025-60704,Windows 10 Pro,7.5,0.00045,False,CVE CVE-2025-60704 affects Windows 10 Pro. EPSS score 0.0004 indicates low exploitation probability. Not confirmed exploited in the wild.
CVE-2025-60728,Microsoft 365 Apps for Business,4.3,0.00045,False,CVE CVE-2025-60728 affects Microsoft 365 Apps for Business. EPSS score 0.0004 indicates low exploitation probability. Not confirmed exploited in the wild.
CVE-2025-62396,Moodle,5.3,0.00045,False,CVE CVE-2025-62396 affects Moodle. EPSS score 0.0004 indicates low exploitation probability. Not confirmed exploited in the wild.
CVE-2026-20944,Microsoft 365 Apps for Business,8.4,0.00045,False,CVE CVE-2026-20944 affects Microsoft 365 Apps for Business. EPSS score 0.0004 indicates low exploitation probability. Not confirmed exploited in the wild.
CVE-2026-20946,Microsoft 365 Apps for Business,7.8,0.00045,False,CVE CVE-2026-20946 affects Microsoft 365 Apps for Business. EPSS score 0.0004 indicates low exploitation probability. Not confirmed exploited in the wild.
CVE-2026-27220,Adobe Acrobat Reader DC,7.8,0.00045,False,CVE CVE-2026-27220 affects Adobe Acrobat Reader DC. EPSS score 0.0004 indicates low exploitation probability. Not confirmed exploited in the wild.
CVE-2026-27278,Adobe Acrobat Reader DC,7.8,0.00045,False,CVE CVE-2026-27278 affects Adobe Acrobat Reader DC. EPSS score 0.0004 indicates low exploitation probability. Not confirmed exploited in the wild.
CVE-2026-32181,Windows Server 2022,5.5,0.00045,False,CVE CVE-2026-32181 affects Windows Server 2022. EPSS score 0.0004 indicates low exploitation probability. Not confirmed exploited in the wild.
CVE-2026-32181,Windows 10 Pro,5.5,0.00045,False,CVE CVE-2026-32181 affects Windows 10 Pro. EPSS score 0.0004 indicates low exploitation probability. Not confirmed exploited in the wild.
CVE-2026-32214,Windows Server 2022,5.5,0.00045,False,CVE CVE-2026-32214 affects Windows Server 2022. EPSS score 0.0004 indicates low exploitation probability. Not confirmed exploited in the wild.
CVE-2026-32214,Windows 10 Pro,5.5,0.00045,False,CVE CVE-2026-32214 affects Windows 10 Pro. EPSS score 0.0004 indicates low exploitation probability. Not confirmed exploited in the wild.
CVE-2026-33834,Windows Server 2022,7.8,0.00045,False,CVE CVE-2026-33834 affects Windows Server 2022. EPSS score 0.0004 indicates low exploitation probability. Not confirmed exploited in the wild.
CVE-2026-33834,Windows 10 Pro,7.8,0.00045,False,CVE CVE-2026-33834 affects Windows 10 Pro. EPSS score 0.0004 indicates low exploitation probability. Not confirmed exploited in the wild.
CVE-2026-34340,Windows Server 2022,7.0,0.00045,False,CVE CVE-2026-34340 affects Windows Server 2022. EPSS score 0.0004 indicates low exploitation probability. Not confirmed exploited in the wild.
CVE-2026-34340,Windows 10 Pro,7.0,0.00045,False,CVE CVE-2026-34340 affects Windows 10 Pro. EPSS score 0.0004 indicates low exploitation probability. Not confirmed exploited in the wild.
CVE-2026-34341,Windows Server 2022,7.0,0.00045,False,CVE CVE-2026-34341 affects Windows Server 2022. EPSS score 0.0004 indicates low exploitation probability. Not confirmed exploited in the wild.
CVE-2026-34341,Windows 10 Pro,7.0,0.00045,False,CVE CVE-2026-34341 affects Windows 10 Pro. EPSS score 0.0004 indicates low exploitation probability. Not confirmed exploited in the wild.
CVE-2026-34347,Windows Server 2022,7.0,0.00045,False,CVE CVE-2026-34347 affects Windows Server 2022. EPSS score 0.0004 indicates low exploitation probability. Not confirmed exploited in the wild.
CVE-2026-34347,Windows 10 Pro,7.0,0.00045,False,CVE CVE-2026-34347 affects Windows 10 Pro. EPSS score 0.0004 indicates low exploitation probability. Not confirmed exploited in the wild.
CVE-2026-35436,Microsoft 365 Apps for Business,8.8,0.00045,False,CVE CVE-2026-35436 affects Microsoft 365 Apps for Business. EPSS score 0.0004 indicates low exploitation probability. Not confirmed exploited in the wild.
CVE-2026-40410,Windows Server 2022,7.0,0.00045,False,CVE CVE-2026-40410 affects Windows Server 2022. EPSS score 0.0004 indicates low exploitation probability. Not confirmed exploited in the wild.
CVE-2026-40410,Windows 10 Pro,7.0,0.00045,False,CVE CVE-2026-40410 affects Windows 10 Pro. EPSS score 0.0004 indicates low exploitation probability. Not confirmed exploited in the wild.
CVE-2026-40420,Microsoft 365 Apps for Business,8.8,0.00045,False,CVE CVE-2026-40420 affects Microsoft 365 Apps for Business. EPSS score 0.0004 indicates low exploitation probability. Not confirmed exploited in the wild.
CVE-2026-42825,Windows Server 2022,7.0,0.00045,False,CVE CVE-2026-42825 affects Windows Server 2022. EPSS score 0.0004 indicates low exploitation probability. Not confirmed exploited in the wild.
CVE-2026-42825,Windows 10 Pro,7.0,0.00045,False,CVE CVE-2026-42825 affects Windows 10 Pro. EPSS score 0.0004 indicates low exploitation probability. Not confirmed exploited in the wild.
CVE-2026-4450,Google Chrome,8.8,0.00045,False,CVE CVE-2026-4450 affects Google Chrome. EPSS score 0.0004 indicates low exploitation probability. Not confirmed exploited in the wild.
CVE-2026-7953,Google Chrome,6.1,0.00045,False,CVE CVE-2026-7953 affects Google Chrome. EPSS score 0.0004 indicates low exploitation probability. Not confirmed exploited in the wild.
CVE-2026-7962,Google Chrome,5.4,0.00045,False,CVE CVE-2026-7962 affects Google Chrome. EPSS score 0.0004 indicates low exploitation probability. Not confirmed exploited in the wild.
CVE-2026-7964,Google Chrome,4.2,0.00045,False,CVE CVE-2026-7964 affects Google Chrome. EPSS score 0.0004 indicates low exploitation probability. Not confirmed exploited in the wild.
CVE-2026-7965,Google Chrome,3.1,0.00045,False,CVE CVE-2026-7965 affects Google Chrome. EPSS score 0.0004 indicates low exploitation probability. Not confirmed exploited in the wild.
CVE-2026-8013,Google Chrome,4.3,0.00045,False,CVE CVE-2026-8013 affects Google Chrome. EPSS score 0.0004 indicates low exploitation probability. Not confirmed exploited in the wild.
CVE-2026-8583,Google Chrome,5.3,0.00045,False,CVE CVE-2026-8583 affects Google Chrome. EPSS score 0.0004 indicates low exploitation probability. Not confirmed exploited in the wild.
CVE-2025-12430,Google Chrome,7.5,0.00044,False,CVE CVE-2025-12430 affects Google Chrome. EPSS score 0.0004 indicates low exploitation probability. Not confirmed exploited in the wild.
CVE-2025-14372,Google Chrome,6.1,0.00044,False,CVE CVE-2025-14372 affects Google Chrome. EPSS score 0.0004 indicates low exploitation probability. Not confirmed exploited in the wild.
CVE-2025-9865,Google Chrome,5.4,0.00044,False,CVE CVE-2025-9865 affects Google Chrome. EPSS score 0.0004 indicates low exploitation probability. Not confirmed exploited in the wild.
CVE-2026-1504,Google Chrome,6.5,0.00044,False,CVE CVE-2026-1504 affects Google Chrome. EPSS score 0.0004 indicates low exploitation probability. Not confirmed exploited in the wild.
CVE-2026-20817,Windows Server 2022,7.8,0.00044,False,CVE CVE-2026-20817 affects Windows Server 2022. EPSS score 0.0004 indicates low exploitation probability. Not confirmed exploited in the wild.
CVE-2026-20817,Windows 10 Pro,7.8,0.00044,False,CVE CVE-2026-20817 affects Windows 10 Pro. EPSS score 0.0004 indicates low exploitation probability. Not confirmed exploited in the wild.
CVE-2026-24285,Windows Server 2022,7.0,0.00044,False,CVE CVE-2026-24285 affects Windows Server 2022. EPSS score 0.0004 indicates low exploitation probability. Not confirmed exploited in the wild.
CVE-2026-24285,Windows 10 Pro,7.0,0.00044,False,CVE CVE-2026-24285 affects Windows 10 Pro. EPSS score 0.0004 indicates low exploitation probability. Not confirmed exploited in the wild.
CVE-2026-24291,Windows Server 2022,7.8,0.00044,False,CVE CVE-2026-24291 affects Windows Server 2022. EPSS score 0.0004 indicates low exploitation probability. Not confirmed exploited in the wild.
CVE-2026-24291,Windows 10 Pro,7.8,0.00044,False,CVE CVE-2026-24291 affects Windows 10 Pro. EPSS score 0.0004 indicates low exploitation probability. Not confirmed exploited in the wild.
CVE-2026-4441,Google Chrome,8.8,0.00044,False,CVE CVE-2026-4441 affects Google Chrome. EPSS score 0.0004 indicates low exploitation probability. Not confirmed exploited in the wild.
CVE-2026-4676,Google Chrome,8.8,0.00044,False,CVE CVE-2026-4676 affects Google Chrome. EPSS score 0.0004 indicates low exploitation probability. Not confirmed exploited in the wild.
CVE-2026-8010,Google Chrome,6.3,0.00044,False,CVE CVE-2026-8010 affects Google Chrome. EPSS score 0.0004 indicates low exploitation probability. Not confirmed exploited in the wild.
CVE-2025-11458,Google Chrome,8.1,0.00043,False,CVE CVE-2025-11458 affects Google Chrome. EPSS score 0.0004 indicates low exploitation probability. Not confirmed exploited in the wild.
CVE-2025-55340,Windows Server 2022,7.0,0.00043,False,CVE CVE-2025-55340 affects Windows Server 2022. EPSS score 0.0004 indicates low exploitation probability. Not confirmed exploited in the wild.
CVE-2025-55340,Windows 10 Pro,7.0,0.00043,False,CVE CVE-2025-55340 affects Windows 10 Pro. EPSS score 0.0004 indicates low exploitation probability. Not confirmed exploited in the wild.
CVE-2025-62401,Moodle,5.4,0.00043,False,CVE CVE-2025-62401 affects Moodle. EPSS score 0.0004 indicates low exploitation probability. Not confirmed exploited in the wild.
CVE-2026-24072,Apache HTTP Server,8.8,0.00043,False,CVE CVE-2026-24072 affects Apache HTTP Server. EPSS score 0.0004 indicates low exploitation probability. Not confirmed exploited in the wild.
CVE-2026-28387,OpenSSL,8.1,0.00043,False,CVE CVE-2026-28387 affects OpenSSL. EPSS score 0.0004 indicates low exploitation probability. Not confirmed exploited in the wild.
CVE-2024-45107,Adobe Acrobat Reader DC,5.5,0.00042,False,CVE CVE-2024-45107 affects Adobe Acrobat Reader DC. EPSS score 0.0004 indicates low exploitation probability. Not confirmed exploited in the wild.
CVE-2025-59280,Windows Server 2022,3.1,0.00042,False,CVE CVE-2025-59280 affects Windows Server 2022. EPSS score 0.0004 indicates low exploitation probability. Not confirmed exploited in the wild.
CVE-2025-59280,Windows 10 Pro,3.1,0.00042,False,CVE CVE-2025-59280 affects Windows 10 Pro. EPSS score 0.0004 indicates low exploitation probability. Not confirmed exploited in the wild.
CVE-2025-64678,Windows Server 2022,8.8,0.00042,False,CVE CVE-2025-64678 affects Windows Server 2022. EPSS score 0.0004 indicates low exploitation probability. Not confirmed exploited in the wild.
CVE-2025-64678,Windows 10 Pro,8.8,0.00042,False,CVE CVE-2025-64678 affects Windows 10 Pro. EPSS score 0.0004 indicates low exploitation probability. Not confirmed exploited in the wild.
CVE-2026-20833,Windows Server 2022,5.5,0.00042,False,CVE CVE-2026-20833 affects Windows Server 2022. EPSS score 0.0004 indicates low exploitation probability. Not confirmed exploited in the wild.
CVE-2026-21242,Windows Server 2022,7.0,0.00042,False,CVE CVE-2026-21242 affects Windows Server 2022. EPSS score 0.0004 indicates low exploitation probability. Not confirmed exploited in the wild.
CVE-2026-21242,Windows 10 Pro,7.0,0.00042,False,CVE CVE-2026-21242 affects Windows 10 Pro. EPSS score 0.0004 indicates low exploitation probability. Not confirmed exploited in the wild.
CVE-2026-25186,Windows Server 2022,5.5,0.00042,False,CVE CVE-2026-25186 affects Windows Server 2022. EPSS score 0.0004 indicates low exploitation probability. Not confirmed exploited in the wild.
CVE-2026-25186,Windows 10 Pro,5.5,0.00042,False,CVE CVE-2026-25186 affects Windows 10 Pro. EPSS score 0.0004 indicates low exploitation probability. Not confirmed exploited in the wild.
CVE-2026-32162,Windows Server 2022,8.4,0.00042,False,CVE CVE-2026-32162 affects Windows Server 2022. EPSS score 0.0004 indicates low exploitation probability. Not confirmed exploited in the wild.
CVE-2026-32162,Windows 10 Pro,8.4,0.00042,False,CVE CVE-2026-32162 affects Windows 10 Pro. EPSS score 0.0004 indicates low exploitation probability. Not confirmed exploited in the wild.
CVE-2026-34339,Windows Server 2022,5.5,0.00042,False,CVE CVE-2026-34339 affects Windows Server 2022. EPSS score 0.0004 indicates low exploitation probability. Not confirmed exploited in the wild.
CVE-2026-34339,Windows 10 Pro,5.5,0.00042,False,CVE CVE-2026-34339 affects Windows 10 Pro. EPSS score 0.0004 indicates low exploitation probability. Not confirmed exploited in the wild.
CVE-2026-35440,Microsoft 365 Apps for Business,5.5,0.00042,False,CVE CVE-2026-35440 affects Microsoft 365 Apps for Business. EPSS score 0.0004 indicates low exploitation probability. Not confirmed exploited in the wild.
CVE-2026-3941,Google Chrome,4.3,0.00042,False,CVE CVE-2026-3941 affects Google Chrome. EPSS score 0.0004 indicates low exploitation probability. Not confirmed exploited in the wild.
CVE-2026-4454,Google Chrome,8.8,0.00042,False,CVE CVE-2026-4454 affects Google Chrome. EPSS score 0.0004 indicates low exploitation probability. Not confirmed exploited in the wild.
CVE-2026-4678,Google Chrome,8.8,0.00042,False,CVE CVE-2026-4678 affects Google Chrome. EPSS score 0.0004 indicates low exploitation probability. Not confirmed exploited in the wild.
CVE-2026-6304,Google Chrome,8.3,0.00042,False,CVE CVE-2026-6304 affects Google Chrome. EPSS score 0.0004 indicates low exploitation probability. Not confirmed exploited in the wild.
CVE-2026-6309,Google Chrome,8.3,0.00042,False,CVE CVE-2026-6309 affects Google Chrome. EPSS score 0.0004 indicates low exploitation probability. Not confirmed exploited in the wild.
CVE-2026-6310,Google Chrome,8.3,0.00042,False,CVE CVE-2026-6310 affects Google Chrome. EPSS score 0.0004 indicates low exploitation probability. Not confirmed exploited in the wild.
CVE-2024-0809,Google Chrome,4.3,0.00041,False,CVE CVE-2024-0809 affects Google Chrome. EPSS score 0.0004 indicates low exploitation probability. Not confirmed exploited in the wild.
CVE-2025-54257,Adobe Acrobat Reader DC,7.8,0.00041,False,CVE CVE-2025-54257 affects Adobe Acrobat Reader DC. EPSS score 0.0004 indicates low exploitation probability. Not confirmed exploited in the wild.
CVE-2025-60709,Windows Server 2022,7.8,0.00041,False,CVE CVE-2025-60709 affects Windows Server 2022. EPSS score 0.0004 indicates low exploitation probability. Not confirmed exploited in the wild.
CVE-2025-60709,Windows 10 Pro,7.8,0.00041,False,CVE CVE-2025-60709 affects Windows 10 Pro. EPSS score 0.0004 indicates low exploitation probability. Not confirmed exploited in the wild.
CVE-2025-66200,Apache HTTP Server,5.4,0.00041,False,CVE CVE-2025-66200 affects Apache HTTP Server. EPSS score 0.0004 indicates low exploitation probability. Not confirmed exploited in the wild.
CVE-2026-24289,Windows Server 2022,7.8,0.00041,False,CVE CVE-2026-24289 affects Windows Server 2022. EPSS score 0.0004 indicates low exploitation probability. Not confirmed exploited in the wild.
CVE-2026-24289,Windows 10 Pro,7.8,0.00041,False,CVE CVE-2026-24289 affects Windows 10 Pro. EPSS score 0.0004 indicates low exploitation probability. Not confirmed exploited in the wild.
CVE-2026-25180,Windows Server 2022,5.5,0.00041,False,CVE CVE-2026-25180 affects Windows Server 2022. EPSS score 0.0004 indicates low exploitation probability. Not confirmed exploited in the wild.
CVE-2026-25180,Windows 10 Pro,5.5,0.00041,False,CVE CVE-2026-25180 affects Windows 10 Pro. EPSS score 0.0004 indicates low exploitation probability. Not confirmed exploited in the wild.
CVE-2026-33839,Windows Server 2022,7.0,0.00041,False,CVE CVE-2026-33839 affects Windows Server 2022. EPSS score 0.0004 indicates low exploitation probability. Not confirmed exploited in the wild.
CVE-2026-33839,Windows 10 Pro,7.0,0.00041,False,CVE CVE-2026-33839 affects Windows 10 Pro. EPSS score 0.0004 indicates low exploitation probability. Not confirmed exploited in the wild.
CVE-2026-34331,Windows Server 2022,7.0,0.00041,False,CVE CVE-2026-34331 affects Windows Server 2022. EPSS score 0.0004 indicates low exploitation probability. Not confirmed exploited in the wild.
CVE-2026-34331,Windows 10 Pro,7.0,0.00041,False,CVE CVE-2026-34331 affects Windows 10 Pro. EPSS score 0.0004 indicates low exploitation probability. Not confirmed exploited in the wild.
CVE-2026-34334,Windows Server 2022,7.8,0.00041,False,CVE CVE-2026-34334 affects Windows Server 2022. EPSS score 0.0004 indicates low exploitation probability. Not confirmed exploited in the wild.
CVE-2026-34334,Windows 10 Pro,7.8,0.00041,False,CVE CVE-2026-34334 affects Windows 10 Pro. EPSS score 0.0004 indicates low exploitation probability. Not confirmed exploited in the wild.
CVE-2026-34337,Windows Server 2022,7.8,0.00041,False,CVE CVE-2026-34337 affects Windows Server 2022. EPSS score 0.0004 indicates low exploitation probability. Not confirmed exploited in the wild.
CVE-2026-34337,Windows 10 Pro,7.8,0.00041,False,CVE CVE-2026-34337 affects Windows 10 Pro. EPSS score 0.0004 indicates low exploitation probability. Not confirmed exploited in the wild.
CVE-2026-34342,Windows Server 2022,7.0,0.00041,False,CVE CVE-2026-34342 affects Windows Server 2022. EPSS score 0.0004 indicates low exploitation probability. Not confirmed exploited in the wild.
CVE-2026-34342,Windows 10 Pro,7.0,0.00041,False,CVE CVE-2026-34342 affects Windows 10 Pro. EPSS score 0.0004 indicates low exploitation probability. Not confirmed exploited in the wild.
CVE-2026-34345,Windows Server 2022,7.0,0.00041,False,CVE CVE-2026-34345 affects Windows Server 2022. EPSS score 0.0004 indicates low exploitation probability. Not confirmed exploited in the wild.
CVE-2026-34345,Windows 10 Pro,7.0,0.00041,False,CVE CVE-2026-34345 affects Windows 10 Pro. EPSS score 0.0004 indicates low exploitation probability. Not confirmed exploited in the wild.
CVE-2026-34351,Windows Server 2022,7.8,0.00041,False,CVE CVE-2026-34351 affects Windows Server 2022. EPSS score 0.0004 indicates low exploitation probability. Not confirmed exploited in the wild.
CVE-2026-34351,Windows 10 Pro,7.8,0.00041,False,CVE CVE-2026-34351 affects Windows 10 Pro. EPSS score 0.0004 indicates low exploitation probability. Not confirmed exploited in the wild.
CVE-2026-35418,Windows Server 2022,7.8,0.00041,False,CVE CVE-2026-35418 affects Windows Server 2022. EPSS score 0.0004 indicates low exploitation probability. Not confirmed exploited in the wild.
CVE-2026-35418,Windows 10 Pro,7.8,0.00041,False,CVE CVE-2026-35418 affects Windows 10 Pro. EPSS score 0.0004 indicates low exploitation probability. Not confirmed exploited in the wild.
CVE-2026-4449,Google Chrome,8.8,0.00041,False,CVE CVE-2026-4449 affects Google Chrome. EPSS score 0.0004 indicates low exploitation probability. Not confirmed exploited in the wild.
CVE-2026-4456,Google Chrome,8.8,0.00041,False,CVE CVE-2026-4456 affects Google Chrome. EPSS score 0.0004 indicates low exploitation probability. Not confirmed exploited in the wild.
CVE-2026-4679,Google Chrome,8.8,0.00041,False,CVE CVE-2026-4679 affects Google Chrome. EPSS score 0.0004 indicates low exploitation probability. Not confirmed exploited in the wild.
CVE-2026-5919,Google Chrome,6.5,0.00041,False,CVE CVE-2026-5919 affects Google Chrome. EPSS score 0.0004 indicates low exploitation probability. Not confirmed exploited in the wild.
CVE-2026-8011,Google Chrome,4.3,0.00041,False,CVE CVE-2026-8011 affects Google Chrome. EPSS score 0.0004 indicates low exploitation probability. Not confirmed exploited in the wild.
CVE-2026-8014,Google Chrome,4.3,0.00041,False,CVE CVE-2026-8014 affects Google Chrome. EPSS score 0.0004 indicates low exploitation probability. Not confirmed exploited in the wild.
CVE-2024-20354,Cisco IOS XE,4.7,0.0004,False,CVE CVE-2024-20354 affects Cisco IOS XE. EPSS score 0.0004 indicates low exploitation probability. Not confirmed exploited in the wild.
CVE-2026-2648,Google Chrome,8.8,0.0004,False,CVE CVE-2026-2648 affects Google Chrome. EPSS score 0.0004 indicates low exploitation probability. Not confirmed exploited in the wild.
CVE-2026-32209,Windows Server 2022,4.4,0.0004,False,CVE CVE-2026-32209 affects Windows Server 2022. EPSS score 0.0004 indicates low exploitation probability. Not confirmed exploited in the wild.
CVE-2026-32209,Windows 10 Pro,4.4,0.0004,False,CVE CVE-2026-32209 affects Windows 10 Pro. EPSS score 0.0004 indicates low exploitation probability. Not confirmed exploited in the wild.
CVE-2026-3938,Google Chrome,4.3,0.0004,False,CVE CVE-2026-3938 affects Google Chrome. EPSS score 0.0004 indicates low exploitation probability. Not confirmed exploited in the wild.
CVE-2026-8009,Google Chrome,5.0,0.0004,False,CVE CVE-2026-8009 affects Google Chrome. EPSS score 0.0004 indicates low exploitation probability. Not confirmed exploited in the wild.
CVE-2024-30312,Adobe Acrobat Reader DC,5.5,0.00039,False,CVE CVE-2024-30312 affects Adobe Acrobat Reader DC. EPSS score 0.0004 indicates low exploitation probability. Not confirmed exploited in the wild.
CVE-2025-27164,Adobe Acrobat Reader DC,5.5,0.00039,False,CVE CVE-2025-27164 affects Adobe Acrobat Reader DC. EPSS score 0.0004 indicates low exploitation probability. Not confirmed exploited in the wild.
CVE-2025-59515,Windows Server 2022,7.0,0.00039,False,CVE CVE-2025-59515 affects Windows Server 2022. EPSS score 0.0004 indicates low exploitation probability. Not confirmed exploited in the wild.
CVE-2025-59515,Windows 10 Pro,7.0,0.00039,False,CVE CVE-2025-59515 affects Windows 10 Pro. EPSS score 0.0004 indicates low exploitation probability. Not confirmed exploited in the wild.
CVE-2025-60716,Windows Server 2022,7.0,0.00039,False,CVE CVE-2025-60716 affects Windows Server 2022. EPSS score 0.0004 indicates low exploitation probability. Not confirmed exploited in the wild.
CVE-2025-60716,Windows 10 Pro,7.0,0.00039,False,CVE CVE-2025-60716 affects Windows 10 Pro. EPSS score 0.0004 indicates low exploitation probability. Not confirmed exploited in the wild.
CVE-2025-60717,Windows Server 2022,7.0,0.00039,False,CVE CVE-2025-60717 affects Windows Server 2022. EPSS score 0.0004 indicates low exploitation probability. Not confirmed exploited in the wild.
CVE-2025-60717,Windows 10 Pro,7.0,0.00039,False,CVE CVE-2025-60717 affects Windows 10 Pro. EPSS score 0.0004 indicates low exploitation probability. Not confirmed exploited in the wild.
CVE-2025-62569,Windows Server 2022,7.0,0.00039,False,CVE CVE-2025-62569 affects Windows Server 2022. EPSS score 0.0004 indicates low exploitation probability. Not confirmed exploited in the wild.
CVE-2026-20809,Windows Server 2022,7.8,0.00039,False,CVE CVE-2026-20809 affects Windows Server 2022. EPSS score 0.0004 indicates low exploitation probability. Not confirmed exploited in the wild.
CVE-2026-20809,Windows 10 Pro,7.8,0.00039,False,CVE CVE-2026-20809 affects Windows 10 Pro. EPSS score 0.0004 indicates low exploitation probability. Not confirmed exploited in the wild.
CVE-2026-20832,Windows Server 2022,7.8,0.00039,False,CVE CVE-2026-20832 affects Windows Server 2022. EPSS score 0.0004 indicates low exploitation probability. Not confirmed exploited in the wild.
CVE-2026-20832,Windows 10 Pro,7.8,0.00039,False,CVE CVE-2026-20832 affects Windows 10 Pro. EPSS score 0.0004 indicates low exploitation probability. Not confirmed exploited in the wild.
CVE-2026-20840,Windows Server 2022,7.8,0.00039,False,CVE CVE-2026-20840 affects Windows Server 2022. EPSS score 0.0004 indicates low exploitation probability. Not confirmed exploited in the wild.
CVE-2026-20840,Windows 10 Pro,7.8,0.00039,False,CVE CVE-2026-20840 affects Windows 10 Pro. EPSS score 0.0004 indicates low exploitation probability. Not confirmed exploited in the wild.
CVE-2026-20857,Windows Server 2022,7.8,0.00039,False,CVE CVE-2026-20857 affects Windows Server 2022. EPSS score 0.0004 indicates low exploitation probability. Not confirmed exploited in the wild.
CVE-2026-20857,Windows 10 Pro,7.8,0.00039,False,CVE CVE-2026-20857 affects Windows 10 Pro. EPSS score 0.0004 indicates low exploitation probability. Not confirmed exploited in the wild.
CVE-2026-20922,Windows Server 2022,7.8,0.00039,False,CVE CVE-2026-20922 affects Windows Server 2022. EPSS score 0.0004 indicates low exploitation probability. Not confirmed exploited in the wild.
CVE-2026-20922,Windows 10 Pro,7.8,0.00039,False,CVE CVE-2026-20922 affects Windows 10 Pro. EPSS score 0.0004 indicates low exploitation probability. Not confirmed exploited in the wild.
CVE-2026-20950,Microsoft 365 Apps for Business,7.8,0.00039,False,CVE CVE-2026-20950 affects Microsoft 365 Apps for Business. EPSS score 0.0004 indicates low exploitation probability. Not confirmed exploited in the wild.
CVE-2026-21232,Windows Server 2022,7.8,0.00039,False,CVE CVE-2026-21232 affects Windows Server 2022. EPSS score 0.0004 indicates low exploitation probability. Not confirmed exploited in the wild.
CVE-2026-21236,Windows Server 2022,7.8,0.00039,False,CVE CVE-2026-21236 affects Windows Server 2022. EPSS score 0.0004 indicates low exploitation probability. Not confirmed exploited in the wild.
CVE-2026-21236,Windows 10 Pro,7.8,0.00039,False,CVE CVE-2026-21236 affects Windows 10 Pro. EPSS score 0.0004 indicates low exploitation probability. Not confirmed exploited in the wild.
CVE-2026-21239,Windows Server 2022,7.8,0.00039,False,CVE CVE-2026-21239 affects Windows Server 2022. EPSS score 0.0004 indicates low exploitation probability. Not confirmed exploited in the wild.
CVE-2026-21239,Windows 10 Pro,7.8,0.00039,False,CVE CVE-2026-21239 affects Windows 10 Pro. EPSS score 0.0004 indicates low exploitation probability. Not confirmed exploited in the wild.
CVE-2026-21251,Windows Server 2022,7.8,0.00039,False,CVE CVE-2026-21251 affects Windows Server 2022. EPSS score 0.0004 indicates low exploitation probability. Not confirmed exploited in the wild.
CVE-2026-3919,Google Chrome,8.8,0.00039,False,CVE CVE-2026-3919 affects Google Chrome. EPSS score 0.0004 indicates low exploitation probability. Not confirmed exploited in the wild.
CVE-2026-3929,Google Chrome,3.1,0.00039,False,CVE CVE-2026-3929 affects Google Chrome. EPSS score 0.0004 indicates low exploitation probability. Not confirmed exploited in the wild.
CVE-2026-6301,Google Chrome,8.8,0.00039,False,CVE CVE-2026-6301 affects Google Chrome. EPSS score 0.0004 indicates low exploitation probability. Not confirmed exploited in the wild.
CVE-2026-6307,Google Chrome,8.8,0.00039,False,CVE CVE-2026-6307 affects Google Chrome. EPSS score 0.0004 indicates low exploitation probability. Not confirmed exploited in the wild.
CVE-2026-6314,Google Chrome,8.3,0.00039,False,CVE CVE-2026-6314 affects Google Chrome. EPSS score 0.0004 indicates low exploitation probability. Not confirmed exploited in the wild.
CVE-2024-11117,Google Chrome,4.3,0.00038,False,CVE CVE-2024-11117 affects Google Chrome. EPSS score 0.0004 indicates low exploitation probability. Not confirmed exploited in the wild.
CVE-2025-11211,Google Chrome,7.5,0.00038,False,CVE CVE-2025-11211 affects Google Chrome. EPSS score 0.0004 indicates low exploitation probability. Not confirmed exploited in the wild.
CVE-2025-11215,Google Chrome,4.3,0.00038,False,CVE CVE-2025-11215 affects Google Chrome. EPSS score 0.0004 indicates low exploitation probability. Not confirmed exploited in the wild.
CVE-2026-0901,Google Chrome,5.4,0.00038,False,CVE CVE-2026-0901 affects Google Chrome. EPSS score 0.0004 indicates low exploitation probability. Not confirmed exploited in the wild.
CVE-2026-0903,Google Chrome,5.4,0.00038,False,CVE CVE-2026-0903 affects Google Chrome. EPSS score 0.0004 indicates low exploitation probability. Not confirmed exploited in the wild.
CVE-2026-0904,Google Chrome,5.4,0.00038,False,CVE CVE-2026-0904 affects Google Chrome. EPSS score 0.0004 indicates low exploitation probability. Not confirmed exploited in the wild.
CVE-2026-25190,Windows Server 2022,7.8,0.00038,False,CVE CVE-2026-25190 affects Windows Server 2022. EPSS score 0.0004 indicates low exploitation probability. Not confirmed exploited in the wild.
CVE-2026-25190,Windows 10 Pro,7.8,0.00038,False,CVE CVE-2026-25190 affects Windows 10 Pro. EPSS score 0.0004 indicates low exploitation probability. Not confirmed exploited in the wild.
CVE-2026-5876,Google Chrome,6.5,0.00038,False,CVE CVE-2026-5876 affects Google Chrome. EPSS score 0.0004 indicates low exploitation probability. Not confirmed exploited in the wild.
CVE-2026-5887,Google Chrome,4.3,0.00038,False,CVE CVE-2026-5887 affects Google Chrome. EPSS score 0.0004 indicates low exploitation probability. Not confirmed exploited in the wild.
CVE-2024-34101,Adobe Acrobat Reader DC,5.5,0.00037,False,CVE CVE-2024-34101 affects Adobe Acrobat Reader DC. EPSS score 0.0004 indicates low exploitation probability. Not confirmed exploited in the wild.
CVE-2025-24431,Adobe Acrobat Reader DC,5.5,0.00037,False,CVE CVE-2025-24431 affects Adobe Acrobat Reader DC. EPSS score 0.0004 indicates low exploitation probability. Not confirmed exploited in the wild.
CVE-2026-20820,Windows Server 2022,7.8,0.00037,False,CVE CVE-2026-20820 affects Windows Server 2022. EPSS score 0.0004 indicates low exploitation probability. Not confirmed exploited in the wild.
CVE-2026-20820,Windows 10 Pro,7.8,0.00037,False,CVE CVE-2026-20820 affects Windows 10 Pro. EPSS score 0.0004 indicates low exploitation probability. Not confirmed exploited in the wild.
CVE-2026-2315,Google Chrome,8.8,0.00037,False,CVE CVE-2026-2315 affects Google Chrome. EPSS score 0.0004 indicates low exploitation probability. Not confirmed exploited in the wild.
CVE-2026-25179,Windows Server 2022,7.0,0.00037,False,CVE CVE-2026-25179 affects Windows Server 2022. EPSS score 0.0004 indicates low exploitation probability. Not confirmed exploited in the wild.
CVE-2026-25179,Windows 10 Pro,7.0,0.00037,False,CVE CVE-2026-25179 affects Windows 10 Pro. EPSS score 0.0004 indicates low exploitation probability. Not confirmed exploited in the wild.
CVE-2026-4446,Google Chrome,8.8,0.00037,False,CVE CVE-2026-4446 affects Google Chrome. EPSS score 0.0004 indicates low exploitation probability. Not confirmed exploited in the wild.
CVE-2026-5911,Google Chrome,4.3,0.00037,False,CVE CVE-2026-5911 affects Google Chrome. EPSS score 0.0004 indicates low exploitation probability. Not confirmed exploited in the wild.
CVE-2026-6308,Google Chrome,7.5,0.00037,False,CVE CVE-2026-6308 affects Google Chrome. EPSS score 0.0004 indicates low exploitation probability. Not confirmed exploited in the wild.
CVE-2026-8516,Google Chrome,5.3,0.00037,False,CVE CVE-2026-8516 affects Google Chrome. EPSS score 0.0004 indicates low exploitation probability. Not confirmed exploited in the wild.
CVE-2024-1674,Google Chrome,8.8,0.00036,False,CVE CVE-2024-1674 affects Google Chrome. EPSS score 0.0004 indicates low exploitation probability. Not confirmed exploited in the wild.
CVE-2024-20309,Cisco IOS XE,5.6,0.00036,False,CVE CVE-2024-20309 affects Cisco IOS XE. EPSS score 0.0004 indicates low exploitation probability. Not confirmed exploited in the wild.
CVE-2024-7980,Google Chrome,7.8,0.00036,False,CVE CVE-2024-7980 affects Google Chrome. EPSS score 0.0004 indicates low exploitation probability. Not confirmed exploited in the wild.
CVE-2025-49456,Zoom,6.2,0.00036,False,CVE CVE-2025-49456 affects Zoom. EPSS score 0.0004 indicates low exploitation probability. Not confirmed exploited in the wild.
CVE-2025-55328,Windows Server 2022,7.8,0.00036,False,CVE CVE-2025-55328 affects Windows Server 2022. EPSS score 0.0004 indicates low exploitation probability. Not confirmed exploited in the wild.
CVE-2025-55328,Windows 10 Pro,7.8,0.00036,False,CVE CVE-2025-55328 affects Windows 10 Pro. EPSS score 0.0004 indicates low exploitation probability. Not confirmed exploited in the wild.
CVE-2025-55680,Windows Server 2022,7.8,0.00036,False,CVE CVE-2025-55680 affects Windows Server 2022. EPSS score 0.0004 indicates low exploitation probability. Not confirmed exploited in the wild.
CVE-2025-55680,Windows 10 Pro,7.8,0.00036,False,CVE CVE-2025-55680 affects Windows 10 Pro. EPSS score 0.0004 indicates low exploitation probability. Not confirmed exploited in the wild.
CVE-2025-58719,Windows Server 2022,4.7,0.00036,False,CVE CVE-2025-58719 affects Windows Server 2022. EPSS score 0.0004 indicates low exploitation probability. Not confirmed exploited in the wild.
CVE-2025-58719,Windows 10 Pro,4.7,0.00036,False,CVE CVE-2025-58719 affects Windows 10 Pro. EPSS score 0.0004 indicates low exploitation probability. Not confirmed exploited in the wild.
CVE-2025-58720,Windows Server 2022,7.8,0.00036,False,CVE CVE-2025-58720 affects Windows Server 2022. EPSS score 0.0004 indicates low exploitation probability. Not confirmed exploited in the wild.
CVE-2025-58720,Windows 10 Pro,7.8,0.00036,False,CVE CVE-2025-58720 affects Windows 10 Pro. EPSS score 0.0004 indicates low exploitation probability. Not confirmed exploited in the wild.
CVE-2025-58727,Windows Server 2022,7.0,0.00036,False,CVE CVE-2025-58727 affects Windows Server 2022. EPSS score 0.0004 indicates low exploitation probability. Not confirmed exploited in the wild.
CVE-2025-58727,Windows 10 Pro,7.0,0.00036,False,CVE CVE-2025-58727 affects Windows 10 Pro. EPSS score 0.0004 indicates low exploitation probability. Not confirmed exploited in the wild.
CVE-2025-59193,Windows Server 2022,7.0,0.00036,False,CVE CVE-2025-59193 affects Windows Server 2022. EPSS score 0.0004 indicates low exploitation probability. Not confirmed exploited in the wild.
CVE-2025-59193,Windows 10 Pro,7.0,0.00036,False,CVE CVE-2025-59193 affects Windows 10 Pro. EPSS score 0.0004 indicates low exploitation probability. Not confirmed exploited in the wild.
CVE-2025-59205,Windows Server 2022,7.0,0.00036,False,CVE CVE-2025-59205 affects Windows Server 2022. EPSS score 0.0004 indicates low exploitation probability. Not confirmed exploited in the wild.
CVE-2025-59205,Windows 10 Pro,7.0,0.00036,False,CVE CVE-2025-59205 affects Windows 10 Pro. EPSS score 0.0004 indicates low exploitation probability. Not confirmed exploited in the wild.
CVE-2025-59261,Windows Server 2022,7.0,0.00036,False,CVE CVE-2025-59261 affects Windows Server 2022. EPSS score 0.0004 indicates low exploitation probability. Not confirmed exploited in the wild.
CVE-2026-20808,Windows Server 2022,7.0,0.00036,False,CVE CVE-2026-20808 affects Windows Server 2022. EPSS score 0.0004 indicates low exploitation probability. Not confirmed exploited in the wild.
CVE-2026-20814,Windows Server 2022,7.0,0.00036,False,CVE CVE-2026-20814 affects Windows Server 2022. EPSS score 0.0004 indicates low exploitation probability. Not confirmed exploited in the wild.
CVE-2026-20814,Windows 10 Pro,7.0,0.00036,False,CVE CVE-2026-20814 affects Windows 10 Pro. EPSS score 0.0004 indicates low exploitation probability. Not confirmed exploited in the wild.
CVE-2026-20826,Windows Server 2022,7.8,0.00036,False,CVE CVE-2026-20826 affects Windows Server 2022. EPSS score 0.0004 indicates low exploitation probability. Not confirmed exploited in the wild.
CVE-2026-20826,Windows 10 Pro,7.8,0.00036,False,CVE CVE-2026-20826 affects Windows 10 Pro. EPSS score 0.0004 indicates low exploitation probability. Not confirmed exploited in the wild.
CVE-2026-20831,Windows Server 2022,7.8,0.00036,False,CVE CVE-2026-20831 affects Windows Server 2022. EPSS score 0.0004 indicates low exploitation probability. Not confirmed exploited in the wild.
CVE-2026-20831,Windows 10 Pro,7.8,0.00036,False,CVE CVE-2026-20831 affects Windows 10 Pro. EPSS score 0.0004 indicates low exploitation probability. Not confirmed exploited in the wild.
CVE-2026-20836,Windows Server 2022,7.0,0.00036,False,CVE CVE-2026-20836 affects Windows Server 2022. EPSS score 0.0004 indicates low exploitation probability. Not confirmed exploited in the wild.
CVE-2026-20836,Windows 10 Pro,7.0,0.00036,False,CVE CVE-2026-20836 affects Windows 10 Pro. EPSS score 0.0004 indicates low exploitation probability. Not confirmed exploited in the wild.
CVE-2026-20858,Windows Server 2022,7.8,0.00036,False,CVE CVE-2026-20858 affects Windows Server 2022. EPSS score 0.0004 indicates low exploitation probability. Not confirmed exploited in the wild.
CVE-2026-20858,Windows 10 Pro,7.8,0.00036,False,CVE CVE-2026-20858 affects Windows 10 Pro. EPSS score 0.0004 indicates low exploitation probability. Not confirmed exploited in the wild.
CVE-2026-20861,Windows Server 2022,7.8,0.00036,False,CVE CVE-2026-20861 affects Windows Server 2022. EPSS score 0.0004 indicates low exploitation probability. Not confirmed exploited in the wild.
CVE-2026-20861,Windows 10 Pro,7.8,0.00036,False,CVE CVE-2026-20861 affects Windows 10 Pro. EPSS score 0.0004 indicates low exploitation probability. Not confirmed exploited in the wild.
CVE-2026-20866,Windows Server 2022,7.8,0.00036,False,CVE CVE-2026-20866 affects Windows Server 2022. EPSS score 0.0004 indicates low exploitation probability. Not confirmed exploited in the wild.
CVE-2026-20866,Windows 10 Pro,7.8,0.00036,False,CVE CVE-2026-20866 affects Windows 10 Pro. EPSS score 0.0004 indicates low exploitation probability. Not confirmed exploited in the wild.
CVE-2026-20867,Windows Server 2022,7.8,0.00036,False,CVE CVE-2026-20867 affects Windows Server 2022. EPSS score 0.0004 indicates low exploitation probability. Not confirmed exploited in the wild.
CVE-2026-20867,Windows 10 Pro,7.8,0.00036,False,CVE CVE-2026-20867 affects Windows 10 Pro. EPSS score 0.0004 indicates low exploitation probability. Not confirmed exploited in the wild.
CVE-2026-20869,Windows Server 2022,7.0,0.00036,False,CVE CVE-2026-20869 affects Windows Server 2022. EPSS score 0.0004 indicates low exploitation probability. Not confirmed exploited in the wild.
CVE-2026-20869,Windows 10 Pro,7.0,0.00036,False,CVE CVE-2026-20869 affects Windows 10 Pro. EPSS score 0.0004 indicates low exploitation probability. Not confirmed exploited in the wild.
CVE-2026-20873,Windows Server 2022,7.8,0.00036,False,CVE CVE-2026-20873 affects Windows Server 2022. EPSS score 0.0004 indicates low exploitation probability. Not confirmed exploited in the wild.
CVE-2026-20873,Windows 10 Pro,7.8,0.00036,False,CVE CVE-2026-20873 affects Windows 10 Pro. EPSS score 0.0004 indicates low exploitation probability. Not confirmed exploited in the wild.
CVE-2026-20874,Windows Server 2022,7.8,0.00036,False,CVE CVE-2026-20874 affects Windows Server 2022. EPSS score 0.0004 indicates low exploitation probability. Not confirmed exploited in the wild.
CVE-2026-20874,Windows 10 Pro,7.8,0.00036,False,CVE CVE-2026-20874 affects Windows 10 Pro. EPSS score 0.0004 indicates low exploitation probability. Not confirmed exploited in the wild.
CVE-2026-20877,Windows Server 2022,7.8,0.00036,False,CVE CVE-2026-20877 affects Windows Server 2022. EPSS score 0.0004 indicates low exploitation probability. Not confirmed exploited in the wild.
CVE-2026-20877,Windows 10 Pro,7.8,0.00036,False,CVE CVE-2026-20877 affects Windows 10 Pro. EPSS score 0.0004 indicates low exploitation probability. Not confirmed exploited in the wild.
CVE-2026-20918,Windows Server 2022,7.8,0.00036,False,CVE CVE-2026-20918 affects Windows Server 2022. EPSS score 0.0004 indicates low exploitation probability. Not confirmed exploited in the wild.
CVE-2026-20918,Windows 10 Pro,7.8,0.00036,False,CVE CVE-2026-20918 affects Windows 10 Pro. EPSS score 0.0004 indicates low exploitation probability. Not confirmed exploited in the wild.
CVE-2026-20924,Windows Server 2022,7.8,0.00036,False,CVE CVE-2026-20924 affects Windows Server 2022. EPSS score 0.0004 indicates low exploitation probability. Not confirmed exploited in the wild.
CVE-2026-20924,Windows 10 Pro,7.8,0.00036,False,CVE CVE-2026-20924 affects Windows 10 Pro. EPSS score 0.0004 indicates low exploitation probability. Not confirmed exploited in the wild.
CVE-2026-21255,Windows Server 2022,8.8,0.00036,False,CVE CVE-2026-21255 affects Windows Server 2022. EPSS score 0.0004 indicates low exploitation probability. Not confirmed exploited in the wild.
CVE-2026-21255,Windows 10 Pro,8.8,0.00036,False,CVE CVE-2026-21255 affects Windows 10 Pro. EPSS score 0.0004 indicates low exploitation probability. Not confirmed exploited in the wild.
CVE-2026-23671,Windows Server 2022,7.0,0.00036,False,CVE CVE-2026-23671 affects Windows Server 2022. EPSS score 0.0004 indicates low exploitation probability. Not confirmed exploited in the wild.
CVE-2026-23671,Windows 10 Pro,7.0,0.00036,False,CVE CVE-2026-23671 affects Windows 10 Pro. EPSS score 0.0004 indicates low exploitation probability. Not confirmed exploited in the wild.
CVE-2026-24295,Windows Server 2022,7.0,0.00036,False,CVE CVE-2026-24295 affects Windows Server 2022. EPSS score 0.0004 indicates low exploitation probability. Not confirmed exploited in the wild.
CVE-2026-24295,Windows 10 Pro,7.0,0.00036,False,CVE CVE-2026-24295 affects Windows 10 Pro. EPSS score 0.0004 indicates low exploitation probability. Not confirmed exploited in the wild.
CVE-2026-24296,Windows Server 2022,7.0,0.00036,False,CVE CVE-2026-24296 affects Windows Server 2022. EPSS score 0.0004 indicates low exploitation probability. Not confirmed exploited in the wild.
CVE-2026-24296,Windows 10 Pro,7.0,0.00036,False,CVE CVE-2026-24296 affects Windows 10 Pro. EPSS score 0.0004 indicates low exploitation probability. Not confirmed exploited in the wild.
CVE-2026-24297,Windows 10 Pro,6.5,0.00036,False,CVE CVE-2026-24297 affects Windows 10 Pro. EPSS score 0.0004 indicates low exploitation probability. Not confirmed exploited in the wild.
CVE-2026-26132,Windows Server 2022,7.8,0.00036,False,CVE CVE-2026-26132 affects Windows Server 2022. EPSS score 0.0004 indicates low exploitation probability. Not confirmed exploited in the wild.
CVE-2026-26132,Windows 10 Pro,7.8,0.00036,False,CVE CVE-2026-26132 affects Windows 10 Pro. EPSS score 0.0004 indicates low exploitation probability. Not confirmed exploited in the wild.
CVE-2026-4447,Google Chrome,8.8,0.00036,False,CVE CVE-2026-4447 affects Google Chrome. EPSS score 0.0004 indicates low exploitation probability. Not confirmed exploited in the wild.
CVE-2026-4464,Google Chrome,8.8,0.00036,False,CVE CVE-2026-4464 affects Google Chrome. EPSS score 0.0004 indicates low exploitation probability. Not confirmed exploited in the wild.
CVE-2026-7943,Google Chrome,4.2,0.00036,False,CVE CVE-2026-7943 affects Google Chrome. EPSS score 0.0004 indicates low exploitation probability. Not confirmed exploited in the wild.
CVE-2026-7955,Google Chrome,5.3,0.00036,False,CVE CVE-2026-7955 affects Google Chrome. EPSS score 0.0004 indicates low exploitation probability. Not confirmed exploited in the wild.
CVE-2026-7966,Google Chrome,3.1,0.00036,False,CVE CVE-2026-7966 affects Google Chrome. EPSS score 0.0004 indicates low exploitation probability. Not confirmed exploited in the wild.
CVE-2026-7968,Google Chrome,3.1,0.00036,False,CVE CVE-2026-7968 affects Google Chrome. EPSS score 0.0004 indicates low exploitation probability. Not confirmed exploited in the wild.
CVE-2026-7989,Google Chrome,4.2,0.00036,False,CVE CVE-2026-7989 affects Google Chrome. EPSS score 0.0004 indicates low exploitation probability. Not confirmed exploited in the wild.
CVE-2026-8020,Google Chrome,5.3,0.00036,False,CVE CVE-2026-8020 affects Google Chrome. EPSS score 0.0004 indicates low exploitation probability. Not confirmed exploited in the wild.
CVE-2024-20510,Cisco IOS XE,4.7,0.00035,False,CVE CVE-2024-20510 affects Cisco IOS XE. EPSS score 0.0003 indicates low exploitation probability. Not confirmed exploited in the wild.
CVE-2025-13097,Google Chrome,5.4,0.00035,False,CVE CVE-2025-13097 affects Google Chrome. EPSS score 0.0003 indicates low exploitation probability. Not confirmed exploited in the wild.
CVE-2025-55335,Windows Server 2022,7.4,0.00035,False,CVE CVE-2025-55335 affects Windows Server 2022. EPSS score 0.0003 indicates low exploitation probability. Not confirmed exploited in the wild.
CVE-2025-55335,Windows 10 Pro,7.4,0.00035,False,CVE CVE-2025-55335 affects Windows 10 Pro. EPSS score 0.0003 indicates low exploitation probability. Not confirmed exploited in the wild.
CVE-2025-55687,Windows Server 2022,7.4,0.00035,False,CVE CVE-2025-55687 affects Windows Server 2022. EPSS score 0.0003 indicates low exploitation probability. Not confirmed exploited in the wild.
CVE-2025-55687,Windows 10 Pro,7.4,0.00035,False,CVE CVE-2025-55687 affects Windows 10 Pro. EPSS score 0.0003 indicates low exploitation probability. Not confirmed exploited in the wild.
CVE-2025-59195,Windows Server 2022,7.0,0.00035,False,CVE CVE-2025-59195 affects Windows Server 2022. EPSS score 0.0003 indicates low exploitation probability. Not confirmed exploited in the wild.
CVE-2025-59195,Windows 10 Pro,7.0,0.00035,False,CVE CVE-2025-59195 affects Windows 10 Pro. EPSS score 0.0003 indicates low exploitation probability. Not confirmed exploited in the wild.
CVE-2025-59196,Windows Server 2022,7.0,0.00035,False,CVE CVE-2025-59196 affects Windows Server 2022. EPSS score 0.0003 indicates low exploitation probability. Not confirmed exploited in the wild.
CVE-2025-59196,Windows 10 Pro,7.0,0.00035,False,CVE CVE-2025-59196 affects Windows 10 Pro. EPSS score 0.0003 indicates low exploitation probability. Not confirmed exploited in the wild.
CVE-2026-0899,Google Chrome,8.8,0.00035,False,CVE CVE-2026-0899 affects Google Chrome. EPSS score 0.0003 indicates low exploitation probability. Not confirmed exploited in the wild.
CVE-2026-0900,Google Chrome,8.8,0.00035,False,CVE CVE-2026-0900 affects Google Chrome. EPSS score 0.0003 indicates low exploitation probability. Not confirmed exploited in the wild.
CVE-2026-20816,Windows Server 2022,7.8,0.00035,False,CVE CVE-2026-20816 affects Windows Server 2022. EPSS score 0.0003 indicates low exploitation probability. Not confirmed exploited in the wild.
CVE-2026-20816,Windows 10 Pro,7.8,0.00035,False,CVE CVE-2026-20816 affects Windows 10 Pro. EPSS score 0.0003 indicates low exploitation probability. Not confirmed exploited in the wild.
CVE-2026-20844,Windows Server 2022,7.4,0.00035,False,CVE CVE-2026-20844 affects Windows Server 2022. EPSS score 0.0003 indicates low exploitation probability. Not confirmed exploited in the wild.
CVE-2026-20844,Windows 10 Pro,7.4,0.00035,False,CVE CVE-2026-20844 affects Windows 10 Pro. EPSS score 0.0003 indicates low exploitation probability. Not confirmed exploited in the wild.
CVE-2026-20853,Windows 10 Pro,7.4,0.00035,False,CVE CVE-2026-20853 affects Windows 10 Pro. EPSS score 0.0003 indicates low exploitation probability. Not confirmed exploited in the wild.
CVE-2026-20952,Microsoft 365 Apps for Business,8.4,0.00035,False,CVE CVE-2026-20952 affects Microsoft 365 Apps for Business. EPSS score 0.0003 indicates low exploitation probability. Not confirmed exploited in the wild.
CVE-2026-20953,Microsoft 365 Apps for Business,8.4,0.00035,False,CVE CVE-2026-20953 affects Microsoft 365 Apps for Business. EPSS score 0.0003 indicates low exploitation probability. Not confirmed exploited in the wild.
CVE-2026-21238,Windows Server 2022,7.8,0.00035,False,CVE CVE-2026-21238 affects Windows Server 2022. EPSS score 0.0003 indicates low exploitation probability. Not confirmed exploited in the wild.
CVE-2026-21238,Windows 10 Pro,7.8,0.00035,False,CVE CVE-2026-21238 affects Windows 10 Pro. EPSS score 0.0003 indicates low exploitation probability. Not confirmed exploited in the wild.
CVE-2026-23672,Windows Server 2022,7.8,0.00035,False,CVE CVE-2026-23672 affects Windows Server 2022. EPSS score 0.0003 indicates low exploitation probability. Not confirmed exploited in the wild.
CVE-2026-23672,Windows 10 Pro,7.8,0.00035,False,CVE CVE-2026-23672 affects Windows 10 Pro. EPSS score 0.0003 indicates low exploitation probability. Not confirmed exploited in the wild.
CVE-2026-23673,Windows Server 2022,7.8,0.00035,False,CVE CVE-2026-23673 affects Windows Server 2022. EPSS score 0.0003 indicates low exploitation probability. Not confirmed exploited in the wild.
CVE-2026-23673,Windows 10 Pro,7.8,0.00035,False,CVE CVE-2026-23673 affects Windows 10 Pro. EPSS score 0.0003 indicates low exploitation probability. Not confirmed exploited in the wild.
CVE-2026-2318,Google Chrome,6.5,0.00035,False,CVE CVE-2026-2318 affects Google Chrome. EPSS score 0.0003 indicates low exploitation probability. Not confirmed exploited in the wild.
CVE-2026-2320,Google Chrome,6.5,0.00035,False,CVE CVE-2026-2320 affects Google Chrome. EPSS score 0.0003 indicates low exploitation probability. Not confirmed exploited in the wild.
CVE-2026-24293,Windows Server 2022,7.8,0.00035,False,CVE CVE-2026-24293 affects Windows Server 2022. EPSS score 0.0003 indicates low exploitation probability. Not confirmed exploited in the wild.
CVE-2026-24293,Windows 10 Pro,7.8,0.00035,False,CVE CVE-2026-24293 affects Windows 10 Pro. EPSS score 0.0003 indicates low exploitation probability. Not confirmed exploited in the wild.
CVE-2026-25165,Windows Server 2022,7.8,0.00035,False,CVE CVE-2026-25165 affects Windows Server 2022. EPSS score 0.0003 indicates low exploitation probability. Not confirmed exploited in the wild.
CVE-2026-25165,Windows 10 Pro,7.8,0.00035,False,CVE CVE-2026-25165 affects Windows 10 Pro. EPSS score 0.0003 indicates low exploitation probability. Not confirmed exploited in the wild.
CVE-2026-3061,Google Chrome,9.1,0.00035,False,CVE CVE-2026-3061 affects Google Chrome. EPSS score 0.0003 indicates low exploitation probability. Not confirmed exploited in the wild.
CVE-2026-3062,Google Chrome,9.8,0.00035,False,CVE CVE-2026-3062 affects Google Chrome. EPSS score 0.0003 indicates low exploitation probability. Not confirmed exploited in the wild.
CVE-2026-31790,OpenSSL,7.5,0.00035,False,CVE CVE-2026-31790 affects OpenSSL. EPSS score 0.0003 indicates low exploitation probability. Not confirmed exploited in the wild.
CVE-2026-3927,Google Chrome,4.3,0.00035,False,CVE CVE-2026-3927 affects Google Chrome. EPSS score 0.0003 indicates low exploitation probability. Not confirmed exploited in the wild.
CVE-2026-3937,Google Chrome,6.5,0.00035,False,CVE CVE-2026-3937 affects Google Chrome. EPSS score 0.0003 indicates low exploitation probability. Not confirmed exploited in the wild.
CVE-2026-3942,Google Chrome,4.3,0.00035,False,CVE CVE-2026-3942 affects Google Chrome. EPSS score 0.0003 indicates low exploitation probability. Not confirmed exploited in the wild.
CVE-2026-8521,Google Chrome,7.5,0.00035,False,CVE CVE-2026-8521 affects Google Chrome. EPSS score 0.0003 indicates low exploitation probability. Not confirmed exploited in the wild.
CVE-2024-24694,Zoom,5.9,0.00034,False,CVE CVE-2024-24694 affects Zoom. EPSS score 0.0003 indicates low exploitation probability. Not confirmed exploited in the wild.
CVE-2025-11219,Google Chrome,3.1,0.00034,False,CVE CVE-2025-11219 affects Google Chrome. EPSS score 0.0003 indicates low exploitation probability. Not confirmed exploited in the wild.
CVE-2025-1915,Google Chrome,8.1,0.00034,False,CVE CVE-2025-1915 affects Google Chrome. EPSS score 0.0003 indicates low exploitation probability. Not confirmed exploited in the wild.
CVE-2025-55696,Windows Server 2022,7.8,0.00034,False,CVE CVE-2025-55696 affects Windows Server 2022. EPSS score 0.0003 indicates low exploitation probability. Not confirmed exploited in the wild.
CVE-2025-55696,Windows 10 Pro,7.8,0.00034,False,CVE CVE-2025-55696 affects Windows 10 Pro. EPSS score 0.0003 indicates low exploitation probability. Not confirmed exploited in the wild.
CVE-2025-64658,Windows Server 2022,7.5,0.00034,False,CVE CVE-2025-64658 affects Windows Server 2022. EPSS score 0.0003 indicates low exploitation probability. Not confirmed exploited in the wild.
CVE-2025-64658,Windows 10 Pro,7.5,0.00034,False,CVE CVE-2025-64658 affects Windows 10 Pro. EPSS score 0.0003 indicates low exploitation probability. Not confirmed exploited in the wild.
CVE-2025-8881,Google Chrome,6.5,0.00034,False,CVE CVE-2025-8881 affects Google Chrome. EPSS score 0.0003 indicates low exploitation probability. Not confirmed exploited in the wild.
CVE-2026-1861,Google Chrome,8.8,0.00034,False,CVE CVE-2026-1861 affects Google Chrome. EPSS score 0.0003 indicates low exploitation probability. Not confirmed exploited in the wild.
CVE-2026-25169,Windows Server 2022,6.2,0.00034,False,CVE CVE-2026-25169 affects Windows Server 2022. EPSS score 0.0003 indicates low exploitation probability. Not confirmed exploited in the wild.
CVE-2026-25169,Windows 10 Pro,6.2,0.00034,False,CVE CVE-2026-25169 affects Windows 10 Pro. EPSS score 0.0003 indicates low exploitation probability. Not confirmed exploited in the wild.
CVE-2026-28388,OpenSSL,7.5,0.00034,False,CVE CVE-2026-28388 affects OpenSSL. EPSS score 0.0003 indicates low exploitation probability. Not confirmed exploited in the wild.
CVE-2026-4445,Google Chrome,8.8,0.00034,False,CVE CVE-2026-4445 affects Google Chrome. EPSS score 0.0003 indicates low exploitation probability. Not confirmed exploited in the wild.
CVE-2026-5900,Google Chrome,4.3,0.00034,False,CVE CVE-2026-5900 affects Google Chrome. EPSS score 0.0003 indicates low exploitation probability. Not confirmed exploited in the wild.
CVE-2026-5903,Google Chrome,6.5,0.00034,False,CVE CVE-2026-5903 affects Google Chrome. EPSS score 0.0003 indicates low exploitation probability. Not confirmed exploited in the wild.
CVE-2026-6305,Google Chrome,8.8,0.00034,False,CVE CVE-2026-6305 affects Google Chrome. EPSS score 0.0003 indicates low exploitation probability. Not confirmed exploited in the wild.
CVE-2026-6306,Google Chrome,8.8,0.00034,False,CVE CVE-2026-6306 affects Google Chrome. EPSS score 0.0003 indicates low exploitation probability. Not confirmed exploited in the wild.
CVE-2026-7946,Google Chrome,4.3,0.00034,False,CVE CVE-2026-7946 affects Google Chrome. EPSS score 0.0003 indicates low exploitation probability. Not confirmed exploited in the wild.
CVE-2025-14373,Google Chrome,4.3,0.00033,False,CVE CVE-2025-14373 affects Google Chrome. EPSS score 0.0003 indicates low exploitation probability. Not confirmed exploited in the wild.
CVE-2025-4609,Google Chrome,9.6,0.00033,False,CVE CVE-2025-4609 affects Google Chrome. EPSS score 0.0003 indicates low exploitation probability. Not confirmed exploited in the wild.
CVE-2025-58134,Zoom,4.3,0.00033,False,CVE CVE-2025-58134 affects Zoom. EPSS score 0.0003 indicates low exploitation probability. Not confirmed exploited in the wild.
CVE-2026-2316,Google Chrome,6.5,0.00033,False,CVE CVE-2026-2316 affects Google Chrome. EPSS score 0.0003 indicates low exploitation probability. Not confirmed exploited in the wild.
CVE-2026-26113,Microsoft 365 Apps for Business,8.4,0.00033,False,CVE CVE-2026-26113 affects Microsoft 365 Apps for Business. EPSS score 0.0003 indicates low exploitation probability. Not confirmed exploited in the wild.
CVE-2026-3935,Google Chrome,6.5,0.00033,False,CVE CVE-2026-3935 affects Google Chrome. EPSS score 0.0003 indicates low exploitation probability. Not confirmed exploited in the wild.
CVE-2026-4439,Google Chrome,8.8,0.00033,False,CVE CVE-2026-4439 affects Google Chrome. EPSS score 0.0003 indicates low exploitation probability. Not confirmed exploited in the wild.
CVE-2026-4448,Google Chrome,8.8,0.00033,False,CVE CVE-2026-4448 affects Google Chrome. EPSS score 0.0003 indicates low exploitation probability. Not confirmed exploited in the wild.
CVE-2026-4460,Google Chrome,8.8,0.00033,False,CVE CVE-2026-4460 affects Google Chrome. EPSS score 0.0003 indicates low exploitation probability. Not confirmed exploited in the wild.
CVE-2026-5886,Google Chrome,5.3,0.00033,False,CVE CVE-2026-5886 affects Google Chrome. EPSS score 0.0003 indicates low exploitation probability. Not confirmed exploited in the wild.
CVE-2026-5888,Google Chrome,6.5,0.00033,False,CVE CVE-2026-5888 affects Google Chrome. EPSS score 0.0003 indicates low exploitation probability. Not confirmed exploited in the wild.
CVE-2026-5896,Google Chrome,6.1,0.00033,False,CVE CVE-2026-5896 affects Google Chrome. EPSS score 0.0003 indicates low exploitation probability. Not confirmed exploited in the wild.
CVE-2026-7959,Google Chrome,3.1,0.00033,False,CVE CVE-2026-7959 affects Google Chrome. EPSS score 0.0003 indicates low exploitation probability. Not confirmed exploited in the wild.
CVE-2026-8012,Google Chrome,5.4,0.00033,False,CVE CVE-2026-8012 affects Google Chrome. EPSS score 0.0003 indicates low exploitation probability. Not confirmed exploited in the wild.
CVE-2025-1292,Google Chrome,6.7,0.00032,False,CVE CVE-2025-1292 affects Google Chrome. EPSS score 0.0003 indicates low exploitation probability. Not confirmed exploited in the wild.
CVE-2025-53139,Windows 10 Pro,7.7,0.00032,False,CVE CVE-2025-53139 affects Windows 10 Pro. EPSS score 0.0003 indicates low exploitation probability. Not confirmed exploited in the wild.
CVE-2025-59506,Windows Server 2022,7.0,0.00032,False,CVE CVE-2025-59506 affects Windows Server 2022. EPSS score 0.0003 indicates low exploitation probability. Not confirmed exploited in the wild.
CVE-2025-59506,Windows 10 Pro,7.0,0.00032,False,CVE CVE-2025-59506 affects Windows 10 Pro. EPSS score 0.0003 indicates low exploitation probability. Not confirmed exploited in the wild.
CVE-2025-59507,Windows Server 2022,7.0,0.00032,False,CVE CVE-2025-59507 affects Windows Server 2022. EPSS score 0.0003 indicates low exploitation probability. Not confirmed exploited in the wild.
CVE-2025-59507,Windows 10 Pro,7.0,0.00032,False,CVE CVE-2025-59507 affects Windows 10 Pro. EPSS score 0.0003 indicates low exploitation probability. Not confirmed exploited in the wild.
CVE-2025-59508,Windows Server 2022,7.0,0.00032,False,CVE CVE-2025-59508 affects Windows Server 2022. EPSS score 0.0003 indicates low exploitation probability. Not confirmed exploited in the wild.
CVE-2025-59508,Windows 10 Pro,7.0,0.00032,False,CVE CVE-2025-59508 affects Windows 10 Pro. EPSS score 0.0003 indicates low exploitation probability. Not confirmed exploited in the wild.
CVE-2025-62217,Windows Server 2022,7.0,0.00032,False,CVE CVE-2025-62217 affects Windows Server 2022. EPSS score 0.0003 indicates low exploitation probability. Not confirmed exploited in the wild.
CVE-2025-62217,Windows 10 Pro,7.0,0.00032,False,CVE CVE-2025-62217 affects Windows 10 Pro. EPSS score 0.0003 indicates low exploitation probability. Not confirmed exploited in the wild.
CVE-2025-62218,Windows 10 Pro,7.0,0.00032,False,CVE CVE-2025-62218 affects Windows 10 Pro. EPSS score 0.0003 indicates low exploitation probability. Not confirmed exploited in the wild.
CVE-2025-64661,Windows Server 2022,7.8,0.00032,False,CVE CVE-2025-64661 affects Windows Server 2022. EPSS score 0.0003 indicates low exploitation probability. Not confirmed exploited in the wild.
CVE-2025-64661,Windows 10 Pro,7.8,0.00032,False,CVE CVE-2025-64661 affects Windows 10 Pro. EPSS score 0.0003 indicates low exploitation probability. Not confirmed exploited in the wild.
CVE-2025-67853,Moodle,7.5,0.00032,False,CVE CVE-2025-67853 affects Moodle. EPSS score 0.0003 indicates low exploitation probability. Not confirmed exploited in the wild.
CVE-2026-0905,Google Chrome,9.8,0.00032,False,CVE CVE-2026-0905 affects Google Chrome. EPSS score 0.0003 indicates low exploitation probability. Not confirmed exploited in the wild.
CVE-2026-21231,Windows Server 2022,7.8,0.00032,False,CVE CVE-2026-21231 affects Windows Server 2022. EPSS score 0.0003 indicates low exploitation probability. Not confirmed exploited in the wild.
CVE-2026-21231,Windows 10 Pro,7.8,0.00032,False,CVE CVE-2026-21231 affects Windows 10 Pro. EPSS score 0.0003 indicates low exploitation probability. Not confirmed exploited in the wild.
CVE-2026-21234,Windows Server 2022,7.0,0.00032,False,CVE CVE-2026-21234 affects Windows Server 2022. EPSS score 0.0003 indicates low exploitation probability. Not confirmed exploited in the wild.
CVE-2026-21234,Windows 10 Pro,7.0,0.00032,False,CVE CVE-2026-21234 affects Windows 10 Pro. EPSS score 0.0003 indicates low exploitation probability. Not confirmed exploited in the wild.
CVE-2026-21237,Windows Server 2022,7.0,0.00032,False,CVE CVE-2026-21237 affects Windows Server 2022. EPSS score 0.0003 indicates low exploitation probability. Not confirmed exploited in the wild.
CVE-2026-21237,Windows 10 Pro,7.0,0.00032,False,CVE CVE-2026-21237 affects Windows 10 Pro. EPSS score 0.0003 indicates low exploitation probability. Not confirmed exploited in the wild.
CVE-2026-24290,Windows Server 2022,7.8,0.00032,False,CVE CVE-2026-24290 affects Windows Server 2022. EPSS score 0.0003 indicates low exploitation probability. Not confirmed exploited in the wild.
CVE-2026-24290,Windows 10 Pro,7.8,0.00032,False,CVE CVE-2026-24290 affects Windows 10 Pro. EPSS score 0.0003 indicates low exploitation probability. Not confirmed exploited in the wild.
CVE-2026-25176,Windows Server 2022,7.8,0.00032,False,CVE CVE-2026-25176 affects Windows Server 2022. EPSS score 0.0003 indicates low exploitation probability. Not confirmed exploited in the wild.
CVE-2026-25176,Windows 10 Pro,7.8,0.00032,False,CVE CVE-2026-25176 affects Windows 10 Pro. EPSS score 0.0003 indicates low exploitation probability. Not confirmed exploited in the wild.
CVE-2026-26128,Windows Server 2022,7.8,0.00032,False,CVE CVE-2026-26128 affects Windows Server 2022. EPSS score 0.0003 indicates low exploitation probability. Not confirmed exploited in the wild.
CVE-2026-26128,Windows 10 Pro,7.8,0.00032,False,CVE CVE-2026-26128 affects Windows 10 Pro. EPSS score 0.0003 indicates low exploitation probability. Not confirmed exploited in the wild.
CVE-2026-2650,Google Chrome,8.8,0.00032,False,CVE CVE-2026-2650 affects Google Chrome. EPSS score 0.0003 indicates low exploitation probability. Not confirmed exploited in the wild.
CVE-2026-3930,Google Chrome,5.3,0.00032,False,CVE CVE-2026-3930 affects Google Chrome. EPSS score 0.0003 indicates low exploitation probability. Not confirmed exploited in the wild.
CVE-2026-3932,Google Chrome,7.5,0.00032,False,CVE CVE-2026-3932 affects Google Chrome. EPSS score 0.0003 indicates low exploitation probability. Not confirmed exploited in the wild.
CVE-2026-3934,Google Chrome,6.5,0.00032,False,CVE CVE-2026-3934 affects Google Chrome. EPSS score 0.0003 indicates low exploitation probability. Not confirmed exploited in the wild.
CVE-2026-3939,Google Chrome,5.3,0.00032,False,CVE CVE-2026-3939 affects Google Chrome. EPSS score 0.0003 indicates low exploitation probability. Not confirmed exploited in the wild.
CVE-2026-3940,Google Chrome,5.3,0.00032,False,CVE CVE-2026-3940 affects Google Chrome. EPSS score 0.0003 indicates low exploitation probability. Not confirmed exploited in the wild.
CVE-2026-4453,Google Chrome,4.3,0.00032,False,CVE CVE-2026-4453 affects Google Chrome. EPSS score 0.0003 indicates low exploitation probability. Not confirmed exploited in the wild.
CVE-2026-4674,Google Chrome,8.8,0.00032,False,CVE CVE-2026-4674 affects Google Chrome. EPSS score 0.0003 indicates low exploitation probability. Not confirmed exploited in the wild.
CVE-2026-5864,Google Chrome,4.3,0.00032,False,CVE CVE-2026-5864 affects Google Chrome. EPSS score 0.0003 indicates low exploitation probability. Not confirmed exploited in the wild.
CVE-2026-5867,Google Chrome,4.3,0.00032,False,CVE CVE-2026-5867 affects Google Chrome. EPSS score 0.0003 indicates low exploitation probability. Not confirmed exploited in the wild.
CVE-2026-5869,Google Chrome,4.3,0.00032,False,CVE CVE-2026-5869 affects Google Chrome. EPSS score 0.0003 indicates low exploitation probability. Not confirmed exploited in the wild.
CVE-2026-5892,Google Chrome,6.6,0.00032,False,CVE CVE-2026-5892 affects Google Chrome. EPSS score 0.0003 indicates low exploitation probability. Not confirmed exploited in the wild.
CVE-2026-5893,Google Chrome,6.8,0.00032,False,CVE CVE-2026-5893 affects Google Chrome. EPSS score 0.0003 indicates low exploitation probability. Not confirmed exploited in the wild.
CVE-2026-5904,Google Chrome,8.8,0.00032,False,CVE CVE-2026-5904 affects Google Chrome. EPSS score 0.0003 indicates low exploitation probability. Not confirmed exploited in the wild.
CVE-2026-7952,Google Chrome,4.2,0.00032,False,CVE CVE-2026-7952 affects Google Chrome. EPSS score 0.0003 indicates low exploitation probability. Not confirmed exploited in the wild.
CVE-2026-7960,Google Chrome,5.3,0.00032,False,CVE CVE-2026-7960 affects Google Chrome. EPSS score 0.0003 indicates low exploitation probability. Not confirmed exploited in the wild.
CVE-2026-7972,Google Chrome,4.3,0.00032,False,CVE CVE-2026-7972 affects Google Chrome. EPSS score 0.0003 indicates low exploitation probability. Not confirmed exploited in the wild.
CVE-2026-8528,Google Chrome,4.3,0.00032,False,CVE CVE-2026-8528 affects Google Chrome. EPSS score 0.0003 indicates low exploitation probability. Not confirmed exploited in the wild.
CVE-2026-8572,Google Chrome,3.1,0.00032,False,CVE CVE-2026-8572 affects Google Chrome. EPSS score 0.0003 indicates low exploitation probability. Not confirmed exploited in the wild.
CVE-2024-7005,Google Chrome,4.3,0.00031,False,CVE CVE-2024-7005 affects Google Chrome. EPSS score 0.0003 indicates low exploitation probability. Not confirmed exploited in the wild.
CVE-2025-62219,Windows 10 Pro,7.0,0.00031,False,CVE CVE-2025-62219 affects Windows 10 Pro. EPSS score 0.0003 indicates low exploitation probability. Not confirmed exploited in the wild.
CVE-2025-62573,Windows Server 2022,7.0,0.00031,False,CVE CVE-2025-62573 affects Windows Server 2022. EPSS score 0.0003 indicates low exploitation probability. Not confirmed exploited in the wild.
CVE-2025-62573,Windows 10 Pro,7.0,0.00031,False,CVE CVE-2025-62573 affects Windows 10 Pro. EPSS score 0.0003 indicates low exploitation probability. Not confirmed exploited in the wild.
CVE-2025-64679,Windows Server 2022,7.8,0.00031,False,CVE CVE-2025-64679 affects Windows Server 2022. EPSS score 0.0003 indicates low exploitation probability. Not confirmed exploited in the wild.
CVE-2025-64679,Windows 10 Pro,7.8,0.00031,False,CVE CVE-2025-64679 affects Windows 10 Pro. EPSS score 0.0003 indicates low exploitation probability. Not confirmed exploited in the wild.
CVE-2025-67855,Moodle,5.4,0.00031,False,CVE CVE-2025-67855 affects Moodle. EPSS score 0.0003 indicates low exploitation probability. Not confirmed exploited in the wild.
CVE-2026-20949,Microsoft 365 Apps for Business,7.8,0.00031,False,CVE CVE-2026-20949 affects Microsoft 365 Apps for Business. EPSS score 0.0003 indicates low exploitation probability. Not confirmed exploited in the wild.
CVE-2026-21259,Microsoft 365 Apps for Business,7.8,0.00031,False,CVE CVE-2026-21259 affects Microsoft 365 Apps for Business. EPSS score 0.0003 indicates low exploitation probability. Not confirmed exploited in the wild.
CVE-2026-21261,Microsoft 365 Apps for Business,5.5,0.00031,False,CVE CVE-2026-21261 affects Microsoft 365 Apps for Business. EPSS score 0.0003 indicates low exploitation probability. Not confirmed exploited in the wild.
CVE-2026-26108,Microsoft 365 Apps for Business,7.8,0.00031,False,CVE CVE-2026-26108 affects Microsoft 365 Apps for Business. EPSS score 0.0003 indicates low exploitation probability. Not confirmed exploited in the wild.
CVE-2026-26112,Microsoft 365 Apps for Business,7.8,0.00031,False,CVE CVE-2026-26112 affects Microsoft 365 Apps for Business. EPSS score 0.0003 indicates low exploitation probability. Not confirmed exploited in the wild.
CVE-2026-4457,Google Chrome,8.8,0.00031,False,CVE CVE-2026-4457 affects Google Chrome. EPSS score 0.0003 indicates low exploitation probability. Not confirmed exploited in the wild.
CVE-2026-4673,Google Chrome,8.8,0.00031,False,CVE CVE-2026-4673 affects Google Chrome. EPSS score 0.0003 indicates low exploitation probability. Not confirmed exploited in the wild.
CVE-2026-5277,Google Chrome,7.5,0.00031,False,CVE CVE-2026-5277 affects Google Chrome. EPSS score 0.0003 indicates low exploitation probability. Not confirmed exploited in the wild.
CVE-2026-5878,Google Chrome,4.3,0.00031,False,CVE CVE-2026-5878 affects Google Chrome. EPSS score 0.0003 indicates low exploitation probability. Not confirmed exploited in the wild.
CVE-2026-5882,Google Chrome,4.3,0.00031,False,CVE CVE-2026-5882 affects Google Chrome. EPSS score 0.0003 indicates low exploitation probability. Not confirmed exploited in the wild.
CVE-2026-5906,Google Chrome,4.3,0.00031,False,CVE CVE-2026-5906 affects Google Chrome. EPSS score 0.0003 indicates low exploitation probability. Not confirmed exploited in the wild.
CVE-2026-6311,Google Chrome,8.3,0.00031,False,CVE CVE-2026-6311 affects Google Chrome. EPSS score 0.0003 indicates low exploitation probability. Not confirmed exploited in the wild.
CVE-2026-7949,Google Chrome,3.1,0.00031,False,CVE CVE-2026-7949 affects Google Chrome. EPSS score 0.0003 indicates low exploitation probability. Not confirmed exploited in the wild.
CVE-2026-7950,Google Chrome,5.4,0.00031,False,CVE CVE-2026-7950 affects Google Chrome. EPSS score 0.0003 indicates low exploitation probability. Not confirmed exploited in the wild.
CVE-2026-7999,Google Chrome,4.3,0.00031,False,CVE CVE-2026-7999 affects Google Chrome. EPSS score 0.0003 indicates low exploitation probability. Not confirmed exploited in the wild.
CVE-2026-8017,Google Chrome,3.1,0.00031,False,CVE CVE-2026-8017 affects Google Chrome. EPSS score 0.0003 indicates low exploitation probability. Not confirmed exploited in the wild.
CVE-2024-30302,Adobe Acrobat Reader DC,5.5,0.0003,False,CVE CVE-2024-30302 affects Adobe Acrobat Reader DC. EPSS score 0.0003 indicates low exploitation probability. Not confirmed exploited in the wild.
CVE-2025-10201,Google Chrome,8.8,0.0003,False,CVE CVE-2025-10201 affects Google Chrome. EPSS score 0.0003 indicates low exploitation probability. Not confirmed exploited in the wild.
CVE-2025-12440,Google Chrome,5.3,0.0003,False,CVE CVE-2025-12440 affects Google Chrome. EPSS score 0.0003 indicates low exploitation probability. Not confirmed exploited in the wild.
CVE-2025-15468,OpenSSL,5.9,0.0003,False,CVE CVE-2025-15468 affects OpenSSL. EPSS score 0.0003 indicates low exploitation probability. Not confirmed exploited in the wild.
CVE-2025-55248,Windows Server 2022,4.8,0.0003,False,CVE CVE-2025-55248 affects Windows Server 2022. EPSS score 0.0003 indicates low exploitation probability. Not confirmed exploited in the wild.
CVE-2025-55248,Windows 10 Pro,4.8,0.0003,False,CVE CVE-2025-55248 affects Windows 10 Pro. EPSS score 0.0003 indicates low exploitation probability. Not confirmed exploited in the wild.
CVE-2026-21241,Windows Server 2022,7.0,0.0003,False,CVE CVE-2026-21241 affects Windows Server 2022. EPSS score 0.0003 indicates low exploitation probability. Not confirmed exploited in the wild.
CVE-2026-21246,Windows Server 2022,7.8,0.0003,False,CVE CVE-2026-21246 affects Windows Server 2022. EPSS score 0.0003 indicates low exploitation probability. Not confirmed exploited in the wild.
CVE-2026-21246,Windows 10 Pro,7.8,0.0003,False,CVE CVE-2026-21246 affects Windows 10 Pro. EPSS score 0.0003 indicates low exploitation probability. Not confirmed exploited in the wild.
CVE-2026-3925,Google Chrome,4.3,0.0003,False,CVE CVE-2026-3925 affects Google Chrome. EPSS score 0.0003 indicates low exploitation probability. Not confirmed exploited in the wild.
CVE-2026-40398,Windows Server 2022,7.8,0.0003,False,CVE CVE-2026-40398 affects Windows Server 2022. EPSS score 0.0003 indicates low exploitation probability. Not confirmed exploited in the wild.
CVE-2026-40398,Windows 10 Pro,7.8,0.0003,False,CVE CVE-2026-40398 affects Windows 10 Pro. EPSS score 0.0003 indicates low exploitation probability. Not confirmed exploited in the wild.
CVE-2026-4452,Google Chrome,8.8,0.0003,False,CVE CVE-2026-4452 affects Google Chrome. EPSS score 0.0003 indicates low exploitation probability. Not confirmed exploited in the wild.
CVE-2026-4461,Google Chrome,8.8,0.0003,False,CVE CVE-2026-4461 affects Google Chrome. EPSS score 0.0003 indicates low exploitation probability. Not confirmed exploited in the wild.
CVE-2026-5279,Google Chrome,8.8,0.0003,False,CVE CVE-2026-5279 affects Google Chrome. EPSS score 0.0003 indicates low exploitation probability. Not confirmed exploited in the wild.
CVE-2026-5286,Google Chrome,8.8,0.0003,False,CVE CVE-2026-5286 affects Google Chrome. EPSS score 0.0003 indicates low exploitation probability. Not confirmed exploited in the wild.
CVE-2026-5287,Google Chrome,8.8,0.0003,False,CVE CVE-2026-5287 affects Google Chrome. EPSS score 0.0003 indicates low exploitation probability. Not confirmed exploited in the wild.
CVE-2026-5890,Google Chrome,5.3,0.0003,False,CVE CVE-2026-5890 affects Google Chrome. EPSS score 0.0003 indicates low exploitation probability. Not confirmed exploited in the wild.
CVE-2026-6296,Google Chrome,9.6,0.0003,False,CVE CVE-2026-6296 affects Google Chrome. EPSS score 0.0003 indicates low exploitation probability. Not confirmed exploited in the wild.
CVE-2026-7337,Google Chrome,8.8,0.0003,False,CVE CVE-2026-7337 affects Google Chrome. EPSS score 0.0003 indicates low exploitation probability. Not confirmed exploited in the wild.
CVE-2026-7346,Google Chrome,8.1,0.0003,False,CVE CVE-2026-7346 affects Google Chrome. EPSS score 0.0003 indicates low exploitation probability. Not confirmed exploited in the wild.
CVE-2026-7348,Google Chrome,8.8,0.0003,False,CVE CVE-2026-7348 affects Google Chrome. EPSS score 0.0003 indicates low exploitation probability. Not confirmed exploited in the wild.
CVE-2026-7358,Google Chrome,8.8,0.0003,False,CVE CVE-2026-7358 affects Google Chrome. EPSS score 0.0003 indicates low exploitation probability. Not confirmed exploited in the wild.
CVE-2026-7360,Google Chrome,3.1,0.0003,False,CVE CVE-2026-7360 affects Google Chrome. EPSS score 0.0003 indicates low exploitation probability. Not confirmed exploited in the wild.
CVE-2026-7363,Google Chrome,8.8,0.0003,False,CVE CVE-2026-7363 affects Google Chrome. EPSS score 0.0003 indicates low exploitation probability. Not confirmed exploited in the wild.
CVE-2025-11216,Google Chrome,6.3,0.00029,False,CVE CVE-2025-11216 affects Google Chrome. EPSS score 0.0003 indicates low exploitation probability. Not confirmed exploited in the wild.
CVE-2026-23668,Windows Server 2022,7.0,0.00029,False,CVE CVE-2026-23668 affects Windows Server 2022. EPSS score 0.0003 indicates low exploitation probability. Not confirmed exploited in the wild.
CVE-2026-23668,Windows 10 Pro,7.0,0.00029,False,CVE CVE-2026-23668 affects Windows 10 Pro. EPSS score 0.0003 indicates low exploitation probability. Not confirmed exploited in the wild.
CVE-2026-27221,Adobe Acrobat Reader DC,5.5,0.00029,False,CVE CVE-2026-27221 affects Adobe Acrobat Reader DC. EPSS score 0.0003 indicates low exploitation probability. Not confirmed exploited in the wild.
CVE-2026-5284,Google Chrome,7.5,0.00029,False,CVE CVE-2026-5284 affects Google Chrome. EPSS score 0.0003 indicates low exploitation probability. Not confirmed exploited in the wild.
CVE-2026-5897,Google Chrome,4.3,0.00029,False,CVE CVE-2026-5897 affects Google Chrome. EPSS score 0.0003 indicates low exploitation probability. Not confirmed exploited in the wild.
CVE-2026-5898,Google Chrome,4.3,0.00029,False,CVE CVE-2026-5898 affects Google Chrome. EPSS score 0.0003 indicates low exploitation probability. Not confirmed exploited in the wild.
CVE-2026-7971,Google Chrome,6.3,0.00029,False,CVE CVE-2026-7971 affects Google Chrome. EPSS score 0.0003 indicates low exploitation probability. Not confirmed exploited in the wild.
CVE-2024-7977,Google Chrome,7.8,0.00028,False,CVE CVE-2024-7977 affects Google Chrome. EPSS score 0.0003 indicates low exploitation probability. Not confirmed exploited in the wild.
CVE-2025-12729,Google Chrome,4.2,0.00028,False,CVE CVE-2025-12729 affects Google Chrome. EPSS score 0.0003 indicates low exploitation probability. Not confirmed exploited in the wild.
CVE-2025-13639,Google Chrome,8.1,0.00028,False,CVE CVE-2025-13639 affects Google Chrome. EPSS score 0.0003 indicates low exploitation probability. Not confirmed exploited in the wild.
CVE-2025-62458,Windows Server 2022,7.8,0.00028,False,CVE CVE-2025-62458 affects Windows Server 2022. EPSS score 0.0003 indicates low exploitation probability. Not confirmed exploited in the wild.
CVE-2025-62458,Windows 10 Pro,7.8,0.00028,False,CVE CVE-2025-62458 affects Windows 10 Pro. EPSS score 0.0003 indicates low exploitation probability. Not confirmed exploited in the wild.
CVE-2026-21240,Windows Server 2022,7.8,0.00028,False,CVE CVE-2026-21240 affects Windows Server 2022. EPSS score 0.0003 indicates low exploitation probability. Not confirmed exploited in the wild.
CVE-2026-21240,Windows 10 Pro,7.8,0.00028,False,CVE CVE-2026-21240 affects Windows 10 Pro. EPSS score 0.0003 indicates low exploitation probability. Not confirmed exploited in the wild.
CVE-2026-2319,Google Chrome,7.5,0.00028,False,CVE CVE-2026-2319 affects Google Chrome. EPSS score 0.0003 indicates low exploitation probability. Not confirmed exploited in the wild.
CVE-2026-2649,Google Chrome,8.8,0.00028,False,CVE CVE-2026-2649 affects Google Chrome. EPSS score 0.0003 indicates low exploitation probability. Not confirmed exploited in the wild.
CVE-2026-4442,Google Chrome,8.8,0.00028,False,CVE CVE-2026-4442 affects Google Chrome. EPSS score 0.0003 indicates low exploitation probability. Not confirmed exploited in the wild.
CVE-2026-4455,Google Chrome,8.8,0.00028,False,CVE CVE-2026-4455 affects Google Chrome. EPSS score 0.0003 indicates low exploitation probability. Not confirmed exploited in the wild.
CVE-2026-5291,Google Chrome,6.5,0.00028,False,CVE CVE-2026-5291 affects Google Chrome. EPSS score 0.0003 indicates low exploitation probability. Not confirmed exploited in the wild.
CVE-2026-5880,Google Chrome,4.3,0.00028,False,CVE CVE-2026-5880 affects Google Chrome. EPSS score 0.0003 indicates low exploitation probability. Not confirmed exploited in the wild.
CVE-2026-7915,Google Chrome,4.3,0.00028,False,CVE CVE-2026-7915 affects Google Chrome. EPSS score 0.0003 indicates low exploitation probability. Not confirmed exploited in the wild.
CVE-2026-7924,Google Chrome,6.5,0.00028,False,CVE CVE-2026-7924 affects Google Chrome. EPSS score 0.0003 indicates low exploitation probability. Not confirmed exploited in the wild.
CVE-2026-7934,Google Chrome,4.2,0.00028,False,CVE CVE-2026-7934 affects Google Chrome. EPSS score 0.0003 indicates low exploitation probability. Not confirmed exploited in the wild.
CVE-2026-7944,Google Chrome,3.1,0.00028,False,CVE CVE-2026-7944 affects Google Chrome. EPSS score 0.0003 indicates low exploitation probability. Not confirmed exploited in the wild.
CVE-2026-7945,Google Chrome,3.1,0.00028,False,CVE CVE-2026-7945 affects Google Chrome. EPSS score 0.0003 indicates low exploitation probability. Not confirmed exploited in the wild.
CVE-2026-7954,Google Chrome,3.1,0.00028,False,CVE CVE-2026-7954 affects Google Chrome. EPSS score 0.0003 indicates low exploitation probability. Not confirmed exploited in the wild.
CVE-2026-7981,Google Chrome,8.1,0.00028,False,CVE CVE-2026-7981 affects Google Chrome. EPSS score 0.0003 indicates low exploitation probability. Not confirmed exploited in the wild.
CVE-2026-8535,Google Chrome,5.3,0.00028,False,CVE CVE-2026-8535 affects Google Chrome. EPSS score 0.0003 indicates low exploitation probability. Not confirmed exploited in the wild.
CVE-2026-8541,Google Chrome,5.3,0.00028,False,CVE CVE-2026-8541 affects Google Chrome. EPSS score 0.0003 indicates low exploitation probability. Not confirmed exploited in the wild.
CVE-2026-8543,Google Chrome,5.3,0.00028,False,CVE CVE-2026-8543 affects Google Chrome. EPSS score 0.0003 indicates low exploitation probability. Not confirmed exploited in the wild.
CVE-2026-8546,Google Chrome,5.3,0.00028,False,CVE CVE-2026-8546 affects Google Chrome. EPSS score 0.0003 indicates low exploitation probability. Not confirmed exploited in the wild.
CVE-2026-8550,Google Chrome,6.5,0.00028,False,CVE CVE-2026-8550 affects Google Chrome. EPSS score 0.0003 indicates low exploitation probability. Not confirmed exploited in the wild.
CVE-2026-8570,Google Chrome,6.5,0.00028,False,CVE CVE-2026-8570 affects Google Chrome. EPSS score 0.0003 indicates low exploitation probability. Not confirmed exploited in the wild.
CVE-2026-8582,Google Chrome,5.3,0.00028,False,CVE CVE-2026-8582 affects Google Chrome. EPSS score 0.0003 indicates low exploitation probability. Not confirmed exploited in the wild.
CVE-2025-12441,Google Chrome,4.3,0.00027,False,CVE CVE-2025-12441 affects Google Chrome. EPSS score 0.0003 indicates low exploitation probability. Not confirmed exploited in the wild.
CVE-2025-55330,Windows Server 2022,6.1,0.00027,False,CVE CVE-2025-55330 affects Windows Server 2022. EPSS score 0.0003 indicates low exploitation probability. Not confirmed exploited in the wild.
CVE-2025-55332,Windows Server 2022,6.1,0.00027,False,CVE CVE-2025-55332 affects Windows Server 2022. EPSS score 0.0003 indicates low exploitation probability. Not confirmed exploited in the wild.
CVE-2025-55332,Windows 10 Pro,6.1,0.00027,False,CVE CVE-2025-55332 affects Windows 10 Pro. EPSS score 0.0003 indicates low exploitation probability. Not confirmed exploited in the wild.
CVE-2025-64785,Adobe Acrobat Reader DC,7.8,0.00027,False,CVE CVE-2025-64785 affects Adobe Acrobat Reader DC. EPSS score 0.0003 indicates low exploitation probability. Not confirmed exploited in the wild.
CVE-2025-64899,Adobe Acrobat Reader DC,7.8,0.00027,False,CVE CVE-2025-64899 affects Adobe Acrobat Reader DC. EPSS score 0.0003 indicates low exploitation probability. Not confirmed exploited in the wild.
CVE-2025-67847,Moodle,8.8,0.00027,False,CVE CVE-2025-67847 affects Moodle. EPSS score 0.0003 indicates low exploitation probability. Not confirmed exploited in the wild.
CVE-2026-24283,Windows Server 2022,8.8,0.00027,False,CVE CVE-2026-24283 affects Windows Server 2022. EPSS score 0.0003 indicates low exploitation probability. Not confirmed exploited in the wild.
CVE-2026-25168,Windows Server 2022,6.2,0.00027,False,CVE CVE-2026-25168 affects Windows Server 2022. EPSS score 0.0003 indicates low exploitation probability. Not confirmed exploited in the wild.
CVE-2026-25168,Windows 10 Pro,6.2,0.00027,False,CVE CVE-2026-25168 affects Windows 10 Pro. EPSS score 0.0003 indicates low exploitation probability. Not confirmed exploited in the wild.
CVE-2026-26109,Microsoft 365 Apps for Business,8.4,0.00027,False,CVE CVE-2026-26109 affects Microsoft 365 Apps for Business. EPSS score 0.0003 indicates low exploitation probability. Not confirmed exploited in the wild.
CVE-2026-4440,Google Chrome,8.8,0.00027,False,CVE CVE-2026-4440 affects Google Chrome. EPSS score 0.0003 indicates low exploitation probability. Not confirmed exploited in the wild.
CVE-2026-4462,Google Chrome,8.8,0.00027,False,CVE CVE-2026-4462 affects Google Chrome. EPSS score 0.0003 indicates low exploitation probability. Not confirmed exploited in the wild.
CVE-2026-4677,Google Chrome,8.8,0.00027,False,CVE CVE-2026-4677 affects Google Chrome. EPSS score 0.0003 indicates low exploitation probability. Not confirmed exploited in the wild.
CVE-2026-5272,Google Chrome,8.8,0.00027,False,CVE CVE-2026-5272 affects Google Chrome. EPSS score 0.0003 indicates low exploitation probability. Not confirmed exploited in the wild.
CVE-2026-5275,Google Chrome,8.8,0.00027,False,CVE CVE-2026-5275 affects Google Chrome. EPSS score 0.0003 indicates low exploitation probability. Not confirmed exploited in the wild.
CVE-2026-5875,Google Chrome,4.3,0.00027,False,CVE CVE-2026-5875 affects Google Chrome. EPSS score 0.0003 indicates low exploitation probability. Not confirmed exploited in the wild.
CVE-2026-5881,Google Chrome,6.5,0.00027,False,CVE CVE-2026-5881 affects Google Chrome. EPSS score 0.0003 indicates low exploitation probability. Not confirmed exploited in the wild.
CVE-2026-4443,Google Chrome,8.8,0.00026,False,CVE CVE-2026-4443 affects Google Chrome. EPSS score 0.0003 indicates low exploitation probability. Not confirmed exploited in the wild.
CVE-2026-5274,Google Chrome,8.8,0.00026,False,CVE CVE-2026-5274 affects Google Chrome. EPSS score 0.0003 indicates low exploitation probability. Not confirmed exploited in the wild.
CVE-2026-5289,Google Chrome,9.6,0.00026,False,CVE CVE-2026-5289 affects Google Chrome. EPSS score 0.0003 indicates low exploitation probability. Not confirmed exploited in the wild.
CVE-2026-5290,Google Chrome,9.6,0.00026,False,CVE CVE-2026-5290 affects Google Chrome. EPSS score 0.0003 indicates low exploitation probability. Not confirmed exploited in the wild.
CVE-2026-6360,Google Chrome,8.8,0.00026,False,CVE CVE-2026-6360 affects Google Chrome. EPSS score 0.0003 indicates low exploitation probability. Not confirmed exploited in the wild.
CVE-2026-6361,Google Chrome,8.3,0.00026,False,CVE CVE-2026-6361 affects Google Chrome. EPSS score 0.0003 indicates low exploitation probability. Not confirmed exploited in the wild.
CVE-2026-7939,Google Chrome,5.4,0.00026,False,CVE CVE-2026-7939 affects Google Chrome. EPSS score 0.0003 indicates low exploitation probability. Not confirmed exploited in the wild.
CVE-2026-7982,Google Chrome,6.5,0.00026,False,CVE CVE-2026-7982 affects Google Chrome. EPSS score 0.0003 indicates low exploitation probability. Not confirmed exploited in the wild.
CVE-2026-8539,Google Chrome,5.4,0.00026,False,CVE CVE-2026-8539 affects Google Chrome. EPSS score 0.0003 indicates low exploitation probability. Not confirmed exploited in the wild.
CVE-2026-8552,Google Chrome,4.3,0.00026,False,CVE CVE-2026-8552 affects Google Chrome. EPSS score 0.0003 indicates low exploitation probability. Not confirmed exploited in the wild.
CVE-2026-8553,Google Chrome,3.1,0.00026,False,CVE CVE-2026-8553 affects Google Chrome. EPSS score 0.0003 indicates low exploitation probability. Not confirmed exploited in the wild.
CVE-2026-8554,Google Chrome,3.1,0.00026,False,CVE CVE-2026-8554 affects Google Chrome. EPSS score 0.0003 indicates low exploitation probability. Not confirmed exploited in the wild.
CVE-2026-8559,Google Chrome,4.3,0.00026,False,CVE CVE-2026-8559 affects Google Chrome. EPSS score 0.0003 indicates low exploitation probability. Not confirmed exploited in the wild.
CVE-2026-8563,Google Chrome,4.3,0.00026,False,CVE CVE-2026-8563 affects Google Chrome. EPSS score 0.0003 indicates low exploitation probability. Not confirmed exploited in the wild.
CVE-2026-8567,Google Chrome,4.3,0.00026,False,CVE CVE-2026-8567 affects Google Chrome. EPSS score 0.0003 indicates low exploitation probability. Not confirmed exploited in the wild.
CVE-2025-12443,Google Chrome,4.3,0.00025,False,CVE CVE-2025-12443 affects Google Chrome. EPSS score 0.0003 indicates low exploitation probability. Not confirmed exploited in the wild.
CVE-2025-68160,OpenSSL,4.7,0.00025,False,CVE CVE-2025-68160 affects OpenSSL. EPSS score 0.0003 indicates low exploitation probability. Not confirmed exploited in the wild.
CVE-2025-9867,Google Chrome,5.4,0.00025,False,CVE CVE-2025-9867 affects Google Chrome. EPSS score 0.0003 indicates low exploitation probability. Not confirmed exploited in the wild.
CVE-2026-2322,Google Chrome,5.4,0.00025,False,CVE CVE-2026-2322 affects Google Chrome. EPSS score 0.0003 indicates low exploitation probability. Not confirmed exploited in the wild.
CVE-2026-4459,Google Chrome,8.8,0.00025,False,CVE CVE-2026-4459 affects Google Chrome. EPSS score 0.0003 indicates low exploitation probability. Not confirmed exploited in the wild.
CVE-2026-4675,Google Chrome,8.8,0.00025,False,CVE CVE-2026-4675 affects Google Chrome. EPSS score 0.0003 indicates low exploitation probability. Not confirmed exploited in the wild.
CVE-2026-5914,Google Chrome,8.8,0.00025,False,CVE CVE-2026-5914 affects Google Chrome. EPSS score 0.0003 indicates low exploitation probability. Not confirmed exploited in the wild.
CVE-2026-7334,Google Chrome,8.8,0.00025,False,CVE CVE-2026-7334 affects Google Chrome. EPSS score 0.0003 indicates low exploitation probability. Not confirmed exploited in the wild.
CVE-2026-7344,Google Chrome,8.8,0.00025,False,CVE CVE-2026-7344 affects Google Chrome. EPSS score 0.0003 indicates low exploitation probability. Not confirmed exploited in the wild.
CVE-2026-7354,Google Chrome,8.8,0.00025,False,CVE CVE-2026-7354 affects Google Chrome. EPSS score 0.0003 indicates low exploitation probability. Not confirmed exploited in the wild.
CVE-2026-7359,Google Chrome,8.8,0.00025,False,CVE CVE-2026-7359 affects Google Chrome. EPSS score 0.0003 indicates low exploitation probability. Not confirmed exploited in the wild.
CVE-2026-7361,Google Chrome,8.8,0.00025,False,CVE CVE-2026-7361 affects Google Chrome. EPSS score 0.0003 indicates low exploitation probability. Not confirmed exploited in the wild.
CVE-2026-7904,Google Chrome,4.3,0.00025,False,CVE CVE-2026-7904 affects Google Chrome. EPSS score 0.0003 indicates low exploitation probability. Not confirmed exploited in the wild.
CVE-2026-7909,Google Chrome,3.1,0.00025,False,CVE CVE-2026-7909 affects Google Chrome. EPSS score 0.0003 indicates low exploitation probability. Not confirmed exploited in the wild.
CVE-2026-7912,Google Chrome,4.2,0.00025,False,CVE CVE-2026-7912 affects Google Chrome. EPSS score 0.0003 indicates low exploitation probability. Not confirmed exploited in the wild.
CVE-2026-7936,Google Chrome,4.3,0.00025,False,CVE CVE-2026-7936 affects Google Chrome. EPSS score 0.0003 indicates low exploitation probability. Not confirmed exploited in the wild.
CVE-2026-7942,Google Chrome,4.3,0.00025,False,CVE CVE-2026-7942 affects Google Chrome. EPSS score 0.0003 indicates low exploitation probability. Not confirmed exploited in the wild.
CVE-2026-7969,Google Chrome,4.3,0.00025,False,CVE CVE-2026-7969 affects Google Chrome. EPSS score 0.0003 indicates low exploitation probability. Not confirmed exploited in the wild.
CVE-2026-7983,Google Chrome,4.3,0.00025,False,CVE CVE-2026-7983 affects Google Chrome. EPSS score 0.0003 indicates low exploitation probability. Not confirmed exploited in the wild.
CVE-2026-8537,Google Chrome,4.3,0.00025,False,CVE CVE-2026-8537 affects Google Chrome. EPSS score 0.0003 indicates low exploitation probability. Not confirmed exploited in the wild.
CVE-2026-8545,Google Chrome,3.1,0.00025,False,CVE CVE-2026-8545 affects Google Chrome. EPSS score 0.0003 indicates low exploitation probability. Not confirmed exploited in the wild.
CVE-2026-8556,Google Chrome,3.1,0.00025,False,CVE CVE-2026-8556 affects Google Chrome. EPSS score 0.0003 indicates low exploitation probability. Not confirmed exploited in the wild.
CVE-2026-8560,Google Chrome,4.3,0.00025,False,CVE CVE-2026-8560 affects Google Chrome. EPSS score 0.0003 indicates low exploitation probability. Not confirmed exploited in the wild.
CVE-2026-8562,Google Chrome,4.3,0.00025,False,CVE CVE-2026-8562 affects Google Chrome. EPSS score 0.0003 indicates low exploitation probability. Not confirmed exploited in the wild.
CVE-2026-8568,Google Chrome,3.1,0.00025,False,CVE CVE-2026-8568 affects Google Chrome. EPSS score 0.0003 indicates low exploitation probability. Not confirmed exploited in the wild.
CVE-2026-8576,Google Chrome,4.3,0.00025,False,CVE CVE-2026-8576 affects Google Chrome. EPSS score 0.0003 indicates low exploitation probability. Not confirmed exploited in the wild.
CVE-2026-8578,Google Chrome,3.1,0.00025,False,CVE CVE-2026-8578 affects Google Chrome. EPSS score 0.0003 indicates low exploitation probability. Not confirmed exploited in the wild.
CVE-2026-8579,Google Chrome,3.1,0.00025,False,CVE CVE-2026-8579 affects Google Chrome. EPSS score 0.0003 indicates low exploitation probability. Not confirmed exploited in the wild.
CVE-2024-20306,Cisco IOS XE,6.0,0.00024,False,CVE CVE-2024-20306 affects Cisco IOS XE. EPSS score 0.0002 indicates low exploitation probability. Not confirmed exploited in the wild.
CVE-2025-55226,Windows Server 2022,6.7,0.00024,False,CVE CVE-2025-55226 affects Windows Server 2022. EPSS score 0.0002 indicates low exploitation probability. Not confirmed exploited in the wild.
CVE-2025-55226,Windows 10 Pro,6.7,0.00024,False,CVE CVE-2025-55226 affects Windows 10 Pro. EPSS score 0.0002 indicates low exploitation probability. Not confirmed exploited in the wild.
CVE-2025-59220,Windows Server 2022,7.0,0.00024,False,CVE CVE-2025-59220 affects Windows Server 2022. EPSS score 0.0002 indicates low exploitation probability. Not confirmed exploited in the wild.
CVE-2025-59220,Windows 10 Pro,7.0,0.00024,False,CVE CVE-2025-59220 affects Windows 10 Pro. EPSS score 0.0002 indicates low exploitation probability. Not confirmed exploited in the wild.
CVE-2026-5278,Google Chrome,8.8,0.00024,False,CVE CVE-2026-5278 affects Google Chrome. EPSS score 0.0002 indicates low exploitation probability. Not confirmed exploited in the wild.
CVE-2026-5280,Google Chrome,8.8,0.00024,False,CVE CVE-2026-5280 affects Google Chrome. EPSS score 0.0002 indicates low exploitation probability. Not confirmed exploited in the wild.
CVE-2026-5285,Google Chrome,8.8,0.00024,False,CVE CVE-2026-5285 affects Google Chrome. EPSS score 0.0002 indicates low exploitation probability. Not confirmed exploited in the wild.
CVE-2026-7336,Google Chrome,8.8,0.00024,False,CVE CVE-2026-7336 affects Google Chrome. EPSS score 0.0002 indicates low exploitation probability. Not confirmed exploited in the wild.
CVE-2026-7341,Google Chrome,8.8,0.00024,False,CVE CVE-2026-7341 affects Google Chrome. EPSS score 0.0002 indicates low exploitation probability. Not confirmed exploited in the wild.
CVE-2026-7352,Google Chrome,8.3,0.00024,False,CVE CVE-2026-7352 affects Google Chrome. EPSS score 0.0002 indicates low exploitation probability. Not confirmed exploited in the wild.
CVE-2026-7357,Google Chrome,7.5,0.00024,False,CVE CVE-2026-7357 affects Google Chrome. EPSS score 0.0002 indicates low exploitation probability. Not confirmed exploited in the wild.
CVE-2025-13992,Google Chrome,4.7,0.00023,False,CVE CVE-2025-13992 affects Google Chrome. EPSS score 0.0002 indicates low exploitation probability. Not confirmed exploited in the wild.
CVE-2025-48813,Windows Server 2022,6.3,0.00023,False,CVE CVE-2025-48813 affects Windows Server 2022. EPSS score 0.0002 indicates low exploitation probability. Not confirmed exploited in the wild.
CVE-2025-48813,Windows 10 Pro,6.3,0.00023,False,CVE CVE-2025-48813 affects Windows 10 Pro. EPSS score 0.0002 indicates low exploitation probability. Not confirmed exploited in the wild.
CVE-2025-62553,Microsoft 365 Apps for Business,7.8,0.00023,False,CVE CVE-2025-62553 affects Microsoft 365 Apps for Business. EPSS score 0.0002 indicates low exploitation probability. Not confirmed exploited in the wild.
CVE-2025-62563,Microsoft 365 Apps for Business,7.8,0.00023,False,CVE CVE-2025-62563 affects Microsoft 365 Apps for Business. EPSS score 0.0002 indicates low exploitation probability. Not confirmed exploited in the wild.
CVE-2026-4444,Google Chrome,8.8,0.00023,False,CVE CVE-2026-4444 affects Google Chrome. EPSS score 0.0002 indicates low exploitation probability. Not confirmed exploited in the wild.
CVE-2026-4463,Google Chrome,8.8,0.00023,False,CVE CVE-2026-4463 affects Google Chrome. EPSS score 0.0002 indicates low exploitation probability. Not confirmed exploited in the wild.
CVE-2026-5894,Google Chrome,4.3,0.00023,False,CVE CVE-2026-5894 affects Google Chrome. EPSS score 0.0002 indicates low exploitation probability. Not confirmed exploited in the wild.
CVE-2026-5905,Google Chrome,6.5,0.00023,False,CVE CVE-2026-5905 affects Google Chrome. EPSS score 0.0002 indicates low exploitation probability. Not confirmed exploited in the wild.
CVE-2026-7933,Google Chrome,4.3,0.00023,False,CVE CVE-2026-7933 affects Google Chrome. EPSS score 0.0002 indicates low exploitation probability. Not confirmed exploited in the wild.
CVE-2026-7977,Google Chrome,6.3,0.00023,False,CVE CVE-2026-7977 affects Google Chrome. EPSS score 0.0002 indicates low exploitation probability. Not confirmed exploited in the wild.
CVE-2025-11210,Google Chrome,5.4,0.00022,False,CVE CVE-2025-11210 affects Google Chrome. EPSS score 0.0002 indicates low exploitation probability. Not confirmed exploited in the wild.
CVE-2025-59229,Microsoft 365 Apps for Business,5.5,0.00022,False,CVE CVE-2025-59229 affects Microsoft 365 Apps for Business. EPSS score 0.0002 indicates low exploitation probability. Not confirmed exploited in the wild.
CVE-2026-0628,Google Chrome,8.8,0.00022,False,CVE CVE-2026-0628 affects Google Chrome. EPSS score 0.0002 indicates low exploitation probability. Not confirmed exploited in the wild.
CVE-2026-5273,Google Chrome,6.3,0.00022,False,CVE CVE-2026-5273 affects Google Chrome. EPSS score 0.0002 indicates low exploitation probability. Not confirmed exploited in the wild.
CVE-2026-5288,Google Chrome,9.6,0.00022,False,CVE CVE-2026-5288 affects Google Chrome. EPSS score 0.0002 indicates low exploitation probability. Not confirmed exploited in the wild.
CVE-2026-5292,Google Chrome,8.8,0.00022,False,CVE CVE-2026-5292 affects Google Chrome. EPSS score 0.0002 indicates low exploitation probability. Not confirmed exploited in the wild.
CVE-2026-5901,Google Chrome,6.5,0.00022,False,CVE CVE-2026-5901 affects Google Chrome. EPSS score 0.0002 indicates low exploitation probability. Not confirmed exploited in the wild.
CVE-2026-7353,Google Chrome,8.3,0.00022,False,CVE CVE-2026-7353 affects Google Chrome. EPSS score 0.0002 indicates low exploitation probability. Not confirmed exploited in the wild.
CVE-2025-64786,Adobe Acrobat Reader DC,3.3,0.00021,False,CVE CVE-2025-64786 affects Adobe Acrobat Reader DC. EPSS score 0.0002 indicates low exploitation probability. Not confirmed exploited in the wild.
CVE-2025-64787,Adobe Acrobat Reader DC,3.3,0.00021,False,CVE CVE-2025-64787 affects Adobe Acrobat Reader DC. EPSS score 0.0002 indicates low exploitation probability. Not confirmed exploited in the wild.
CVE-2026-7910,Google Chrome,9.6,0.00021,False,CVE CVE-2026-7910 affects Google Chrome. EPSS score 0.0002 indicates low exploitation probability. Not confirmed exploited in the wild.
CVE-2026-7948,Google Chrome,7.5,0.00021,False,CVE CVE-2026-7948 affects Google Chrome. EPSS score 0.0002 indicates low exploitation probability. Not confirmed exploited in the wild.
CVE-2026-8004,Google Chrome,4.3,0.00021,False,CVE CVE-2026-8004 affects Google Chrome. EPSS score 0.0002 indicates low exploitation probability. Not confirmed exploited in the wild.
CVE-2024-9956,Google Chrome,7.8,0.0002,False,CVE CVE-2024-9956 affects Google Chrome. EPSS score 0.0002 indicates low exploitation probability. Not confirmed exploited in the wild.
CVE-2025-12431,Google Chrome,6.5,0.0002,False,CVE CVE-2025-12431 affects Google Chrome. EPSS score 0.0002 indicates low exploitation probability. Not confirmed exploited in the wild.
CVE-2025-67856,Moodle,5.4,0.0002,False,CVE CVE-2025-67856 affects Moodle. EPSS score 0.0002 indicates low exploitation probability. Not confirmed exploited in the wild.
CVE-2026-2317,Google Chrome,6.5,0.0002,False,CVE CVE-2026-2317 affects Google Chrome. EPSS score 0.0002 indicates low exploitation probability. Not confirmed exploited in the wild.
CVE-2026-7350,Google Chrome,8.3,0.0002,False,CVE CVE-2026-7350 affects Google Chrome. EPSS score 0.0002 indicates low exploitation probability. Not confirmed exploited in the wild.
CVE-2026-8006,Google Chrome,5.4,0.0002,False,CVE CVE-2026-8006 affects Google Chrome. EPSS score 0.0002 indicates low exploitation probability. Not confirmed exploited in the wild.
CVE-2026-8008,Google Chrome,5.4,0.0002,False,CVE CVE-2026-8008 affects Google Chrome. EPSS score 0.0002 indicates low exploitation probability. Not confirmed exploited in the wild.
CVE-2026-8566,Google Chrome,4.3,0.0002,False,CVE CVE-2026-8566 affects Google Chrome. EPSS score 0.0002 indicates low exploitation probability. Not confirmed exploited in the wild.
CVE-2025-12433,Google Chrome,4.3,0.00019,False,CVE CVE-2025-12433 affects Google Chrome. EPSS score 0.0002 indicates low exploitation probability. Not confirmed exploited in the wild.
CVE-2025-12911,Google Chrome,4.3,0.00019,False,CVE CVE-2025-12911 affects Google Chrome. EPSS score 0.0002 indicates low exploitation probability. Not confirmed exploited in the wild.
CVE-2025-13637,Google Chrome,4.3,0.00019,False,CVE CVE-2025-13637 affects Google Chrome. EPSS score 0.0002 indicates low exploitation probability. Not confirmed exploited in the wild.
CVE-2026-22795,OpenSSL,5.5,0.00019,False,CVE CVE-2026-22795 affects OpenSSL. EPSS score 0.0002 indicates low exploitation probability. Not confirmed exploited in the wild.
CVE-2026-23667,Windows 10 Pro,7.0,0.00019,False,CVE CVE-2026-23667 affects Windows 10 Pro. EPSS score 0.0002 indicates low exploitation probability. Not confirmed exploited in the wild.
CVE-2026-6362,Google Chrome,4.3,0.00019,False,CVE CVE-2026-6362 affects Google Chrome. EPSS score 0.0002 indicates low exploitation probability. Not confirmed exploited in the wild.
CVE-2026-6364,Google Chrome,6.5,0.00019,False,CVE CVE-2026-6364 affects Google Chrome. EPSS score 0.0002 indicates low exploitation probability. Not confirmed exploited in the wild.
CVE-2026-7940,Google Chrome,8.8,0.00019,False,CVE CVE-2026-7940 affects Google Chrome. EPSS score 0.0002 indicates low exploitation probability. Not confirmed exploited in the wild.
CVE-2026-7976,Google Chrome,7.5,0.00019,False,CVE CVE-2026-7976 affects Google Chrome. EPSS score 0.0002 indicates low exploitation probability. Not confirmed exploited in the wild.
CVE-2026-8536,Google Chrome,3.1,0.00019,False,CVE CVE-2026-8536 affects Google Chrome. EPSS score 0.0002 indicates low exploitation probability. Not confirmed exploited in the wild.
CVE-2025-12445,Google Chrome,6.5,0.00018,False,CVE CVE-2025-12445 affects Google Chrome. EPSS score 0.0002 indicates low exploitation probability. Not confirmed exploited in the wild.
CVE-2025-58098,Apache HTTP Server,8.3,0.00018,False,CVE CVE-2025-58098 affects Apache HTTP Server. EPSS score 0.0002 indicates low exploitation probability. Not confirmed exploited in the wild.
CVE-2026-3928,Google Chrome,4.3,0.00018,False,CVE CVE-2026-3928 affects Google Chrome. EPSS score 0.0002 indicates low exploitation probability. Not confirmed exploited in the wild.
CVE-2026-8587,Google Chrome,8.8,0.00018,False,CVE CVE-2026-8587 affects Google Chrome. EPSS score 0.0002 indicates low exploitation probability. Not confirmed exploited in the wild.
CVE-2024-27247,Zoom,5.5,0.00017,False,CVE CVE-2024-27247 affects Zoom. EPSS score 0.0002 indicates low exploitation probability. Not confirmed exploited in the wild.
CVE-2024-7979,Google Chrome,7.8,0.00017,False,CVE CVE-2024-7979 affects Google Chrome. EPSS score 0.0002 indicates low exploitation probability. Not confirmed exploited in the wild.
CVE-2025-13632,Google Chrome,5.4,0.00017,False,CVE CVE-2025-13632 affects Google Chrome. EPSS score 0.0002 indicates low exploitation probability. Not confirmed exploited in the wild.
CVE-2025-67857,Moodle,4.3,0.00017,False,CVE CVE-2025-67857 affects Moodle. EPSS score 0.0002 indicates low exploitation probability. Not confirmed exploited in the wild.
CVE-2026-40403,Windows Server 2022,8.8,0.00017,False,CVE CVE-2026-40403 affects Windows Server 2022. EPSS score 0.0002 indicates low exploitation probability. Not confirmed exploited in the wild.
CVE-2026-40403,Windows 10 Pro,8.8,0.00017,False,CVE CVE-2026-40403 affects Windows 10 Pro. EPSS score 0.0002 indicates low exploitation probability. Not confirmed exploited in the wild.
CVE-2026-5918,Google Chrome,4.3,0.00017,False,CVE CVE-2026-5918 affects Google Chrome. EPSS score 0.0002 indicates low exploitation probability. Not confirmed exploited in the wild.
CVE-2026-7937,Google Chrome,3.1,0.00017,False,CVE CVE-2026-7937 affects Google Chrome. EPSS score 0.0002 indicates low exploitation probability. Not confirmed exploited in the wild.
CVE-2026-7958,Google Chrome,5.4,0.00017,False,CVE CVE-2026-7958 affects Google Chrome. EPSS score 0.0002 indicates low exploitation probability. Not confirmed exploited in the wild.
CVE-2025-12436,Google Chrome,5.9,0.00016,False,CVE CVE-2025-12436 affects Google Chrome. EPSS score 0.0002 indicates low exploitation probability. Not confirmed exploited in the wild.
CVE-2026-5899,Google Chrome,6.1,0.00016,False,CVE CVE-2026-5899 affects Google Chrome. EPSS score 0.0002 indicates low exploitation probability. Not confirmed exploited in the wild.
CVE-2026-7961,Google Chrome,4.3,0.00016,False,CVE CVE-2026-7961 affects Google Chrome. EPSS score 0.0002 indicates low exploitation probability. Not confirmed exploited in the wild.
CVE-2025-67852,Moodle,3.5,0.00015,False,CVE CVE-2025-67852 affects Moodle. EPSS score 0.0001 indicates low exploitation probability. Not confirmed exploited in the wild.
CVE-2026-5283,Google Chrome,6.5,0.00015,False,CVE CVE-2026-5283 affects Google Chrome. EPSS score 0.0001 indicates low exploitation probability. Not confirmed exploited in the wild.
CVE-2026-8005,Google Chrome,4.3,0.00015,False,CVE CVE-2026-8005 affects Google Chrome. EPSS score 0.0001 indicates low exploitation probability. Not confirmed exploited in the wild.
CVE-2026-8565,Google Chrome,4.7,0.00015,False,CVE CVE-2026-8565 affects Google Chrome. EPSS score 0.0001 indicates low exploitation probability. Not confirmed exploited in the wild.
CVE-2025-3071,Google Chrome,5.4,0.00014,False,CVE CVE-2025-3071 affects Google Chrome. EPSS score 0.0001 indicates low exploitation probability. Not confirmed exploited in the wild.
CVE-2025-1122,Google Chrome,6.7,0.00013,False,CVE CVE-2025-1122 affects Google Chrome. EPSS score 0.0001 indicates low exploitation probability. Not confirmed exploited in the wild.
CVE-2026-7351,Google Chrome,3.1,0.00013,False,CVE CVE-2026-7351 affects Google Chrome. EPSS score 0.0001 indicates low exploitation probability. Not confirmed exploited in the wild.
CVE-2025-12905,Google Chrome,5.4,0.00012,False,CVE CVE-2025-12905 affects Google Chrome. EPSS score 0.0001 indicates low exploitation probability. Not confirmed exploited in the wild.
CVE-2025-13640,Google Chrome,3.5,0.00012,False,CVE CVE-2025-13640 affects Google Chrome. EPSS score 0.0001 indicates low exploitation probability. Not confirmed exploited in the wild.
CVE-2025-67850,Moodle,7.3,0.00012,False,CVE CVE-2025-67850 affects Moodle. EPSS score 0.0001 indicates low exploitation probability. Not confirmed exploited in the wild.
CVE-2026-6297,Google Chrome,8.3,0.00012,False,CVE CVE-2026-6297 affects Google Chrome. EPSS score 0.0001 indicates low exploitation probability. Not confirmed exploited in the wild.
CVE-2026-7979,Google Chrome,4.3,0.00012,False,CVE CVE-2026-7979 affects Google Chrome. EPSS score 0.0001 indicates low exploitation probability. Not confirmed exploited in the wild.
CVE-2026-7986,Google Chrome,4.3,0.00012,False,CVE CVE-2026-7986 affects Google Chrome. EPSS score 0.0001 indicates low exploitation probability. Not confirmed exploited in the wild.
CVE-2025-20338,Cisco IOS XE,6.0,0.00011,False,CVE CVE-2025-20338 affects Cisco IOS XE. EPSS score 0.0001 indicates low exploitation probability. Not confirmed exploited in the wild.
CVE-2026-2323,Google Chrome,4.3,0.00011,False,CVE CVE-2026-2323 affects Google Chrome. EPSS score 0.0001 indicates low exploitation probability. Not confirmed exploited in the wild.
CVE-2026-4458,Google Chrome,8.8,0.00011,False,CVE CVE-2026-4458 affects Google Chrome. EPSS score 0.0001 indicates low exploitation probability. Not confirmed exploited in the wild.
CVE-2026-6298,Google Chrome,4.3,0.00011,False,CVE CVE-2026-6298 affects Google Chrome. EPSS score 0.0001 indicates low exploitation probability. Not confirmed exploited in the wild.
CVE-2026-6312,Google Chrome,3.1,0.00011,False,CVE CVE-2026-6312 affects Google Chrome. EPSS score 0.0001 indicates low exploitation probability. Not confirmed exploited in the wild.
CVE-2026-6313,Google Chrome,3.1,0.00011,False,CVE CVE-2026-6313 affects Google Chrome. EPSS score 0.0001 indicates low exploitation probability. Not confirmed exploited in the wild.
CVE-2026-3539,Google Chrome,8.8,0.0001,False,CVE CVE-2026-3539 affects Google Chrome. EPSS score 0.0001 indicates low exploitation probability. Not confirmed exploited in the wild.
CVE-2026-7990,Google Chrome,7.8,0.0001,False,CVE CVE-2026-7990 affects Google Chrome. EPSS score 0.0001 indicates low exploitation probability. Not confirmed exploited in the wild.
CVE-2026-7997,Google Chrome,7.8,0.0001,False,CVE CVE-2026-7997 affects Google Chrome. EPSS score 0.0001 indicates low exploitation probability. Not confirmed exploited in the wild.
CVE-2026-8021,Google Chrome,4.2,0.0001,False,CVE CVE-2026-8021 affects Google Chrome. EPSS score 0.0001 indicates low exploitation probability. Not confirmed exploited in the wild.
CVE-2026-7340,Google Chrome,4.3,9e-05,False,CVE CVE-2026-7340 affects Google Chrome. EPSS score 0.0001 indicates low exploitation probability. Not confirmed exploited in the wild.
CVE-2026-7941,Google Chrome,4.4,9e-05,False,CVE CVE-2026-7941 affects Google Chrome. EPSS score 0.0001 indicates low exploitation probability. Not confirmed exploited in the wild.
CVE-2025-12910,Google Chrome,6.2,8e-05,False,CVE CVE-2025-12910 affects Google Chrome. EPSS score 0.0001 indicates low exploitation probability. Not confirmed exploited in the wild.
CVE-2025-69418,OpenSSL,4.0,8e-05,False,CVE CVE-2025-69418 affects OpenSSL. EPSS score 0.0001 indicates low exploitation probability. Not confirmed exploited in the wild.
CVE-2025-67849,Moodle,7.3,7e-05,False,CVE CVE-2025-67849 affects Moodle. EPSS score 0.0001 indicates low exploitation probability. Not confirmed exploited in the wild.
CVE-2026-3063,Google Chrome,5.4,7e-05,False,CVE CVE-2026-3063 affects Google Chrome. EPSS score 0.0001 indicates low exploitation probability. Not confirmed exploited in the wild.
CVE-2026-5889,Google Chrome,4.3,7e-05,False,CVE CVE-2026-5889 affects Google Chrome. EPSS score 0.0001 indicates low exploitation probability. Not confirmed exploited in the wild.
CVE-2026-7913,Google Chrome,7.8,7e-05,False,CVE CVE-2026-7913 affects Google Chrome. EPSS score 0.0001 indicates low exploitation probability. Not confirmed exploited in the wild.
CVE-2025-11187,OpenSSL,6.1,6e-05,False,CVE CVE-2025-11187 affects OpenSSL. EPSS score 0.0001 indicates low exploitation probability. Not confirmed exploited in the wild.
CVE-2025-13634,Google Chrome,4.4,6e-05,False,CVE CVE-2025-13634 affects Google Chrome. EPSS score 0.0001 indicates low exploitation probability. Not confirmed exploited in the wild.
CVE-2025-15469,OpenSSL,5.5,6e-05,False,CVE CVE-2025-15469 affects OpenSSL. EPSS score 0.0001 indicates low exploitation probability. Not confirmed exploited in the wild.
CVE-2026-31789,OpenSSL,9.8,6e-05,False,CVE CVE-2026-31789 affects OpenSSL. EPSS score 0.0001 indicates low exploitation probability. Not confirmed exploited in the wild.
CVE-2026-7932,Google Chrome,4.4,6e-05,False,CVE CVE-2026-7932 affects Google Chrome. EPSS score 0.0001 indicates low exploitation probability. Not confirmed exploited in the wild.
CVE-2026-8586,Google Chrome,5.5,6e-05,False,CVE CVE-2026-8586 affects Google Chrome. EPSS score 0.0001 indicates low exploitation probability. Not confirmed exploited in the wild.
CVE-2025-13635,Google Chrome,4.4,5e-05,False,CVE CVE-2025-13635 affects Google Chrome. EPSS score 0.0001 indicates low exploitation probability. Not confirmed exploited in the wild.
CVE-2026-7925,Google Chrome,7.8,5e-05,False,CVE CVE-2026-7925 affects Google Chrome. EPSS score 0.0001 indicates low exploitation probability. Not confirmed exploited in the wild.
CVE-2026-7994,Google Chrome,7.8,5e-05,False,CVE CVE-2026-7994 affects Google Chrome. EPSS score 0.0001 indicates low exploitation probability. Not confirmed exploited in the wild.
CVE-2026-8022,Google Chrome,3.1,5e-05,False,CVE CVE-2026-8022 affects Google Chrome. EPSS score 0.0001 indicates low exploitation probability. Not confirmed exploited in the wild.
CVE-2026-7338,Google Chrome,7.5,4e-05,False,CVE CVE-2026-7338 affects Google Chrome. EPSS score 0.0000 indicates low exploitation probability. Not confirmed exploited in the wild.
CVE-2026-7349,Google Chrome,7.5,4e-05,False,CVE CVE-2026-7349 affects Google Chrome. EPSS score 0.0000 indicates low exploitation probability. Not confirmed exploited in the wild.
CVE-2025-12439,Google Chrome,5.5,3e-05,False,CVE CVE-2025-12439 affects Google Chrome. EPSS score 0.0000 indicates low exploitation probability. Not confirmed exploited in the wild.
CVE-2026-10000,Google Chrome,8.3,0.0,False,CVE CVE-2026-10000 affects Google Chrome. EPSS score 0.0000 indicates low exploitation probability. Not confirmed exploited in the wild.
CVE-2026-10001,Google Chrome,8.3,0.0,False,CVE CVE-2026-10001 affects Google Chrome. EPSS score 0.0000 indicates low exploitation probability. Not confirmed exploited in the wild.
CVE-2026-10002,Google Chrome,8.8,0.0,False,CVE CVE-2026-10002 affects Google Chrome. EPSS score 0.0000 indicates low exploitation probability. Not confirmed exploited in the wild.
CVE-2026-10003,Google Chrome,7.5,0.0,False,CVE CVE-2026-10003 affects Google Chrome. EPSS score 0.0000 indicates low exploitation probability. Not confirmed exploited in the wild.
CVE-2026-10004,Google Chrome,6.5,0.0,False,CVE CVE-2026-10004 affects Google Chrome. EPSS score 0.0000 indicates low exploitation probability. Not confirmed exploited in the wild.
CVE-2026-10005,Google Chrome,7.5,0.0,False,CVE CVE-2026-10005 affects Google Chrome. EPSS score 0.0000 indicates low exploitation probability. Not confirmed exploited in the wild.
CVE-2026-10006,Google Chrome,7.5,0.0,False,CVE CVE-2026-10006 affects Google Chrome. EPSS score 0.0000 indicates low exploitation probability. Not confirmed exploited in the wild.
CVE-2026-10007,Google Chrome,8.8,0.0,False,CVE CVE-2026-10007 affects Google Chrome. EPSS score 0.0000 indicates low exploitation probability. Not confirmed exploited in the wild.
CVE-2026-10008,Google Chrome,6.5,0.0,False,CVE CVE-2026-10008 affects Google Chrome. EPSS score 0.0000 indicates low exploitation probability. Not confirmed exploited in the wild.
CVE-2026-10009,Google Chrome,7.5,0.0,False,CVE CVE-2026-10009 affects Google Chrome. EPSS score 0.0000 indicates low exploitation probability. Not confirmed exploited in the wild.
CVE-2026-10010,Google Chrome,5.0,0.0,False,CVE CVE-2026-10010 affects Google Chrome. EPSS score 0.0000 indicates low exploitation probability. Not confirmed exploited in the wild.
CVE-2026-10011,Google Chrome,3.1,0.0,False,CVE CVE-2026-10011 affects Google Chrome. EPSS score 0.0000 indicates low exploitation probability. Not confirmed exploited in the wild.
CVE-2026-10012,Google Chrome,8.3,0.0,False,CVE CVE-2026-10012 affects Google Chrome. EPSS score 0.0000 indicates low exploitation probability. Not confirmed exploited in the wild.
CVE-2026-10013,Google Chrome,8.8,0.0,False,CVE CVE-2026-10013 affects Google Chrome. EPSS score 0.0000 indicates low exploitation probability. Not confirmed exploited in the wild.
CVE-2026-10014,Google Chrome,8.3,0.0,False,CVE CVE-2026-10014 affects Google Chrome. EPSS score 0.0000 indicates low exploitation probability. Not confirmed exploited in the wild.
CVE-2026-10015,Google Chrome,8.8,0.0,False,CVE CVE-2026-10015 affects Google Chrome. EPSS score 0.0000 indicates low exploitation probability. Not confirmed exploited in the wild.
CVE-2026-10016,Google Chrome,8.8,0.0,False,CVE CVE-2026-10016 affects Google Chrome. EPSS score 0.0000 indicates low exploitation probability. Not confirmed exploited in the wild.
CVE-2026-10017,Google Chrome,8.3,0.0,False,CVE CVE-2026-10017 affects Google Chrome. EPSS score 0.0000 indicates low exploitation probability. Not confirmed exploited in the wild.
CVE-2026-10018,Google Chrome,6.5,0.0,False,CVE CVE-2026-10018 affects Google Chrome. EPSS score 0.0000 indicates low exploitation probability. Not confirmed exploited in the wild.
CVE-2026-10019,Google Chrome,8.8,0.0,False,CVE CVE-2026-10019 affects Google Chrome. EPSS score 0.0000 indicates low exploitation probability. Not confirmed exploited in the wild.
CVE-2026-10020,Google Chrome,8.3,0.0,False,CVE CVE-2026-10020 affects Google Chrome. EPSS score 0.0000 indicates low exploitation probability. Not confirmed exploited in the wild.
CVE-2026-10021,Google Chrome,8.8,0.0,False,CVE CVE-2026-10021 affects Google Chrome. EPSS score 0.0000 indicates low exploitation probability. Not confirmed exploited in the wild.
CVE-2026-10022,Google Chrome,8.8,0.0,False,CVE CVE-2026-10022 affects Google Chrome. EPSS score 0.0000 indicates low exploitation probability. Not confirmed exploited in the wild.
CVE-2026-9110,Google Chrome,4.2,0.0,False,CVE CVE-2026-9110 affects Google Chrome. EPSS score 0.0000 indicates low exploitation probability. Not confirmed exploited in the wild.
CVE-2026-9111,Google Chrome,8.8,0.0,False,CVE CVE-2026-9111 affects Google Chrome. EPSS score 0.0000 indicates low exploitation probability. Not confirmed exploited in the wild.
CVE-2026-9112,Google Chrome,8.8,0.0,False,CVE CVE-2026-9112 affects Google Chrome. EPSS score 0.0000 indicates low exploitation probability. Not confirmed exploited in the wild.
CVE-2026-9113,Google Chrome,4.3,0.0,False,CVE CVE-2026-9113 affects Google Chrome. EPSS score 0.0000 indicates low exploitation probability. Not confirmed exploited in the wild.
CVE-2026-9114,Google Chrome,8.8,0.0,False,CVE CVE-2026-9114 affects Google Chrome. EPSS score 0.0000 indicates low exploitation probability. Not confirmed exploited in the wild.
CVE-2026-9115,Google Chrome,4.3,0.0,False,CVE CVE-2026-9115 affects Google Chrome. EPSS score 0.0000 indicates low exploitation probability. Not confirmed exploited in the wild.
CVE-2026-9116,Google Chrome,4.3,0.0,False,CVE CVE-2026-9116 affects Google Chrome. EPSS score 0.0000 indicates low exploitation probability. Not confirmed exploited in the wild.
CVE-2026-9117,Google Chrome,7.5,0.0,False,CVE CVE-2026-9117 affects Google Chrome. EPSS score 0.0000 indicates low exploitation probability. Not confirmed exploited in the wild.
CVE-2026-9118,Google Chrome,8.8,0.0,False,CVE CVE-2026-9118 affects Google Chrome. EPSS score 0.0000 indicates low exploitation probability. Not confirmed exploited in the wild.
CVE-2026-9119,Google Chrome,8.8,0.0,False,CVE CVE-2026-9119 affects Google Chrome. EPSS score 0.0000 indicates low exploitation probability. Not confirmed exploited in the wild.
CVE-2026-9120,Google Chrome,8.8,0.0,False,CVE CVE-2026-9120 affects Google Chrome. EPSS score 0.0000 indicates low exploitation probability. Not confirmed exploited in the wild.
CVE-2026-9121,Google Chrome,8.8,0.0,False,CVE CVE-2026-9121 affects Google Chrome. EPSS score 0.0000 indicates low exploitation probability. Not confirmed exploited in the wild.
CVE-2026-9122,Google Chrome,6.5,0.0,False,CVE CVE-2026-9122 affects Google Chrome. EPSS score 0.0000 indicates low exploitation probability. Not confirmed exploited in the wild.
CVE-2026-9123,Google Chrome,7.5,0.0,False,CVE CVE-2026-9123 affects Google Chrome. EPSS score 0.0000 indicates low exploitation probability. Not confirmed exploited in the wild.
CVE-2026-9124,Google Chrome,5.3,0.0,False,CVE CVE-2026-9124 affects Google Chrome. EPSS score 0.0000 indicates low exploitation probability. Not confirmed exploited in the wild.
CVE-2026-9126,Google Chrome,8.8,0.0,False,CVE CVE-2026-9126 affects Google Chrome. EPSS score 0.0000 indicates low exploitation probability. Not confirmed exploited in the wild.
CVE-2026-9872,Google Chrome,9.6,0.0,False,CVE CVE-2026-9872 affects Google Chrome. EPSS score 0.0000 indicates low exploitation probability. Not confirmed exploited in the wild.
CVE-2026-9873,Google Chrome,8.8,0.0,False,CVE CVE-2026-9873 affects Google Chrome. EPSS score 0.0000 indicates low exploitation probability. Not confirmed exploited in the wild.
CVE-2026-9874,Google Chrome,9.6,0.0,False,CVE CVE-2026-9874 affects Google Chrome. EPSS score 0.0000 indicates low exploitation probability. Not confirmed exploited in the wild.
CVE-2026-9875,Google Chrome,9.6,0.0,False,CVE CVE-2026-9875 affects Google Chrome. EPSS score 0.0000 indicates low exploitation probability. Not confirmed exploited in the wild.
CVE-2026-9876,Google Chrome,9.6,0.0,False,CVE CVE-2026-9876 affects Google Chrome. EPSS score 0.0000 indicates low exploitation probability. Not confirmed exploited in the wild.
CVE-2026-9877,Google Chrome,8.3,0.0,False,CVE CVE-2026-9877 affects Google Chrome. EPSS score 0.0000 indicates low exploitation probability. Not confirmed exploited in the wild.
CVE-2026-9878,Google Chrome,8.8,0.0,False,CVE CVE-2026-9878 affects Google Chrome. EPSS score 0.0000 indicates low exploitation probability. Not confirmed exploited in the wild.
CVE-2026-9879,Google Chrome,8.8,0.0,False,CVE CVE-2026-9879 affects Google Chrome. EPSS score 0.0000 indicates low exploitation probability. Not confirmed exploited in the wild.
CVE-2026-9880,Google Chrome,8.3,0.0,False,CVE CVE-2026-9880 affects Google Chrome. EPSS score 0.0000 indicates low exploitation probability. Not confirmed exploited in the wild.
CVE-2026-9881,Google Chrome,9.0,0.0,False,CVE CVE-2026-9881 affects Google Chrome. EPSS score 0.0000 indicates low exploitation probability. Not confirmed exploited in the wild.
CVE-2026-9882,Google Chrome,6.5,0.0,False,CVE CVE-2026-9882 affects Google Chrome. EPSS score 0.0000 indicates low exploitation probability. Not confirmed exploited in the wild.
CVE-2026-9883,Google Chrome,8.8,0.0,False,CVE CVE-2026-9883 affects Google Chrome. EPSS score 0.0000 indicates low exploitation probability. Not confirmed exploited in the wild.
CVE-2026-9884,Google Chrome,8.8,0.0,False,CVE CVE-2026-9884 affects Google Chrome. EPSS score 0.0000 indicates low exploitation probability. Not confirmed exploited in the wild.
CVE-2026-9885,Google Chrome,8.3,0.0,False,CVE CVE-2026-9885 affects Google Chrome. EPSS score 0.0000 indicates low exploitation probability. Not confirmed exploited in the wild.
CVE-2026-9886,Google Chrome,9.6,0.0,False,CVE CVE-2026-9886 affects Google Chrome. EPSS score 0.0000 indicates low exploitation probability. Not confirmed exploited in the wild.
CVE-2026-9887,Google Chrome,8.8,0.0,False,CVE CVE-2026-9887 affects Google Chrome. EPSS score 0.0000 indicates low exploitation probability. Not confirmed exploited in the wild.
CVE-2026-9888,Google Chrome,8.3,0.0,False,CVE CVE-2026-9888 affects Google Chrome. EPSS score 0.0000 indicates low exploitation probability. Not confirmed exploited in the wild.
CVE-2026-9889,Google Chrome,8.3,0.0,False,CVE CVE-2026-9889 affects Google Chrome. EPSS score 0.0000 indicates low exploitation probability. Not confirmed exploited in the wild.
CVE-2026-9890,Google Chrome,8.3,0.0,False,CVE CVE-2026-9890 affects Google Chrome. EPSS score 0.0000 indicates low exploitation probability. Not confirmed exploited in the wild.
CVE-2026-9891,Google Chrome,9.0,0.0,False,CVE CVE-2026-9891 affects Google Chrome. EPSS score 0.0000 indicates low exploitation probability. Not confirmed exploited in the wild.
CVE-2026-9892,Google Chrome,8.3,0.0,False,CVE CVE-2026-9892 affects Google Chrome. EPSS score 0.0000 indicates low exploitation probability. Not confirmed exploited in the wild.
CVE-2026-9893,Google Chrome,8.3,0.0,False,CVE CVE-2026-9893 affects Google Chrome. EPSS score 0.0000 indicates low exploitation probability. Not confirmed exploited in the wild.
CVE-2026-9894,Google Chrome,8.3,0.0,False,CVE CVE-2026-9894 affects Google Chrome. EPSS score 0.0000 indicates low exploitation probability. Not confirmed exploited in the wild.
CVE-2026-9895,Google Chrome,8.3,0.0,False,CVE CVE-2026-9895 affects Google Chrome. EPSS score 0.0000 indicates low exploitation probability. Not confirmed exploited in the wild.
CVE-2026-9896,Google Chrome,8.8,0.0,False,CVE CVE-2026-9896 affects Google Chrome. EPSS score 0.0000 indicates low exploitation probability. Not confirmed exploited in the wild.
CVE-2026-9897,Google Chrome,8.8,0.0,False,CVE CVE-2026-9897 affects Google Chrome. EPSS score 0.0000 indicates low exploitation probability. Not confirmed exploited in the wild.
CVE-2026-9898,Google Chrome,8.3,0.0,False,CVE CVE-2026-9898 affects Google Chrome. EPSS score 0.0000 indicates low exploitation probability. Not confirmed exploited in the wild.
CVE-2026-9899,Google Chrome,8.3,0.0,False,CVE CVE-2026-9899 affects Google Chrome. EPSS score 0.0000 indicates low exploitation probability. Not confirmed exploited in the wild.
CVE-2026-9900,Google Chrome,8.3,0.0,False,CVE CVE-2026-9900 affects Google Chrome. EPSS score 0.0000 indicates low exploitation probability. Not confirmed exploited in the wild.
CVE-2026-9901,Google Chrome,7.5,0.0,False,CVE CVE-2026-9901 affects Google Chrome. EPSS score 0.0000 indicates low exploitation probability. Not confirmed exploited in the wild.
CVE-2026-9902,Google Chrome,8.3,0.0,False,CVE CVE-2026-9902 affects Google Chrome. EPSS score 0.0000 indicates low exploitation probability. Not confirmed exploited in the wild.
CVE-2026-9903,Google Chrome,5.0,0.0,False,CVE CVE-2026-9903 affects Google Chrome. EPSS score 0.0000 indicates low exploitation probability. Not confirmed exploited in the wild.
CVE-2026-9904,Google Chrome,8.3,0.0,False,CVE CVE-2026-9904 affects Google Chrome. EPSS score 0.0000 indicates low exploitation probability. Not confirmed exploited in the wild.
CVE-2026-9905,Google Chrome,8.3,0.0,False,CVE CVE-2026-9905 affects Google Chrome. EPSS score 0.0000 indicates low exploitation probability. Not confirmed exploited in the wild.
CVE-2026-9906,Google Chrome,8.3,0.0,False,CVE CVE-2026-9906 affects Google Chrome. EPSS score 0.0000 indicates low exploitation probability. Not confirmed exploited in the wild.
CVE-2026-9907,Google Chrome,4.3,0.0,False,CVE CVE-2026-9907 affects Google Chrome. EPSS score 0.0000 indicates low exploitation probability. Not confirmed exploited in the wild.
CVE-2026-9908,Google Chrome,6.5,0.0,False,CVE CVE-2026-9908 affects Google Chrome. EPSS score 0.0000 indicates low exploitation probability. Not confirmed exploited in the wild.
CVE-2026-9909,Google Chrome,7.5,0.0,False,CVE CVE-2026-9909 affects Google Chrome. EPSS score 0.0000 indicates low exploitation probability. Not confirmed exploited in the wild.
CVE-2026-9910,Google Chrome,8.8,0.0,False,CVE CVE-2026-9910 affects Google Chrome. EPSS score 0.0000 indicates low exploitation probability. Not confirmed exploited in the wild.
CVE-2026-9911,Google Chrome,4.3,0.0,False,CVE CVE-2026-9911 affects Google Chrome. EPSS score 0.0000 indicates low exploitation probability. Not confirmed exploited in the wild.
CVE-2026-9912,Google Chrome,6.5,0.0,False,CVE CVE-2026-9912 affects Google Chrome. EPSS score 0.0000 indicates low exploitation probability. Not confirmed exploited in the wild.
CVE-2026-9913,Google Chrome,4.3,0.0,False,CVE CVE-2026-9913 affects Google Chrome. EPSS score 0.0000 indicates low exploitation probability. Not confirmed exploited in the wild.
CVE-2026-9914,Google Chrome,8.3,0.0,False,CVE CVE-2026-9914 affects Google Chrome. EPSS score 0.0000 indicates low exploitation probability. Not confirmed exploited in the wild.
CVE-2026-9915,Google Chrome,8.3,0.0,False,CVE CVE-2026-9915 affects Google Chrome. EPSS score 0.0000 indicates low exploitation probability. Not confirmed exploited in the wild.
CVE-2026-9916,Google Chrome,8.3,0.0,False,CVE CVE-2026-9916 affects Google Chrome. EPSS score 0.0000 indicates low exploitation probability. Not confirmed exploited in the wild.
CVE-2026-9917,Google Chrome,6.5,0.0,False,CVE CVE-2026-9917 affects Google Chrome. EPSS score 0.0000 indicates low exploitation probability. Not confirmed exploited in the wild.
CVE-2026-9918,Google Chrome,9.6,0.0,False,CVE CVE-2026-9918 affects Google Chrome. EPSS score 0.0000 indicates low exploitation probability. Not confirmed exploited in the wild.
CVE-2026-9919,Google Chrome,4.3,0.0,False,CVE CVE-2026-9919 affects Google Chrome. EPSS score 0.0000 indicates low exploitation probability. Not confirmed exploited in the wild.
CVE-2026-9920,Google Chrome,3.1,0.0,False,CVE CVE-2026-9920 affects Google Chrome. EPSS score 0.0000 indicates low exploitation probability. Not confirmed exploited in the wild.
CVE-2026-9921,Google Chrome,4.3,0.0,False,CVE CVE-2026-9921 affects Google Chrome. EPSS score 0.0000 indicates low exploitation probability. Not confirmed exploited in the wild.
CVE-2026-9922,Google Chrome,7.5,0.0,False,CVE CVE-2026-9922 affects Google Chrome. EPSS score 0.0000 indicates low exploitation probability. Not confirmed exploited in the wild.
CVE-2026-9923,Google Chrome,8.8,0.0,False,CVE CVE-2026-9923 affects Google Chrome. EPSS score 0.0000 indicates low exploitation probability. Not confirmed exploited in the wild.
CVE-2026-9924,Google Chrome,8.3,0.0,False,CVE CVE-2026-9924 affects Google Chrome. EPSS score 0.0000 indicates low exploitation probability. Not confirmed exploited in the wild.
CVE-2026-9925,Google Chrome,8.3,0.0,False,CVE CVE-2026-9925 affects Google Chrome. EPSS score 0.0000 indicates low exploitation probability. Not confirmed exploited in the wild.
CVE-2026-9926,Google Chrome,8.3,0.0,False,CVE CVE-2026-9926 affects Google Chrome. EPSS score 0.0000 indicates low exploitation probability. Not confirmed exploited in the wild.
CVE-2026-9927,Google Chrome,8.8,0.0,False,CVE CVE-2026-9927 affects Google Chrome. EPSS score 0.0000 indicates low exploitation probability. Not confirmed exploited in the wild.
CVE-2026-9928,Google Chrome,8.8,0.0,False,CVE CVE-2026-9928 affects Google Chrome. EPSS score 0.0000 indicates low exploitation probability. Not confirmed exploited in the wild.
CVE-2026-9929,Google Chrome,4.3,0.0,False,CVE CVE-2026-9929 affects Google Chrome. EPSS score 0.0000 indicates low exploitation probability. Not confirmed exploited in the wild.
CVE-2026-9930,Google Chrome,4.3,0.0,False,CVE CVE-2026-9930 affects Google Chrome. EPSS score 0.0000 indicates low exploitation probability. Not confirmed exploited in the wild.
CVE-2026-9931,Google Chrome,8.3,0.0,False,CVE CVE-2026-9931 affects Google Chrome. EPSS score 0.0000 indicates low exploitation probability. Not confirmed exploited in the wild.
CVE-2026-9932,Google Chrome,8.3,0.0,False,CVE CVE-2026-9932 affects Google Chrome. EPSS score 0.0000 indicates low exploitation probability. Not confirmed exploited in the wild.
CVE-2026-9933,Google Chrome,7.5,0.0,False,CVE CVE-2026-9933 affects Google Chrome. EPSS score 0.0000 indicates low exploitation probability. Not confirmed exploited in the wild.
CVE-2026-9934,Google Chrome,7.5,0.0,False,CVE CVE-2026-9934 affects Google Chrome. EPSS score 0.0000 indicates low exploitation probability. Not confirmed exploited in the wild.
CVE-2026-9935,Google Chrome,4.3,0.0,False,CVE CVE-2026-9935 affects Google Chrome. EPSS score 0.0000 indicates low exploitation probability. Not confirmed exploited in the wild.
CVE-2026-9936,Google Chrome,8.3,0.0,False,CVE CVE-2026-9936 affects Google Chrome. EPSS score 0.0000 indicates low exploitation probability. Not confirmed exploited in the wild.
CVE-2026-9937,Google Chrome,8.3,0.0,False,CVE CVE-2026-9937 affects Google Chrome. EPSS score 0.0000 indicates low exploitation probability. Not confirmed exploited in the wild.
CVE-2026-9938,Google Chrome,8.8,0.0,False,CVE CVE-2026-9938 affects Google Chrome. EPSS score 0.0000 indicates low exploitation probability. Not confirmed exploited in the wild.
CVE-2026-9939,Google Chrome,8.8,0.0,False,CVE CVE-2026-9939 affects Google Chrome. EPSS score 0.0000 indicates low exploitation probability. Not confirmed exploited in the wild.
CVE-2026-9940,Google Chrome,8.8,0.0,False,CVE CVE-2026-9940 affects Google Chrome. EPSS score 0.0000 indicates low exploitation probability. Not confirmed exploited in the wild.
CVE-2026-9941,Google Chrome,8.8,0.0,False,CVE CVE-2026-9941 affects Google Chrome. EPSS score 0.0000 indicates low exploitation probability. Not confirmed exploited in the wild.
CVE-2026-9942,Google Chrome,5.0,0.0,False,CVE CVE-2026-9942 affects Google Chrome. EPSS score 0.0000 indicates low exploitation probability. Not confirmed exploited in the wild.
CVE-2026-9943,Google Chrome,4.3,0.0,False,CVE CVE-2026-9943 affects Google Chrome. EPSS score 0.0000 indicates low exploitation probability. Not confirmed exploited in the wild.
CVE-2026-9944,Google Chrome,3.1,0.0,False,CVE CVE-2026-9944 affects Google Chrome. EPSS score 0.0000 indicates low exploitation probability. Not confirmed exploited in the wild.
CVE-2026-9945,Google Chrome,8.8,0.0,False,CVE CVE-2026-9945 affects Google Chrome. EPSS score 0.0000 indicates low exploitation probability. Not confirmed exploited in the wild.
CVE-2026-9946,Google Chrome,8.3,0.0,False,CVE CVE-2026-9946 affects Google Chrome. EPSS score 0.0000 indicates low exploitation probability. Not confirmed exploited in the wild.
CVE-2026-9947,Google Chrome,8.8,0.0,False,CVE CVE-2026-9947 affects Google Chrome. EPSS score 0.0000 indicates low exploitation probability. Not confirmed exploited in the wild.
CVE-2026-9948,Google Chrome,8.3,0.0,False,CVE CVE-2026-9948 affects Google Chrome. EPSS score 0.0000 indicates low exploitation probability. Not confirmed exploited in the wild.
CVE-2026-9949,Google Chrome,8.3,0.0,False,CVE CVE-2026-9949 affects Google Chrome. EPSS score 0.0000 indicates low exploitation probability. Not confirmed exploited in the wild.
CVE-2026-9950,Google Chrome,3.1,0.0,False,CVE CVE-2026-9950 affects Google Chrome. EPSS score 0.0000 indicates low exploitation probability. Not confirmed exploited in the wild.
CVE-2026-9951,Google Chrome,8.3,0.0,False,CVE CVE-2026-9951 affects Google Chrome. EPSS score 0.0000 indicates low exploitation probability. Not confirmed exploited in the wild.
CVE-2026-9952,Google Chrome,8.8,0.0,False,CVE CVE-2026-9952 affects Google Chrome. EPSS score 0.0000 indicates low exploitation probability. Not confirmed exploited in the wild.
CVE-2026-9953,Google Chrome,6.5,0.0,False,CVE CVE-2026-9953 affects Google Chrome. EPSS score 0.0000 indicates low exploitation probability. Not confirmed exploited in the wild.
CVE-2026-9954,Google Chrome,7.5,0.0,False,CVE CVE-2026-9954 affects Google Chrome. EPSS score 0.0000 indicates low exploitation probability. Not confirmed exploited in the wild.
CVE-2026-9955,Google Chrome,4.3,0.0,False,CVE CVE-2026-9955 affects Google Chrome. EPSS score 0.0000 indicates low exploitation probability. Not confirmed exploited in the wild.
CVE-2026-9956,Google Chrome,7.5,0.0,False,CVE CVE-2026-9956 affects Google Chrome. EPSS score 0.0000 indicates low exploitation probability. Not confirmed exploited in the wild.
CVE-2026-9957,Google Chrome,8.8,0.0,False,CVE CVE-2026-9957 affects Google Chrome. EPSS score 0.0000 indicates low exploitation probability. Not confirmed exploited in the wild.
CVE-2026-9958,Google Chrome,8.8,0.0,False,CVE CVE-2026-9958 affects Google Chrome. EPSS score 0.0000 indicates low exploitation probability. Not confirmed exploited in the wild.
CVE-2026-9959,Google Chrome,3.1,0.0,False,CVE CVE-2026-9959 affects Google Chrome. EPSS score 0.0000 indicates low exploitation probability. Not confirmed exploited in the wild.
CVE-2026-9960,Google Chrome,7.5,0.0,False,CVE CVE-2026-9960 affects Google Chrome. EPSS score 0.0000 indicates low exploitation probability. Not confirmed exploited in the wild.
CVE-2026-9961,Google Chrome,8.8,0.0,False,CVE CVE-2026-9961 affects Google Chrome. EPSS score 0.0000 indicates low exploitation probability. Not confirmed exploited in the wild.
CVE-2026-9962,Google Chrome,8.8,0.0,False,CVE CVE-2026-9962 affects Google Chrome. EPSS score 0.0000 indicates low exploitation probability. Not confirmed exploited in the wild.
CVE-2026-9963,Google Chrome,7.5,0.0,False,CVE CVE-2026-9963 affects Google Chrome. EPSS score 0.0000 indicates low exploitation probability. Not confirmed exploited in the wild.
CVE-2026-9964,Google Chrome,8.1,0.0,False,CVE CVE-2026-9964 affects Google Chrome. EPSS score 0.0000 indicates low exploitation probability. Not confirmed exploited in the wild.
CVE-2026-9965,Google Chrome,8.8,0.0,False,CVE CVE-2026-9965 affects Google Chrome. EPSS score 0.0000 indicates low exploitation probability. Not confirmed exploited in the wild.
CVE-2026-9966,Google Chrome,8.3,0.0,False,CVE CVE-2026-9966 affects Google Chrome. EPSS score 0.0000 indicates low exploitation probability. Not confirmed exploited in the wild.
CVE-2026-9967,Google Chrome,9.6,0.0,False,CVE CVE-2026-9967 affects Google Chrome. EPSS score 0.0000 indicates low exploitation probability. Not confirmed exploited in the wild.
CVE-2026-9968,Google Chrome,8.8,0.0,False,CVE CVE-2026-9968 affects Google Chrome. EPSS score 0.0000 indicates low exploitation probability. Not confirmed exploited in the wild.
CVE-2026-9969,Google Chrome,8.8,0.0,False,CVE CVE-2026-9969 affects Google Chrome. EPSS score 0.0000 indicates low exploitation probability. Not confirmed exploited in the wild.
CVE-2026-9970,Google Chrome,8.3,0.0,False,CVE CVE-2026-9970 affects Google Chrome. EPSS score 0.0000 indicates low exploitation probability. Not confirmed exploited in the wild.
CVE-2026-9971,Google Chrome,5.4,0.0,False,CVE CVE-2026-9971 affects Google Chrome. EPSS score 0.0000 indicates low exploitation probability. Not confirmed exploited in the wild.
CVE-2026-9972,Google Chrome,8.3,0.0,False,CVE CVE-2026-9972 affects Google Chrome. EPSS score 0.0000 indicates low exploitation probability. Not confirmed exploited in the wild.
CVE-2026-9973,Google Chrome,8.8,0.0,False,CVE CVE-2026-9973 affects Google Chrome. EPSS score 0.0000 indicates low exploitation probability. Not confirmed exploited in the wild.
CVE-2026-9974,Google Chrome,8.3,0.0,False,CVE CVE-2026-9974 affects Google Chrome. EPSS score 0.0000 indicates low exploitation probability. Not confirmed exploited in the wild.
CVE-2026-9975,Google Chrome,8.3,0.0,False,CVE CVE-2026-9975 affects Google Chrome. EPSS score 0.0000 indicates low exploitation probability. Not confirmed exploited in the wild.
CVE-2026-9976,Google Chrome,8.8,0.0,False,CVE CVE-2026-9976 affects Google Chrome. EPSS score 0.0000 indicates low exploitation probability. Not confirmed exploited in the wild.
CVE-2026-9977,Google Chrome,8.3,0.0,False,CVE CVE-2026-9977 affects Google Chrome. EPSS score 0.0000 indicates low exploitation probability. Not confirmed exploited in the wild.
CVE-2026-9978,Google Chrome,8.8,0.0,False,CVE CVE-2026-9978 affects Google Chrome. EPSS score 0.0000 indicates low exploitation probability. Not confirmed exploited in the wild.
CVE-2026-9979,Google Chrome,5.0,0.0,False,CVE CVE-2026-9979 affects Google Chrome. EPSS score 0.0000 indicates low exploitation probability. Not confirmed exploited in the wild.
CVE-2026-9980,Google Chrome,5.0,0.0,False,CVE CVE-2026-9980 affects Google Chrome. EPSS score 0.0000 indicates low exploitation probability. Not confirmed exploited in the wild.
CVE-2026-9981,Google Chrome,6.5,0.0,False,CVE CVE-2026-9981 affects Google Chrome. EPSS score 0.0000 indicates low exploitation probability. Not confirmed exploited in the wild.
CVE-2026-9982,Google Chrome,8.3,0.0,False,CVE CVE-2026-9982 affects Google Chrome. EPSS score 0.0000 indicates low exploitation probability. Not confirmed exploited in the wild.
CVE-2026-9983,Google Chrome,8.8,0.0,False,CVE CVE-2026-9983 affects Google Chrome. EPSS score 0.0000 indicates low exploitation probability. Not confirmed exploited in the wild.
CVE-2026-9984,Google Chrome,8.8,0.0,False,CVE CVE-2026-9984 affects Google Chrome. EPSS score 0.0000 indicates low exploitation probability. Not confirmed exploited in the wild.
CVE-2026-9985,Google Chrome,5.3,0.0,False,CVE CVE-2026-9985 affects Google Chrome. EPSS score 0.0000 indicates low exploitation probability. Not confirmed exploited in the wild.
CVE-2026-9986,Google Chrome,4.2,0.0,False,CVE CVE-2026-9986 affects Google Chrome. EPSS score 0.0000 indicates low exploitation probability. Not confirmed exploited in the wild.
CVE-2026-9987,Google Chrome,7.8,0.0,False,CVE CVE-2026-9987 affects Google Chrome. EPSS score 0.0000 indicates low exploitation probability. Not confirmed exploited in the wild.
CVE-2026-9988,Google Chrome,8.3,0.0,False,CVE CVE-2026-9988 affects Google Chrome. EPSS score 0.0000 indicates low exploitation probability. Not confirmed exploited in the wild.
CVE-2026-9989,Google Chrome,6.3,0.0,False,CVE CVE-2026-9989 affects Google Chrome. EPSS score 0.0000 indicates low exploitation probability. Not confirmed exploited in the wild.
CVE-2026-9990,Google Chrome,7.5,0.0,False,CVE CVE-2026-9990 affects Google Chrome. EPSS score 0.0000 indicates low exploitation probability. Not confirmed exploited in the wild.
CVE-2026-9991,Google Chrome,3.1,0.0,False,CVE CVE-2026-9991 affects Google Chrome. EPSS score 0.0000 indicates low exploitation probability. Not confirmed exploited in the wild.
CVE-2026-9992,Google Chrome,8.8,0.0,False,CVE CVE-2026-9992 affects Google Chrome. EPSS score 0.0000 indicates low exploitation probability. Not confirmed exploited in the wild.
CVE-2026-9993,Google Chrome,8.3,0.0,False,CVE CVE-2026-9993 affects Google Chrome. EPSS score 0.0000 indicates low exploitation probability. Not confirmed exploited in the wild.
CVE-2026-9994,Google Chrome,8.3,0.0,False,CVE CVE-2026-9994 affects Google Chrome. EPSS score 0.0000 indicates low exploitation probability. Not confirmed exploited in the wild.
CVE-2026-9995,Google Chrome,8.8,0.0,False,CVE CVE-2026-9995 affects Google Chrome. EPSS score 0.0000 indicates low exploitation probability. Not confirmed exploited in the wild.
CVE-2026-9996,Google Chrome,6.5,0.0,False,CVE CVE-2026-9996 affects Google Chrome. EPSS score 0.0000 indicates low exploitation probability. Not confirmed exploited in the wild.
CVE-2026-9997,Google Chrome,8.3,0.0,False,CVE CVE-2026-9997 affects Google Chrome. EPSS score 0.0000 indicates low exploitation probability. Not confirmed exploited in the wild.
CVE-2026-9998,Google Chrome,8.3,0.0,False,CVE CVE-2026-9998 affects Google Chrome. EPSS score 0.0000 indicates low exploitation probability. Not confirmed exploited in the wild.
CVE-2026-9999,Google Chrome,8.8,0.0,False,CVE CVE-2026-9999 affects Google Chrome. EPSS score 0.0000 indicates low exploitation probability. Not confirmed exploited in the wild.
